timestamp,load_1min,load_5min,cpu_pct_approx,mem_used_mb,mem_total_mb,swap_used_mb,swap_total_mb,cpu_temp_c,throttled
2026-08-24T06:06:18.607656+00:00,0.01,0.05,0.1,6123.2,16218.9,0.0,0.0,41.1,0xe0000
2026-08-24T06:06:28.612010+00:00,0.0,0.05,0.1,6123.0,16218.9,0.0,0.0,40.0,0xe0000
2026-08-24T06:06:38.616243+00:00,0.0,0.04,0.1,6134.4,16218.9,0.0,0.0,40.6,0xe0000
2026-08-24T06:06:48.620493+00:00,0.0,0.04,0.1,6122.8,16218.9,0.0,0.0,40.6,0xe0000
2026-08-24T06:06:58.627050+00:00,0.0,0.04,0.0,6116.7,16218.9,0.0,0.0,39.5,0xe0000
2026-08-24T06:07:08.631328+00:00,0.0,0.04,0.0,6116.9,16218.9,0.0,0.0,40.6,0xe0000
2026-08-24T06:07:18.637113+00:00,0.08,0.05,2.0,6257.8,16218.9,0.0,0.0,41.7,0xe0000
2026-08-24T06:07:28.640857+00:00,0.22,0.08,5.5,6677.6,16218.9,0.0,0.0,42.8,0xe0000
2026-08-24T06:07:38.651546+00:00,0.8,0.21,20.1,8010.8,16218.9,0.0,0.0,47.2,0xe0000
2026-08-24T06:07:48.659120+00:00,1.29,0.34,32.4,8007.5,16218.9,0.0,0.0,51.0,0xe0000
2026-08-24T06:07:58.664608+00:00,1.71,0.46,42.8,7946.0,16218.9,0.0,0.0,52.7,0xe0000
2026-08-24T06:08:08.670906+00:00,2.14,0.59,53.4,7928.3,16218.9,0.0,0.0,53.2,0xe0000
2026-08-24T06:08:18.679304+00:00,2.42,0.71,60.6,7936.0,16218.9,0.0,0.0,54.3,0xe0000
2026-08-24T06:08:28.689975+00:00,2.67,0.81,66.7,7933.9,16218.9,0.0,0.0,53.8,0xe0000
2026-08-24T06:08:38.697543+00:00,2.95,0.94,73.6,7958.2,16218.9,0.0,0.0,54.9,0xe0000
2026-08-24T06:08:48.702810+00:00,3.11,1.04,77.7,7961.7,16218.9,0.0,0.0,56.0,0xe0000
2026-08-24T06:08:58.709479+00:00,3.25,1.14,81.2,7954.9,16218.9,0.0,0.0,56.0,0xe0000
2026-08-24T06:09:08.714534+00:00,3.36,1.23,84.1,7979.7,16218.9,0.0,0.0,54.9,0xe0000
2026-08-24T06:09:18.720851+00:00,3.53,1.34,88.4,8010.5,16218.9,0.0,0.0,56.0,0xe0000
2026-08-24T06:09:28.728389+00:00,3.61,1.43,90.2,8007.4,16218.9,0.0,0.0,57.1,0xe0000
2026-08-24T06:09:38.735048+00:00,3.67,1.51,91.7,8015.9,16218.9,0.0,0.0,57.1,0xe0000
2026-08-24T06:09:48.739480+00:00,3.8,1.61,95.0,8030.1,16218.9,0.0,0.0,56.5,0xe0000
2026-08-24T06:09:58.749478+00:00,3.9,1.71,97.6,8031.0,16218.9,0.0,0.0,57.6,0xe0000
2026-08-24T06:10:08.755278+00:00,3.92,1.78,98.0,8030.8,16218.9,0.0,0.0,57.6,0xe0000
2026-08-24T06:10:18.761059+00:00,4.01,1.87,100.3,8029.4,16218.9,0.0,0.0,58.2,0xe0000
2026-08-24T06:10:28.770971+00:00,4.01,1.94,100.3,8030.7,16218.9,0.0,0.0,57.6,0xe0000
2026-08-24T06:10:38.778744+00:00,4.01,2.01,100.2,8028.4,16218.9,0.0,0.0,57.6,0xe0000
2026-08-24T06:10:48.787316+00:00,4.01,2.08,100.2,8026.9,16218.9,0.0,0.0,57.6,0xe0000
2026-08-24T06:10:58.797328+00:00,4.01,2.14,100.1,8028.4,16218.9,0.0,0.0,58.7,0xe0000
2026-08-24T06:11:08.802706+00:00,4.08,2.22,102.1,8026.6,16218.9,0.0,0.0,58.2,0xe0000
2026-08-24T06:11:18.809335+00:00,4.07,2.28,101.8,8029.6,16218.9,0.0,0.0,58.2,0xe0000
2026-08-24T06:11:28.815564+00:00,4.06,2.34,101.5,8018.3,16218.9,0.0,0.0,57.6,0xe0000
2026-08-24T06:11:38.821058+00:00,4.05,2.39,101.3,8018.3,16218.9,0.0,0.0,59.3,0xe0000
2026-08-24T06:11:48.828609+00:00,4.12,2.46,103.1,8016.1,16218.9,0.0,0.0,59.3,0xe0000
2026-08-24T06:11:58.836717+00:00,4.11,2.49,102.8,8008.2,16218.9,0.0,0.0,59.3,0xe0000
2026-08-24T06:12:08.842103+00:00,4.18,2.55,104.4,8009.6,16218.9,0.0,0.0,58.2,0xe0000
2026-08-24T06:12:18.848662+00:00,4.15,2.6,103.7,7990.7,16218.9,0.0,0.0,59.3,0xe0000
2026-08-24T06:12:28.855131+00:00,4.12,2.65,103.1,7987.3,16218.9,0.0,0.0,58.7,0xe0000
2026-08-24T06:12:38.863988+00:00,4.11,2.69,102.6,7985.2,16218.9,0.0,0.0,59.8,0xe0000
2026-08-24T06:12:48.870212+00:00,4.16,2.75,104.1,7986.2,16218.9,0.0,0.0,60.9,0xe0000
2026-08-24T06:12:58.876887+00:00,4.14,2.8,103.4,7987.9,16218.9,0.0,0.0,60.4,0xe0000
2026-08-24T06:13:08.881985+00:00,4.12,2.84,102.9,7981.8,16218.9,0.0,0.0,59.8,0xe0000
2026-08-24T06:13:18.887099+00:00,4.1,2.87,102.4,7988.1,16218.9,0.0,0.0,60.4,0xe0000
2026-08-24T06:13:28.893515+00:00,4.08,2.91,102.1,7994.2,16218.9,0.0,0.0,60.9,0xe0000
2026-08-24T06:13:38.898926+00:00,4.07,2.95,101.7,7988.7,16218.9,0.0,0.0,61.5,0xe0000
2026-08-24T06:13:48.905394+00:00,4.06,2.98,101.4,8017.0,16218.9,0.0,0.0,60.4,0xe0000
2026-08-24T06:13:58.910510+00:00,4.05,3.02,101.2,8015.3,16218.9,0.0,0.0,61.5,0xe0000
2026-08-24T06:14:08.915549+00:00,4.04,3.05,101.0,8017.8,16218.9,0.0,0.0,61.5,0xe0000
2026-08-24T06:14:18.920653+00:00,4.03,3.08,100.8,8005.5,16218.9,0.0,0.0,60.4,0xe0000
2026-08-24T06:14:28.926006+00:00,4.1,3.13,102.6,8004.0,16218.9,0.0,0.0,62.6,0xe0000
2026-08-24T06:14:38.932402+00:00,4.09,3.16,102.1,8003.7,16218.9,0.0,0.0,61.5,0xe0000
2026-08-24T06:14:48.941435+00:00,4.07,3.19,101.8,8008.2,16218.9,0.0,0.0,62.0,0xe0000
2026-08-24T06:14:58.948663+00:00,4.06,3.21,101.5,8005.7,16218.9,0.0,0.0,62.0,0xe0000
2026-08-24T06:15:08.953660+00:00,4.05,3.24,101.3,8008.6,16218.9,0.0,0.0,62.0,0xe0000
2026-08-24T06:15:18.961110+00:00,4.12,3.28,102.9,8013.8,16218.9,0.0,0.0,62.0,0xe0000
2026-08-24T06:15:28.966208+00:00,4.1,3.31,102.5,8008.9,16218.9,0.0,0.0,62.0,0xe0000
2026-08-24T06:15:38.976531+00:00,4.08,3.33,102.1,8006.6,16218.9,0.0,0.0,61.5,0xe0000
2026-08-24T06:15:48.984322+00:00,4.15,3.37,103.7,8007.4,16218.9,0.0,0.0,62.0,0xe0000
2026-08-24T06:15:58.990127+00:00,4.13,3.39,103.2,8011.9,16218.9,0.0,0.0,63.1,0xe0000
2026-08-24T06:16:09.001643+00:00,4.11,3.41,102.7,8008.1,16218.9,0.0,0.0,62.6,0xe0000
2026-08-24T06:16:19.008509+00:00,4.09,3.43,102.2,8014.9,16218.9,0.0,0.0,62.0,0xe0000
2026-08-24T06:16:29.013573+00:00,4.08,3.45,101.9,8011.0,16218.9,0.0,0.0,63.1,0xe0000
2026-08-24T06:16:39.018970+00:00,4.14,3.49,103.6,8004.2,16218.9,0.0,0.0,62.6,0xe0000
2026-08-24T06:16:49.024428+00:00,4.12,3.5,103.0,8004.8,16218.9,0.0,0.0,63.1,0xe0000
2026-08-24T06:16:59.030957+00:00,4.18,3.54,104.4,8006.8,16218.9,0.0,0.0,63.7,0xe0000
2026-08-24T06:17:09.038833+00:00,4.22,3.57,105.6,8001.5,16218.9,0.0,0.0,63.1,0xe0000
2026-08-24T06:17:19.044278+00:00,4.34,3.62,108.4,8003.0,16218.9,0.0,0.0,63.7,0xe0000
2026-08-24T06:17:29.049738+00:00,4.28,3.63,107.1,8009.7,16218.9,0.0,0.0,63.1,0xe0000
2026-08-24T06:17:39.156685+00:00,4.24,3.64,106.0,8005.7,16218.9,0.0,0.0,63.7,0xe0000
2026-08-24T06:17:49.164574+00:00,4.25,3.68,106.4,8006.0,16218.9,0.0,0.0,62.6,0xe0000
2026-08-24T06:17:59.169746+00:00,4.21,3.69,105.4,8007.0,16218.9,0.0,0.0,63.7,0xe0000
2026-08-24T06:18:09.175272+00:00,4.18,3.7,104.5,8003.7,16218.9,0.0,0.0,63.7,0xe0000
2026-08-24T06:18:19.182716+00:00,4.23,3.72,105.7,8010.2,16218.9,0.0,0.0,64.2,0xe0000
2026-08-24T06:18:29.189206+00:00,4.19,3.73,104.8,8009.9,16218.9,0.0,0.0,64.8,0xe0000
2026-08-24T06:18:39.198463+00:00,4.16,3.74,104.0,8008.7,16218.9,0.0,0.0,63.1,0xe0000
2026-08-24T06:18:49.203976+00:00,4.3,3.79,107.4,8008.2,16218.9,0.0,0.0,63.7,0xe0000
2026-08-24T06:18:59.213348+00:00,4.25,3.79,106.3,8010.0,16218.9,0.0,0.0,64.2,0xe0000
2026-08-24T06:19:09.222561+00:00,4.21,3.8,105.3,8008.6,16218.9,0.0,0.0,64.2,0xe0000
2026-08-24T06:19:19.228272+00:00,4.18,3.81,104.5,8007.3,16218.9,0.0,0.0,63.1,0xe0000
2026-08-24T06:19:29.234106+00:00,4.23,3.83,105.6,8010.3,16218.9,0.0,0.0,63.1,0xe0000
2026-08-24T06:19:39.242772+00:00,4.19,3.84,104.8,8006.1,16218.9,0.0,0.0,62.6,0xe0000
2026-08-24T06:19:49.250005+00:00,4.16,3.84,104.0,8002.5,16218.9,0.0,0.0,64.2,0xe0000
2026-08-24T06:19:59.355039+00:00,4.14,3.85,103.4,8005.8,16218.9,0.0,0.0,64.2,0xe0000
2026-08-24T06:20:09.360551+00:00,4.11,3.85,102.8,8005.8,16218.9,0.0,0.0,65.3,0xe0000
2026-08-24T06:20:19.366903+00:00,4.1,3.86,102.4,8008.4,16218.9,0.0,0.0,64.8,0xe0000
2026-08-24T06:20:29.372650+00:00,4.08,3.86,102.0,8008.6,16218.9,0.0,0.0,63.7,0xe0000
2026-08-24T06:20:39.377719+00:00,4.07,3.87,101.7,8008.7,16218.9,0.0,0.0,63.1,0xe0000
2026-08-24T06:20:49.384337+00:00,4.06,3.87,101.4,8009.9,16218.9,0.0,0.0,63.7,0xe0000
2026-08-24T06:20:59.392378+00:00,4.05,3.88,101.2,8008.1,16218.9,0.0,0.0,63.7,0xe0000
2026-08-24T06:21:09.399480+00:00,4.11,3.9,102.8,8005.1,16218.9,0.0,0.0,63.7,0xe0000
2026-08-24T06:21:19.405845+00:00,4.1,3.9,102.4,8008.7,16218.9,0.0,0.0,63.1,0xe0000
2026-08-24T06:21:29.414699+00:00,4.08,3.91,102.0,8061.7,16218.9,0.0,0.0,65.3,0xe0000
2026-08-24T06:21:39.419917+00:00,4.07,3.91,101.7,8017.1,16218.9,0.0,0.0,64.2,0xe0000
2026-08-24T06:21:49.426130+00:00,4.14,3.93,103.4,8007.6,16218.9,0.0,0.0,65.3,0xe0000
2026-08-24T06:21:59.432385+00:00,4.12,3.93,102.9,8006.3,16218.9,0.0,0.0,63.7,0xe0000
2026-08-24T06:22:09.442820+00:00,4.1,3.94,102.4,8006.3,16218.9,0.0,0.0,64.2,0xe0000
2026-08-24T06:22:19.449081+00:00,4.16,3.96,103.9,8009.1,16218.9,0.0,0.0,64.8,0xe0000
2026-08-24T06:22:29.455935+00:00,4.13,3.96,103.3,8007.4,16218.9,0.0,0.0,65.3,0xe0000
2026-08-24T06:22:39.461911+00:00,4.11,3.96,102.8,8006.7,16218.9,0.0,0.0,64.8,0xe0000
2026-08-24T06:22:49.468347+00:00,4.17,3.98,104.2,8010.7,16218.9,0.0,0.0,64.2,0xe0000
2026-08-24T06:22:59.475212+00:00,4.14,3.98,103.5,8035.0,16218.9,0.0,0.0,65.3,0xe0000
2026-08-24T06:23:09.485356+00:00,4.12,3.98,103.0,8022.3,16218.9,0.0,0.0,65.3,0xe0000
2026-08-24T06:23:19.492543+00:00,4.17,4.0,104.4,8033.9,16218.9,0.0,0.0,65.9,0xe0000
2026-08-24T06:23:29.502976+00:00,4.22,4.01,105.5,8045.0,16218.9,0.0,0.0,65.3,0xe0000
2026-08-24T06:23:39.508413+00:00,4.19,4.01,104.7,8053.9,16218.9,0.0,0.0,64.8,0xe0000
2026-08-24T06:23:49.514075+00:00,4.16,4.01,103.9,8055.2,16218.9,0.0,0.0,63.7,0xe0000
2026-08-24T06:23:59.519153+00:00,4.13,4.01,103.3,8054.2,16218.9,0.0,0.0,65.9,0xe0000
2026-08-24T06:24:09.524626+00:00,4.11,4.01,102.8,8055.7,16218.9,0.0,0.0,65.3,0xe0000
2026-08-24T06:24:19.529410+00:00,4.09,4.01,102.4,8055.4,16218.9,0.0,0.0,65.9,0xe0000
2026-08-24T06:24:29.535195+00:00,4.24,4.04,106.0,8052.5,16218.9,0.0,0.0,66.4,0xe0000
2026-08-24T06:24:39.542352+00:00,4.28,4.06,106.9,8058.3,16218.9,0.0,0.0,67.0,0xe0000
2026-08-24T06:24:49.548813+00:00,4.23,4.06,105.8,8055.0,16218.9,0.0,0.0,65.9,0xe0000
2026-08-24T06:24:59.558747+00:00,4.2,4.05,104.9,8056.6,16218.9,0.0,0.0,66.4,0xe0000
2026-08-24T06:25:09.569666+00:00,4.24,4.07,106.0,8054.4,16218.9,0.0,0.0,65.3,0xe0000
2026-08-24T06:25:19.576179+00:00,4.36,4.1,108.9,8055.8,16218.9,0.0,0.0,65.9,0xe0000
2026-08-24T06:25:29.581785+00:00,4.38,4.11,109.4,8058.9,16218.9,0.0,0.0,64.8,0xe0000
2026-08-24T06:25:39.587990+00:00,4.39,4.12,109.8,8058.8,16218.9,0.0,0.0,67.0,0xe0000
2026-08-24T06:25:49.598576+00:00,4.41,4.14,110.1,8057.5,16218.9,0.0,0.0,65.9,0xe0000
2026-08-24T06:25:59.605107+00:00,4.34,4.13,108.6,8057.0,16218.9,0.0,0.0,65.3,0xe0000
2026-08-24T06:26:09.614983+00:00,4.29,4.13,107.2,8061.0,16218.9,0.0,0.0,67.0,0xe0000
2026-08-24T06:26:19.619457+00:00,4.32,4.14,108.1,8056.6,16218.9,0.0,0.0,65.9,0xe0000
2026-08-24T06:26:29.625691+00:00,4.27,4.13,106.9,8055.7,16218.9,0.0,0.0,65.9,0xe0000
2026-08-24T06:26:39.632176+00:00,4.23,4.13,105.8,8056.7,16218.9,0.0,0.0,65.9,0xe0000
2026-08-24T06:26:49.638694+00:00,4.2,4.12,104.9,8065.6,16218.9,0.0,0.0,67.0,0xe0000
2026-08-24T06:26:59.645597+00:00,4.17,4.12,104.1,8068.8,16218.9,0.0,0.0,67.0,0xe0000
2026-08-24T06:27:09.651025+00:00,4.14,4.12,103.5,8066.2,16218.9,0.0,0.0,65.9,0xe0000
2026-08-24T06:27:19.657862+00:00,4.12,4.11,102.9,8067.9,16218.9,0.0,0.0,67.0,0xe0000
2026-08-24T06:27:29.664319+00:00,4.18,4.12,104.5,8067.9,16218.9,0.0,0.0,66.4,0xe0000
2026-08-24T06:27:39.669782+00:00,4.15,4.12,103.8,8065.5,16218.9,0.0,0.0,66.4,0xe0000
2026-08-24T06:27:49.675296+00:00,4.13,4.12,103.2,8066.5,16218.9,0.0,0.0,66.4,0xe0000
2026-08-24T06:27:59.684004+00:00,4.11,4.11,102.7,8066.6,16218.9,0.0,0.0,67.0,0xe0000
2026-08-24T06:28:09.694823+00:00,4.09,4.11,102.3,8063.9,16218.9,0.0,0.0,65.3,0xe0000
2026-08-24T06:28:19.699908+00:00,4.08,4.1,101.9,8063.0,16218.9,0.0,0.0,66.4,0xe0000
2026-08-24T06:28:29.709570+00:00,4.06,4.1,101.6,8062.7,16218.9,0.0,0.0,67.0,0xe0000
2026-08-24T06:28:39.715569+00:00,4.05,4.1,101.4,8061.4,16218.9,0.0,0.0,67.0,0xe0000
2026-08-24T06:28:49.725675+00:00,4.05,4.09,101.1,8062.9,16218.9,0.0,0.0,65.9,0xe0000
2026-08-24T06:28:59.731459+00:00,4.11,4.1,102.8,8064.1,16218.9,0.0,0.0,66.4,0xe0000
2026-08-24T06:29:09.742220+00:00,4.09,4.1,102.4,8065.2,16218.9,0.0,0.0,64.8,0xe0000
2026-08-24T06:29:19.748060+00:00,4.08,4.1,102.0,8059.7,16218.9,0.0,0.0,65.9,0xe0000
2026-08-24T06:29:29.757428+00:00,4.07,4.09,101.7,8063.1,16218.9,0.0,0.0,65.9,0xe0000
2026-08-24T06:29:39.764818+00:00,4.13,4.11,103.3,8060.1,16218.9,0.0,0.0,65.9,0xe0000
2026-08-24T06:29:49.770113+00:00,4.11,4.1,102.7,8059.0,16218.9,0.0,0.0,67.0,0xe0000
2026-08-24T06:29:59.775403+00:00,4.09,4.1,102.3,8059.4,16218.9,0.0,0.0,67.0,0xe0000
2026-08-24T06:30:09.780773+00:00,4.08,4.09,101.9,8063.8,16218.9,0.0,0.0,67.0,0xe0000
2026-08-24T06:30:19.787053+00:00,4.07,4.09,101.6,8063.6,16218.9,0.0,0.0,65.9,0xe0000
2026-08-24T06:30:29.793275+00:00,4.06,4.09,101.4,8064.2,16218.9,0.0,0.0,67.5,0xe0000
2026-08-24T06:30:39.798341+00:00,4.12,4.1,103.0,8063.6,16218.9,0.0,0.0,67.0,0xe0000
2026-08-24T06:30:49.806767+00:00,4.1,4.1,102.5,8065.0,16218.9,0.0,0.0,66.4,0xe0000
2026-08-24T06:30:59.812295+00:00,4.08,4.09,102.1,8084.6,16218.9,0.0,0.0,67.0,0xe0000
2026-08-24T06:31:09.817984+00:00,4.07,4.09,101.8,8079.5,16218.9,0.0,0.0,67.5,0xe0000
2026-08-24T06:31:19.825506+00:00,4.13,4.1,103.4,8081.4,16218.9,0.0,0.0,65.9,0xe0000
2026-08-24T06:31:29.832060+00:00,4.11,4.1,102.8,8082.2,16218.9,0.0,0.0,66.4,0xe0000
2026-08-24T06:31:39.841632+00:00,4.1,4.09,102.4,8079.5,16218.9,0.0,0.0,67.5,0xe0000
2026-08-24T06:31:49.847850+00:00,4.08,4.09,102.0,8079.4,16218.9,0.0,0.0,67.0,0xe0000
2026-08-24T06:31:59.855905+00:00,4.14,4.1,103.5,8078.6,16218.9,0.0,0.0,67.0,0xe0000
2026-08-24T06:32:09.862004+00:00,4.12,4.1,103.0,8080.4,16218.9,0.0,0.0,67.0,0xe0000
2026-08-24T06:32:19.867171+00:00,4.1,4.1,102.5,8079.9,16218.9,0.0,0.0,67.0,0xe0000
2026-08-24T06:32:29.871184+00:00,4.24,4.13,106.1,8078.1,16218.9,0.0,0.0,66.4,0xe0000
2026-08-24T06:32:39.877466+00:00,4.21,4.12,105.2,8081.4,16218.9,0.0,0.0,67.5,0xe0000
2026-08-24T06:32:49.883153+00:00,4.17,4.12,104.4,8081.8,16218.9,0.0,0.0,67.5,0xe0000
2026-08-24T06:32:59.891639+00:00,4.15,4.11,103.7,8089.6,16218.9,0.0,0.0,66.4,0xe0000
2026-08-24T06:33:09.897742+00:00,4.12,4.11,103.1,8088.5,16218.9,0.0,0.0,67.0,0xe0000
2026-08-24T06:33:19.903325+00:00,4.18,4.12,104.5,8087.5,16218.9,0.0,0.0,67.5,0xe0000
2026-08-24T06:33:29.908727+00:00,4.3,4.15,107.4,8085.9,16218.9,0.0,0.0,67.0,0xe0000
2026-08-24T06:33:39.913779+00:00,4.25,4.14,106.3,8084.5,16218.9,0.0,0.0,66.4,0xe0000
2026-08-24T06:33:49.920291+00:00,4.21,4.14,105.3,8089.3,16218.9,0.0,0.0,66.4,0xe0000
2026-08-24T06:33:59.927684+00:00,4.18,4.13,104.5,8089.4,16218.9,0.0,0.0,67.0,0xe0000
2026-08-24T06:34:09.937427+00:00,4.15,4.13,103.8,8086.7,16218.9,0.0,0.0,68.6,0xe0000
2026-08-24T06:34:19.944038+00:00,4.44,4.19,110.9,8086.2,16218.9,0.0,0.0,67.0,0xe0000
2026-08-24T06:34:29.950920+00:00,4.37,4.18,109.2,8084.6,16218.9,0.0,0.0,68.1,0xe0000
2026-08-24T06:34:39.956913+00:00,4.39,4.19,109.8,8087.3,16218.9,0.0,0.0,67.0,0xe0000
2026-08-24T06:34:49.964421+00:00,4.33,4.19,108.3,8088.7,16218.9,0.0,0.0,67.5,0xe0000
2026-08-24T06:34:59.970928+00:00,4.36,4.2,109.0,8090.8,16218.9,0.0,0.0,67.5,0xe0000
2026-08-24T06:35:09.977559+00:00,4.38,4.21,109.6,8088.9,16218.9,0.0,0.0,67.5,0xe0000
2026-08-24T06:35:19.983911+00:00,4.33,4.2,108.1,8091.5,16218.9,0.0,0.0,67.0,0xe0000
2026-08-24T06:35:29.988984+00:00,4.27,4.19,106.9,8091.3,16218.9,0.0,0.0,65.3,0xe0000
2026-08-24T06:35:39.999720+00:00,4.31,4.2,107.6,8089.8,16218.9,0.0,0.0,65.9,0xe0000
2026-08-24T06:35:50.003997+00:00,4.41,4.23,110.3,8084.7,16218.9,0.0,0.0,67.5,0xe0000
2026-08-24T06:36:00.014742+00:00,4.35,4.22,108.7,8088.1,16218.9,0.0,0.0,68.1,0xe0000
2026-08-24T06:36:10.020095+00:00,4.38,4.23,109.4,8090.9,16218.9,0.0,0.0,67.5,0xe0000
2026-08-24T06:36:20.025834+00:00,4.32,4.22,107.9,8091.6,16218.9,0.0,0.0,67.5,0xe0000
2026-08-24T06:36:30.033099+00:00,4.35,4.23,108.7,8090.9,16218.9,0.0,0.0,66.4,0xe0000
2026-08-24T06:36:40.047667+00:00,4.29,4.23,107.4,8109.6,16218.9,0.0,0.0,67.0,0xe0000
2026-08-24T06:36:50.056714+00:00,4.25,4.22,106.2,8093.8,16218.9,0.0,0.0,67.0,0xe0000
2026-08-24T06:37:00.062053+00:00,4.21,4.21,105.2,8102.5,16218.9,0.0,0.0,67.0,0xe0000
2026-08-24T06:37:10.070480+00:00,4.25,4.22,106.3,8102.4,16218.9,0.0,0.0,67.5,0xe0000
2026-08-24T06:37:20.076751+00:00,4.29,4.23,107.3,8103.3,16218.9,0.0,0.0,66.4,0xe0000
2026-08-24T06:37:30.085424+00:00,4.25,4.22,106.2,8099.7,16218.9,0.0,0.0,67.5,0xe0000
2026-08-24T06:37:40.091751+00:00,4.21,4.21,105.2,8098.2,16218.9,0.0,0.0,67.5,0xe0000
2026-08-24T06:37:50.097348+00:00,4.18,4.21,104.4,8102.8,16218.9,0.0,0.0,66.4,0xe0000
2026-08-24T06:38:00.102865+00:00,4.15,4.2,103.7,8102.1,16218.9,0.0,0.0,67.0,0xe0000
2026-08-24T06:38:10.108021+00:00,4.12,4.19,103.1,8100.3,16218.9,0.0,0.0,65.9,0xe0000
2026-08-24T06:38:20.113935+00:00,4.18,4.2,104.5,8102.4,16218.9,0.0,0.0,67.5,0xe0000
2026-08-24T06:38:30.120354+00:00,4.15,4.19,103.8,8101.1,16218.9,0.0,0.0,67.5,0xe0000
2026-08-24T06:38:40.132516+00:00,4.13,4.19,103.2,8101.0,16218.9,0.0,0.0,67.5,0xe0000
2026-08-24T06:38:50.139838+00:00,4.19,4.2,104.7,8100.6,16218.9,0.0,0.0,66.4,0xe0000
2026-08-24T06:39:00.146781+00:00,4.23,4.21,105.8,8100.0,16218.9,0.0,0.0,68.1,0xe0000
2026-08-24T06:39:10.152192+00:00,4.2,4.2,104.9,8095.8,16218.9,0.0,0.0,67.5,0xe0000
2026-08-24T06:39:20.157928+00:00,4.17,4.19,104.2,8100.4,16218.9,0.0,0.0,67.5,0xe0000
2026-08-24T06:39:30.163296+00:00,4.14,4.19,103.5,8102.0,16218.9,0.0,0.0,67.5,0xe0000
2026-08-24T06:39:40.169383+00:00,4.12,4.18,103.0,8101.2,16218.9,0.0,0.0,68.1,0xe0000
2026-08-24T06:39:50.175823+00:00,4.1,4.17,102.5,8098.2,16218.9,0.0,0.0,67.5,0xe0000
2026-08-24T06:40:00.182759+00:00,4.08,4.17,102.1,8136.0,16218.9,0.0,0.0,67.0,0xe0000
2026-08-24T06:40:10.189125+00:00,4.07,4.16,101.8,8117.8,16218.9,0.0,0.0,67.5,0xe0000
2026-08-24T06:40:20.196293+00:00,4.06,4.16,101.5,8119.4,16218.9,0.0,0.0,66.4,0xe0000
2026-08-24T06:40:30.201922+00:00,4.05,4.15,101.4,8120.2,16218.9,0.0,0.0,68.1,0xe0000
2026-08-24T06:40:40.207375+00:00,4.21,4.18,105.2,8118.1,16218.9,0.0,0.0,68.1,0xe0000
2026-08-24T06:40:50.217410+00:00,4.25,4.19,106.4,8120.2,16218.9,0.0,0.0,67.5,0xe0000
2026-08-24T06:41:00.223282+00:00,4.38,4.22,109.4,8118.5,16218.9,0.0,0.0,67.5,0xe0000
2026-08-24T06:41:10.230948+00:00,4.4,4.23,110.0,8121.6,16218.9,0.0,0.0,66.4,0xe0000
2026-08-24T06:41:20.237474+00:00,4.34,4.22,108.4,8116.0,16218.9,0.0,0.0,68.1,0xe0000
2026-08-24T06:41:30.244168+00:00,4.28,4.21,107.1,8121.2,16218.9,0.0,0.0,67.0,0xe0000
2026-08-24T06:41:40.253011+00:00,4.24,4.2,106.0,8120.5,16218.9,0.0,0.0,68.1,0xe0000
2026-08-24T06:41:50.259782+00:00,4.28,4.21,107.1,8114.0,16218.9,0.0,0.0,67.5,0xe0000
2026-08-24T06:42:00.265220+00:00,4.24,4.21,106.0,8114.4,16218.9,0.0,0.0,68.1,0xe0000
2026-08-24T06:42:10.275042+00:00,4.2,4.2,105.0,8112.7,16218.9,0.0,0.0,67.5,0xe0000
2026-08-24T06:42:20.280262+00:00,4.17,4.19,104.2,8114.5,16218.9,0.0,0.0,66.4,0xe0000
2026-08-24T06:42:30.286862+00:00,4.14,4.19,103.6,8108.5,16218.9,0.0,0.0,67.0,0xe0000
2026-08-24T06:42:40.294991+00:00,4.12,4.18,103.0,8114.3,16218.9,0.0,0.0,68.1,0xe0000
2026-08-24T06:42:50.300899+00:00,4.1,4.17,102.6,8117.4,16218.9,0.0,0.0,68.1,0xe0000
2026-08-24T06:43:00.306499+00:00,4.09,4.17,102.1,8116.5,16218.9,0.0,0.0,67.0,0xe0000
2026-08-24T06:43:10.312410+00:00,4.07,4.16,101.8,8115.2,16218.9,0.0,0.0,67.5,0xe0000
2026-08-24T06:43:20.318100+00:00,4.06,4.15,101.5,8116.9,16218.9,0.0,0.0,66.4,0xe0000
2026-08-24T06:43:30.326882+00:00,4.05,4.15,101.3,8117.5,16218.9,0.0,0.0,65.9,0xe0000
2026-08-24T06:43:40.338613+00:00,4.12,4.16,102.9,8116.6,16218.9,0.0,0.0,68.1,0xe0000
2026-08-24T06:43:50.344894+00:00,4.1,4.15,102.5,8117.8,16218.9,0.0,0.0,66.4,0xe0000
2026-08-24T06:44:00.351808+00:00,4.16,4.17,103.9,8116.2,16218.9,0.0,0.0,66.4,0xe0000
2026-08-24T06:44:10.357537+00:00,4.13,4.16,103.3,8117.8,16218.9,0.0,0.0,68.1,0xe0000
2026-08-24T06:44:20.366523+00:00,4.19,4.17,104.8,8117.9,16218.9,0.0,0.0,67.5,0xe0000
2026-08-24T06:44:30.373625+00:00,4.24,4.18,106.1,8119.2,16218.9,0.0,0.0,68.1,0xe0000
2026-08-24T06:44:40.379220+00:00,4.21,4.17,105.1,8117.7,16218.9,0.0,0.0,66.4,0xe0000
2026-08-24T06:44:50.386495+00:00,4.17,4.17,104.3,8120.7,16218.9,0.0,0.0,68.6,0xe0000
2026-08-24T06:45:00.404973+00:00,4.15,4.16,103.7,8117.5,16218.9,0.0,0.0,66.4,0xe0000
2026-08-24T06:45:10.410598+00:00,4.12,4.16,103.1,8119.5,16218.9,0.0,0.0,66.4,0xe0000
2026-08-24T06:45:20.416955+00:00,4.1,4.15,102.6,8119.2,16218.9,0.0,0.0,67.5,0xe0000
2026-08-24T06:45:30.426477+00:00,4.09,4.15,102.2,8120.0,16218.9,0.0,0.0,67.5,0xe0000
2026-08-24T06:45:40.432946+00:00,4.07,4.14,101.8,8117.2,16218.9,0.0,0.0,68.1,0xe0000
2026-08-24T06:45:50.438170+00:00,4.06,4.14,101.5,8115.3,16218.9,0.0,0.0,67.0,0xe0000
2026-08-24T06:46:00.444690+00:00,4.05,4.13,101.3,8122.0,16218.9,0.0,0.0,66.4,0xe0000
2026-08-24T06:46:10.449854+00:00,4.04,4.13,101.1,8120.8,16218.9,0.0,0.0,68.1,0xe0000
2026-08-24T06:46:20.456407+00:00,4.11,4.14,102.7,8121.6,16218.9,0.0,0.0,68.1,0xe0000
2026-08-24T06:46:30.461572+00:00,4.09,4.13,102.3,8119.8,16218.9,0.0,0.0,67.5,0xe0000
2026-08-24T06:46:40.468336+00:00,4.08,4.13,101.9,8123.1,16218.9,0.0,0.0,65.9,0xe0000
2026-08-24T06:46:50.473501+00:00,4.14,4.14,103.5,8123.2,16218.9,0.0,0.0,67.0,0xe0000
2026-08-24T06:47:00.483193+00:00,4.12,4.14,102.9,8128.1,16218.9,0.0,0.0,67.5,0xe0000
2026-08-24T06:47:10.489525+00:00,4.17,4.15,104.3,8124.6,16218.9,0.0,0.0,67.5,0xe0000
2026-08-24T06:47:20.495368+00:00,4.22,4.16,105.5,8125.5,16218.9,0.0,0.0,67.5,0xe0000
2026-08-24T06:47:30.502914+00:00,4.19,4.15,104.6,8126.7,16218.9,0.0,0.0,67.0,0xe0000
2026-08-24T06:47:40.509182+00:00,4.16,4.15,103.9,8127.4,16218.9,0.0,0.0,66.4,0xe0000
2026-08-24T06:47:50.518549+00:00,4.13,4.14,103.3,8127.8,16218.9,0.0,0.0,67.0,0xe0000
2026-08-24T06:48:00.528454+00:00,4.19,4.15,104.6,8124.6,16218.9,0.0,0.0,67.0,0xe0000
2026-08-24T06:48:10.534218+00:00,4.16,4.15,103.9,8126.8,16218.9,0.0,0.0,65.3,0xe0000
2026-08-24T06:48:20.540446+00:00,4.13,4.14,103.3,8125.5,16218.9,0.0,0.0,65.9,0xe0000
2026-08-24T06:48:30.546460+00:00,4.11,4.14,102.8,8121.0,16218.9,0.0,0.0,66.4,0xe0000
2026-08-24T06:48:40.558111+00:00,4.17,4.15,104.2,8125.1,16218.9,0.0,0.0,65.3,0xe0000
2026-08-24T06:48:50.566840+00:00,4.14,4.14,103.5,8123.9,16218.9,0.0,0.0,67.5,0xe0000
2026-08-24T06:49:00.573647+00:00,4.19,4.16,104.8,8122.8,16218.9,0.0,0.0,67.5,0xe0000
2026-08-24T06:49:10.681340+00:00,4.24,4.17,105.9,8127.1,16218.9,0.0,0.0,67.5,0xe0000
2026-08-24T06:49:20.687228+00:00,4.18,4.16,104.6,8125.0,16218.9,0.0,0.0,67.5,0xe0000
2026-08-24T06:49:30.694765+00:00,4.16,4.15,103.9,8157.6,16218.9,0.0,0.0,67.5,0xe0000
2026-08-24T06:49:40.701315+00:00,4.13,4.15,103.3,8137.5,16218.9,0.0,0.0,67.5,0xe0000
2026-08-24T06:49:50.710808+00:00,4.11,4.14,102.8,8126.9,16218.9,0.0,0.0,67.0,0xe0000
2026-08-24T06:50:00.718202+00:00,4.09,4.14,102.3,8125.7,16218.9,0.0,0.0,65.9,0xe0000
2026-08-24T06:50:10.722507+00:00,4.08,4.13,102.0,8125.8,16218.9,0.0,0.0,66.4,0xe0000
2026-08-24T06:50:20.729685+00:00,4.15,4.14,103.7,8124.5,16218.9,0.0,0.0,66.4,0xe0000
2026-08-24T06:50:30.738549+00:00,4.2,4.16,104.9,8125.5,16218.9,0.0,0.0,67.5,0xe0000
2026-08-24T06:50:40.744523+00:00,4.24,4.17,106.0,8127.8,16218.9,0.0,0.0,67.5,0xe0000
2026-08-24T06:50:50.750162+00:00,4.28,4.18,107.1,8124.9,16218.9,0.0,0.0,67.0,0xe0000
2026-08-24T06:51:00.758880+00:00,4.24,4.17,106.0,8127.0,16218.9,0.0,0.0,67.0,0xe0000
2026-08-24T06:51:10.764315+00:00,4.28,4.18,107.1,8122.7,16218.9,0.0,0.0,66.4,0xe0000
2026-08-24T06:51:20.773574+00:00,4.24,4.18,106.0,8125.6,16218.9,0.0,0.0,68.1,0xe0000
2026-08-24T06:51:30.880175+00:00,4.28,4.19,106.9,8126.7,16218.9,0.0,0.0,67.5,0xe0000
2026-08-24T06:51:40.887566+00:00,4.23,4.18,105.8,8122.9,16218.9,0.0,0.0,67.5,0xe0000
2026-08-24T06:51:50.893626+00:00,4.27,4.19,106.8,8130.3,16218.9,0.0,0.0,67.0,0xe0000
2026-08-24T06:52:00.902172+00:00,4.23,4.18,105.7,8129.1,16218.9,0.0,0.0,67.5,0xe0000
2026-08-24T06:52:10.907497+00:00,4.27,4.19,106.8,8131.4,16218.9,0.0,0.0,67.0,0xe0000
2026-08-24T06:52:20.916561+00:00,4.23,4.19,105.8,8131.2,16218.9,0.0,0.0,68.1,0xe0000
2026-08-24T06:52:30.922261+00:00,4.36,4.21,108.9,8170.5,16218.9,0.0,0.0,66.4,0xe0000
2026-08-24T06:52:40.931076+00:00,4.45,4.24,111.2,8154.6,16218.9,0.0,0.0,68.1,0xe0000
2026-08-24T06:52:50.937580+00:00,4.38,4.23,109.5,8147.7,16218.9,0.0,0.0,67.5,0xe0000
2026-08-24T06:53:00.946109+00:00,4.32,4.22,108.0,8148.3,16218.9,0.0,0.0,67.5,0xe0000
2026-08-24T06:53:10.952567+00:00,4.34,4.23,108.6,8147.0,16218.9,0.0,0.0,67.5,0xe0000
2026-08-24T06:53:20.957644+00:00,4.29,4.22,107.3,8151.4,16218.9,0.0,0.0,67.5,0xe0000
2026-08-24T06:53:30.964172+00:00,4.25,4.22,106.2,8151.0,16218.9,0.0,0.0,67.5,0xe0000
2026-08-24T06:53:40.970707+00:00,4.21,4.21,105.2,8149.6,16218.9,0.0,0.0,66.4,0xe0000
2026-08-24T06:53:50.976303+00:00,4.25,4.22,106.2,8152.0,16218.9,0.0,0.0,66.4,0xe0000
2026-08-24T06:54:00.984646+00:00,4.29,4.23,107.3,8151.0,16218.9,0.0,0.0,67.0,0xe0000
2026-08-24T06:54:10.990095+00:00,4.25,4.22,106.2,8150.2,16218.9,0.0,0.0,66.4,0xe0000
2026-08-24T06:54:20.994268+00:00,4.21,4.21,105.2,8151.7,16218.9,0.0,0.0,67.0,0xe0000
2026-08-24T06:54:31.005742+00:00,4.17,4.2,104.4,8154.0,16218.9,0.0,0.0,68.1,0xe0000
2026-08-24T06:54:41.011469+00:00,4.22,4.21,105.5,8154.0,16218.9,0.0,0.0,67.5,0xe0000
2026-08-24T06:54:51.024359+00:00,4.19,4.21,104.7,8156.9,16218.9,0.0,0.0,67.0,0xe0000
2026-08-24T06:55:01.034719+00:00,4.16,4.2,103.9,8154.8,16218.9,0.0,0.0,68.1,0xe0000
2026-08-24T06:55:11.040693+00:00,4.13,4.19,103.3,8156.5,16218.9,0.0,0.0,67.5,0xe0000
2026-08-24T06:55:21.046023+00:00,4.11,4.19,102.8,8150.6,16218.9,0.0,0.0,68.1,0xe0000
2026-08-24T06:55:31.052917+00:00,4.09,4.18,102.4,8154.4,16218.9,0.0,0.0,68.1,0xe0000
2026-08-24T06:55:41.058822+00:00,4.15,4.19,103.8,8154.1,16218.9,0.0,0.0,68.1,0xe0000
2026-08-24T06:55:51.064088+00:00,4.28,4.22,107.1,8152.8,16218.9,0.0,0.0,68.1,0xe0000
2026-08-24T06:56:01.069534+00:00,4.32,4.23,108.0,8157.6,16218.9,0.0,0.0,66.4,0xe0000
2026-08-24T06:56:11.074992+00:00,4.35,4.23,108.8,8155.0,16218.9,0.0,0.0,67.5,0xe0000
2026-08-24T06:56:21.081302+00:00,4.3,4.23,107.4,8155.2,16218.9,0.0,0.0,66.4,0xe0000
2026-08-24T06:56:31.089623+00:00,4.25,4.22,106.3,8155.2,16218.9,0.0,0.0,65.9,0xe0000
2026-08-24T06:56:41.096378+00:00,4.21,4.21,105.3,8154.9,16218.9,0.0,0.0,67.0,0xe0000
2026-08-24T06:56:51.101986+00:00,4.18,4.2,104.5,8156.8,16218.9,0.0,0.0,67.5,0xe0000
2026-08-24T06:57:01.108524+00:00,4.15,4.2,103.8,8159.7,16218.9,0.0,0.0,67.5,0xe0000
2026-08-24T06:57:11.118761+00:00,4.2,4.21,105.0,8156.8,16218.9,0.0,0.0,67.5,0xe0000
2026-08-24T06:57:21.124123+00:00,4.17,4.2,104.2,8162.5,16218.9,0.0,0.0,67.5,0xe0000
2026-08-24T06:57:31.131466+00:00,4.22,4.21,105.4,8159.8,16218.9,0.0,0.0,68.1,0xe0000
2026-08-24T06:57:41.135506+00:00,4.26,4.22,106.4,8160.2,16218.9,0.0,0.0,67.5,0xe0000
2026-08-24T06:57:51.144474+00:00,4.3,4.23,107.5,8159.8,16218.9,0.0,0.0,67.5,0xe0000
2026-08-24T06:58:01.150801+00:00,4.25,4.22,106.3,8157.7,16218.9,0.0,0.0,67.5,0xe0000
2026-08-24T06:58:11.156729+00:00,4.21,4.21,105.3,8170.2,16218.9,0.0,0.0,67.0,0xe0000
2026-08-24T06:58:21.163111+00:00,4.18,4.2,104.5,8182.9,16218.9,0.0,0.0,68.1,0xe0000
2026-08-24T06:58:31.167294+00:00,4.15,4.2,103.8,8166.8,16218.9,0.0,0.0,67.5,0xe0000
2026-08-24T06:58:41.173499+00:00,4.13,4.19,103.2,8171.0,16218.9,0.0,0.0,68.1,0xe0000
2026-08-24T06:58:51.182935+00:00,4.11,4.18,102.7,8164.7,16218.9,0.0,0.0,66.4,0xe0000
2026-08-24T06:59:01.189898+00:00,4.17,4.19,104.1,8167.1,16218.9,0.0,0.0,67.5,0xe0000
2026-08-24T06:59:11.196349+00:00,4.14,4.19,103.5,8167.9,16218.9,0.0,0.0,67.5,0xe0000
2026-08-24T06:59:21.208594+00:00,4.12,4.18,102.9,8161.5,16218.9,0.0,0.0,67.0,0xe0000
2026-08-24T06:59:31.216763+00:00,4.1,4.17,102.5,8161.1,16218.9,0.0,0.0,67.5,0xe0000
2026-08-24T06:59:41.222973+00:00,4.08,4.17,102.1,8159.8,16218.9,0.0,0.0,68.1,0xe0000
2026-08-24T06:59:51.232012+00:00,4.07,4.16,101.8,8167.3,16218.9,0.0,0.0,67.5,0xe0000
2026-08-24T07:00:01.237671+00:00,4.06,4.16,101.5,8163.0,16218.9,0.0,0.0,69.2,0xe0000
2026-08-24T07:00:11.244215+00:00,4.05,4.15,101.2,8161.6,16218.9,0.0,0.0,68.1,0xe0000
2026-08-24T07:00:21.254511+00:00,4.04,4.14,101.0,8161.2,16218.9,0.0,0.0,68.1,0xe0000
2026-08-24T07:00:31.361273+00:00,4.03,4.14,100.9,8162.5,16218.9,0.0,0.0,68.1,0xe0000
2026-08-24T07:00:41.368454+00:00,4.11,4.15,102.7,8161.4,16218.9,0.0,0.0,67.5,0xe0000
2026-08-24T07:00:51.378576+00:00,4.09,4.15,102.3,8168.3,16218.9,0.0,0.0,67.0,0xe0000
2026-08-24T07:01:01.385514+00:00,4.08,4.14,101.9,8164.4,16218.9,0.0,0.0,67.5,0xe0000
2026-08-24T07:01:11.390996+00:00,4.15,4.15,103.6,8168.3,16218.9,0.0,0.0,67.0,0xe0000
2026-08-24T07:01:21.396116+00:00,4.12,4.15,103.1,8168.3,16218.9,0.0,0.0,67.0,0xe0000
2026-08-24T07:01:31.404548+00:00,4.18,4.16,104.6,8166.7,16218.9,0.0,0.0,67.5,0xe0000
2026-08-24T07:01:41.411859+00:00,4.23,4.17,105.7,8165.2,16218.9,0.0,0.0,68.1,0xe0000
2026-08-24T07:01:51.417800+00:00,4.19,4.16,104.8,8173.8,16218.9,0.0,0.0,68.6,0xe0000
2026-08-24T07:02:01.424566+00:00,4.16,4.16,104.1,8174.8,16218.9,0.0,0.0,67.5,0xe0000
2026-08-24T07:02:11.430048+00:00,4.14,4.15,103.5,8170.8,16218.9,0.0,0.0,68.1,0xe0000
2026-08-24T07:02:21.443430+00:00,4.19,4.16,104.8,8167.0,16218.9,0.0,0.0,68.1,0xe0000
2026-08-24T07:02:31.449669+00:00,4.16,4.16,104.0,8171.3,16218.9,0.0,0.0,67.5,0xe0000
2026-08-24T07:02:41.456019+00:00,4.14,4.15,103.4,8169.1,16218.9,0.0,0.0,68.1,0xe0000
2026-08-24T07:02:51.466815+00:00,4.11,4.15,102.8,8167.9,16218.9,0.0,0.0,67.5,0xe0000
2026-08-24T07:03:01.471261+00:00,4.1,4.14,102.4,8171.3,16218.9,0.0,0.0,67.0,0xe0000
2026-08-24T07:03:11.477642+00:00,4.08,4.14,102.0,8174.2,16218.9,0.0,0.0,66.4,0xe0000
2026-08-24T07:03:21.483931+00:00,4.14,4.15,103.5,8173.6,16218.9,0.0,0.0,68.1,0xe0000
2026-08-24T07:03:31.493617+00:00,4.12,4.14,103.0,8173.6,16218.9,0.0,0.0,68.1,0xe0000
2026-08-24T07:03:41.502712+00:00,4.1,4.14,102.5,8172.2,16218.9,0.0,0.0,68.1,0xe0000
2026-08-24T07:03:51.507709+00:00,4.08,4.13,102.1,8173.9,16218.9,0.0,0.0,67.5,0xe0000
2026-08-24T07:04:01.513866+00:00,4.07,4.13,101.8,8171.6,16218.9,0.0,0.0,67.5,0xe0000
2026-08-24T07:04:11.520526+00:00,4.13,4.14,103.4,8167.5,16218.9,0.0,0.0,68.1,0xe0000
2026-08-24T07:04:21.529925+00:00,4.11,4.14,102.8,8168.7,16218.9,0.0,0.0,66.4,0xe0000
2026-08-24T07:04:31.538777+00:00,4.1,4.13,102.4,8174.3,16218.9,0.0,0.0,67.0,0xe0000
2026-08-24T07:04:41.544513+00:00,4.08,4.13,102.0,8168.3,16218.9,0.0,0.0,67.5,0xe0000
2026-08-24T07:04:51.552352+00:00,4.07,4.12,101.7,8170.5,16218.9,0.0,0.0,67.5,0xe0000
2026-08-24T07:05:01.558269+00:00,4.06,4.12,101.4,8171.2,16218.9,0.0,0.0,67.0,0xe0000
2026-08-24T07:05:11.566489+00:00,4.05,4.11,101.2,8171.6,16218.9,0.0,0.0,67.0,0xe0000
2026-08-24T07:05:21.574006+00:00,4.04,4.11,101.0,8171.8,16218.9,0.0,0.0,67.5,0xe0000
2026-08-24T07:05:31.579501+00:00,4.03,4.1,100.8,8169.6,16218.9,0.0,0.0,66.4,0xe0000
2026-08-24T07:05:41.592576+00:00,4.03,4.1,100.7,8177.8,16218.9,0.0,0.0,68.1,0xe0000
2026-08-24T07:05:51.603827+00:00,4.02,4.1,100.6,8175.7,16218.9,0.0,0.0,68.1,0xe0000
2026-08-24T07:06:01.609614+00:00,4.1,4.11,102.5,8176.3,16218.9,0.0,0.0,68.1,0xe0000
2026-08-24T07:06:11.615164+00:00,4.16,4.12,104.1,8178.6,16218.9,0.0,0.0,67.5,0xe0000
2026-08-24T07:06:21.621758+00:00,4.22,4.14,105.5,8172.1,16218.9,0.0,0.0,66.4,0xe0000
2026-08-24T07:06:31.627077+00:00,4.19,4.13,104.6,8171.2,16218.9,0.0,0.0,68.1,0xe0000
2026-08-24T07:06:41.634091+00:00,4.16,4.13,103.9,8178.4,16218.9,0.0,0.0,67.5,0xe0000
2026-08-24T07:06:51.639812+00:00,4.13,4.12,103.3,8171.4,16218.9,0.0,0.0,68.1,0xe0000
2026-08-24T07:07:01.645039+00:00,4.11,4.12,102.8,8176.2,16218.9,0.0,0.0,67.5,0xe0000
2026-08-24T07:07:11.657423+00:00,4.17,4.13,104.4,8177.3,16218.9,0.0,0.0,67.5,0xe0000
2026-08-24T07:07:21.663057+00:00,4.15,4.12,103.7,8174.2,16218.9,0.0,0.0,67.0,0xe0000
2026-08-24T07:07:31.668696+00:00,4.2,4.14,105.1,8183.3,16218.9,0.0,0.0,66.4,0xe0000
2026-08-24T07:07:41.676450+00:00,4.17,4.13,104.3,8185.1,16218.9,0.0,0.0,66.4,0xe0000
2026-08-24T07:07:51.684018+00:00,4.15,4.13,103.6,8179.2,16218.9,0.0,0.0,66.4,0xe0000
2026-08-24T07:08:01.694518+00:00,4.12,4.12,103.1,8177.7,16218.9,0.0,0.0,67.5,0xe0000
2026-08-24T07:08:11.700929+00:00,4.1,4.12,102.6,8174.8,16218.9,0.0,0.0,66.4,0xe0000
2026-08-24T07:08:21.706538+00:00,4.17,4.13,104.2,8178.5,16218.9,0.0,0.0,67.5,0xe0000
2026-08-24T07:08:31.712412+00:00,4.14,4.12,103.5,8180.8,16218.9,0.0,0.0,68.1,0xe0000
2026-08-24T07:08:41.718012+00:00,4.19,4.14,104.8,8181.2,16218.9,0.0,0.0,68.1,0xe0000
2026-08-24T07:08:51.723898+00:00,4.16,4.13,104.1,8182.1,16218.9,0.0,0.0,67.0,0xe0000
2026-08-24T07:09:01.729243+00:00,4.14,4.13,103.4,8181.0,16218.9,0.0,0.0,66.4,0xe0000
2026-08-24T07:09:11.738459+00:00,4.2,4.14,104.9,8182.0,16218.9,0.0,0.0,68.1,0xe0000
2026-08-24T07:09:21.744588+00:00,4.17,4.13,104.2,8182.5,16218.9,0.0,0.0,67.5,0xe0000
2026-08-24T07:09:31.752513+00:00,4.14,4.13,103.5,8186.0,16218.9,0.0,0.0,68.1,0xe0000
2026-08-24T07:09:41.757976+00:00,4.12,4.12,103.0,8179.4,16218.9,0.0,0.0,67.5,0xe0000
2026-08-24T07:09:51.767433+00:00,4.1,4.12,102.5,8181.8,16218.9,0.0,0.0,66.4,0xe0000
2026-08-24T07:10:01.772675+00:00,4.08,4.12,102.1,8184.1,16218.9,0.0,0.0,66.4,0xe0000
2026-08-24T07:10:11.780036+00:00,4.15,4.13,103.6,8189.8,16218.9,0.0,0.0,67.0,0xe0000
2026-08-24T07:10:21.789502+00:00,4.12,4.12,103.1,8188.6,16218.9,0.0,0.0,66.4,0xe0000
2026-08-24T07:10:31.795886+00:00,4.26,4.15,106.6,8191.3,16218.9,0.0,0.0,68.1,0xe0000
2026-08-24T07:10:41.808268+00:00,4.22,4.15,105.6,8305.1,16218.9,0.0,0.0,67.5,0xe0000
2026-08-24T07:10:51.813710+00:00,4.19,4.14,104.7,8245.5,16218.9,0.0,0.0,67.5,0xe0000
2026-08-24T07:11:01.822584+00:00,4.16,4.14,104.0,8219.2,16218.9,0.0,0.0,68.1,0xe0000
2026-08-24T07:11:11.826994+00:00,4.13,4.13,103.3,8217.9,16218.9,0.0,0.0,67.5,0xe0000
2026-08-24T07:11:21.834109+00:00,4.11,4.13,102.8,8217.4,16218.9,0.0,0.0,68.1,0xe0000
2026-08-24T07:11:31.838739+00:00,4.18,4.14,104.4,8220.0,16218.9,0.0,0.0,68.1,0xe0000
2026-08-24T07:11:41.848563+00:00,4.15,4.13,103.7,8210.3,16218.9,0.0,0.0,67.5,0xe0000
2026-08-24T07:11:51.854513+00:00,4.12,4.13,103.1,8215.7,16218.9,0.0,0.0,68.1,0xe0000
2026-08-24T07:12:01.860266+00:00,4.11,4.12,102.6,8218.8,16218.9,0.0,0.0,67.5,0xe0000
2026-08-24T07:12:11.866797+00:00,4.09,4.12,102.2,8221.1,16218.9,0.0,0.0,68.1,0xe0000
2026-08-24T07:12:21.876794+00:00,4.07,4.11,101.9,8219.7,16218.9,0.0,0.0,67.5,0xe0000
2026-08-24T07:12:31.882674+00:00,4.14,4.13,103.4,8219.7,16218.9,0.0,0.0,67.5,0xe0000
2026-08-24T07:12:41.888221+00:00,4.19,4.14,104.7,8224.2,16218.9,0.0,0.0,68.1,0xe0000
2026-08-24T07:12:51.895338+00:00,4.16,4.13,104.0,8218.7,16218.9,0.0,0.0,67.5,0xe0000
2026-08-24T07:13:01.901891+00:00,4.13,4.13,103.4,8216.5,16218.9,0.0,0.0,65.9,0xe0000
2026-08-24T07:13:11.907115+00:00,4.11,4.12,102.8,8225.5,16218.9,0.0,0.0,67.0,0xe0000
2026-08-24T07:13:21.913783+00:00,4.1,4.12,102.4,8223.8,16218.9,0.0,0.0,67.5,0xe0000
2026-08-24T07:13:31.919369+00:00,4.08,4.12,102.0,8216.8,16218.9,0.0,0.0,67.0,0xe0000
2026-08-24T07:13:41.928775+00:00,4.15,4.13,103.7,8224.3,16218.9,0.0,0.0,67.5,0xe0000
2026-08-24T07:13:51.935705+00:00,4.12,4.12,103.1,8223.1,16218.9,0.0,0.0,68.1,0xe0000
2026-08-24T07:14:01.942363+00:00,4.19,4.14,104.6,8223.1,16218.9,0.0,0.0,67.5,0xe0000
2026-08-24T07:14:11.947853+00:00,4.16,4.13,103.9,8220.1,16218.9,0.0,0.0,68.1,0xe0000
2026-08-24T07:14:21.955909+00:00,4.13,4.13,103.3,8217.9,16218.9,0.0,0.0,67.0,0xe0000
2026-08-24T07:14:31.961525+00:00,4.11,4.12,102.8,8251.5,16218.9,0.0,0.0,68.1,0xe0000
2026-08-24T07:14:41.966052+00:00,4.09,4.12,102.3,8236.1,16218.9,0.0,0.0,67.5,0xe0000
2026-08-24T07:14:51.973871+00:00,4.16,4.13,104.0,8233.0,16218.9,0.0,0.0,66.4,0xe0000
2026-08-24T07:15:01.980524+00:00,4.21,4.14,105.4,8234.7,16218.9,0.0,0.0,67.0,0xe0000
2026-08-24T07:15:11.986159+00:00,4.18,4.14,104.5,8227.7,16218.9,0.0,0.0,68.1,0xe0000
2026-08-24T07:15:21.993030+00:00,4.23,4.15,105.7,8227.8,16218.9,0.0,0.0,66.4,0xe0000
2026-08-24T07:15:31.997341+00:00,4.27,4.16,106.8,8230.8,16218.9,0.0,0.0,67.0,0xe0000
2026-08-24T07:15:42.005515+00:00,4.23,4.15,105.7,8230.3,16218.9,0.0,0.0,68.1,0xe0000
2026-08-24T07:15:52.014951+00:00,4.19,4.15,104.9,8230.4,16218.9,0.0,0.0,67.0,0xe0000
2026-08-24T07:16:02.020622+00:00,4.24,4.16,106.1,8230.6,16218.9,0.0,0.0,67.5,0xe0000
2026-08-24T07:16:12.028188+00:00,4.21,4.15,105.2,8226.5,16218.9,0.0,0.0,67.5,0xe0000
2026-08-24T07:16:22.035524+00:00,4.17,4.15,104.4,8230.9,16218.9,0.0,0.0,68.1,0xe0000
2026-08-24T07:16:32.047090+00:00,4.15,4.14,103.7,8230.9,16218.9,0.0,0.0,67.5,0xe0000
2026-08-24T07:16:42.051183+00:00,4.12,4.14,103.1,8232.1,16218.9,0.0,0.0,67.5,0xe0000
2026-08-24T07:16:52.056763+00:00,4.18,4.15,104.6,8239.8,16218.9,0.0,0.0,68.1,0xe0000
2026-08-24T07:17:02.062519+00:00,4.16,4.14,103.9,8237.8,16218.9,0.0,0.0,66.4,0xe0000
2026-08-24T07:17:12.069570+00:00,4.13,4.14,103.3,8232.2,16218.9,0.0,0.0,67.5,0xe0000
2026-08-24T07:17:22.076462+00:00,4.11,4.13,102.8,8247.7,16218.9,0.0,0.0,68.1,0xe0000
2026-08-24T07:17:32.085366+00:00,4.17,4.15,104.3,8239.9,16218.9,0.0,0.0,66.4,0xe0000
2026-08-24T07:17:42.090663+00:00,4.15,4.14,103.7,8236.3,16218.9,0.0,0.0,66.4,0xe0000
2026-08-24T07:17:52.096724+00:00,4.12,4.14,103.1,8234.3,16218.9,0.0,0.0,68.1,0xe0000
2026-08-24T07:18:02.102641+00:00,4.1,4.13,102.6,8233.2,16218.9,0.0,0.0,68.1,0xe0000
2026-08-24T07:18:12.109528+00:00,4.09,4.13,102.2,8232.7,16218.9,0.0,0.0,67.0,0xe0000
2026-08-24T07:18:22.115544+00:00,4.22,4.16,105.5,8239.3,16218.9,0.0,0.0,68.1,0xe0000
2026-08-24T07:18:32.124772+00:00,4.19,4.15,104.7,8233.1,16218.9,0.0,0.0,66.4,0xe0000
2026-08-24T07:18:42.130627+00:00,4.16,4.14,103.9,8235.7,16218.9,0.0,0.0,68.1,0xe0000
2026-08-24T07:18:52.137978+00:00,4.13,4.14,103.3,8263.3,16218.9,0.0,0.0,67.5,0xe0000
2026-08-24T07:19:02.146970+00:00,4.11,4.13,102.8,8241.0,16218.9,0.0,0.0,67.5,0xe0000
2026-08-24T07:19:12.153522+00:00,4.09,4.13,102.4,8236.1,16218.9,0.0,0.0,68.1,0xe0000
2026-08-24T07:19:22.163963+00:00,4.08,4.12,102.0,8233.6,16218.9,0.0,0.0,68.1,0xe0000
2026-08-24T07:19:32.173067+00:00,4.07,4.12,101.7,8234.2,16218.9,0.0,0.0,68.1,0xe0000
2026-08-24T07:19:42.181553+00:00,4.06,4.12,101.4,8235.0,16218.9,0.0,0.0,66.4,0xe0000
2026-08-24T07:19:52.188494+00:00,4.05,4.11,101.2,8236.8,16218.9,0.0,0.0,66.4,0xe0000
2026-08-24T07:20:02.194057+00:00,4.04,4.11,101.0,8233.8,16218.9,0.0,0.0,67.0,0xe0000
2026-08-24T07:20:12.199828+00:00,4.03,4.1,100.8,8231.5,16218.9,0.0,0.0,68.1,0xe0000
2026-08-24T07:20:22.205475+00:00,4.03,4.1,100.7,8232.7,16218.9,0.0,0.0,67.5,0xe0000
2026-08-24T07:20:32.213069+00:00,4.02,4.1,100.6,8237.7,16218.9,0.0,0.0,66.4,0xe0000
2026-08-24T07:20:42.220614+00:00,4.02,4.09,100.5,8236.6,16218.9,0.0,0.0,67.5,0xe0000
2026-08-24T07:20:52.226493+00:00,4.09,4.1,102.2,8231.9,16218.9,0.0,0.0,66.4,0xe0000
2026-08-24T07:21:02.235423+00:00,4.08,4.1,101.9,8232.1,16218.9,0.0,0.0,67.0,0xe0000
2026-08-24T07:21:12.242624+00:00,4.06,4.1,101.6,8275.6,16218.9,0.0,0.0,67.0,0xe0000
2026-08-24T07:21:22.247639+00:00,4.13,4.11,103.2,8266.8,16218.9,0.0,0.0,66.4,0xe0000
2026-08-24T07:21:32.254486+00:00,4.11,4.11,102.7,8264.5,16218.9,0.0,0.0,67.5,0xe0000
2026-08-24T07:21:42.261440+00:00,4.09,4.1,102.2,8265.5,16218.9,0.0,0.0,68.1,0xe0000
2026-08-24T07:21:52.271683+00:00,4.08,4.1,101.9,8262.3,16218.9,0.0,0.0,67.5,0xe0000
2026-08-24T07:22:02.277642+00:00,4.06,4.09,101.6,8256.8,16218.9,0.0,0.0,67.0,0xe0000
2026-08-24T07:22:12.283147+00:00,4.05,4.09,101.3,8267.5,16218.9,0.0,0.0,67.0,0xe0000
2026-08-24T07:22:22.291399+00:00,4.04,4.09,101.1,8266.6,16218.9,0.0,0.0,67.0,0xe0000
2026-08-24T07:22:32.301310+00:00,4.11,4.1,102.8,8270.7,16218.9,0.0,0.0,67.0,0xe0000
2026-08-24T07:22:42.308811+00:00,4.09,4.1,102.3,8266.1,16218.9,0.0,0.0,65.3,0xe0000
2026-08-24T07:22:52.314884+00:00,4.08,4.09,102.0,8267.8,16218.9,0.0,0.0,67.0,0xe0000
2026-08-24T07:23:02.322427+00:00,4.07,4.09,101.7,8265.5,16218.9,0.0,0.0,67.5,0xe0000
2026-08-24T07:23:12.332145+00:00,4.06,4.09,101.4,8267.9,16218.9,0.0,0.0,67.5,0xe0000
2026-08-24T07:23:22.337389+00:00,4.05,4.08,101.2,8267.7,16218.9,0.0,0.0,66.4,0xe0000
2026-08-24T07:23:32.346942+00:00,4.11,4.1,102.8,8270.3,16218.9,0.0,0.0,67.5,0xe0000
2026-08-24T07:23:42.353589+00:00,4.1,4.09,102.4,8267.0,16218.9,0.0,0.0,66.4,0xe0000
2026-08-24T07:23:52.362643+00:00,4.08,4.09,102.0,8268.1,16218.9,0.0,0.0,68.1,0xe0000
2026-08-24T07:24:02.369036+00:00,4.07,4.08,101.7,8266.7,16218.9,0.0,0.0,67.5,0xe0000
2026-08-24T07:24:12.375920+00:00,4.14,4.1,103.4,8268.7,16218.9,0.0,0.0,67.5,0xe0000
2026-08-24T07:24:22.381338+00:00,4.12,4.1,102.9,8269.4,16218.9,0.0,0.0,67.0,0xe0000
2026-08-24T07:24:32.386763+00:00,4.1,4.09,102.4,8274.3,16218.9,0.0,0.0,67.0,0xe0000
2026-08-24T07:24:42.393827+00:00,4.08,4.09,102.1,8269.7,16218.9,0.0,0.0,67.5,0xe0000
2026-08-24T07:24:52.399385+00:00,4.14,4.1,103.6,8279.6,16218.9,0.0,0.0,66.4,0xe0000
2026-08-24T07:25:02.407161+00:00,4.12,4.1,103.0,8272.8,16218.9,0.0,0.0,67.5,0xe0000
2026-08-24T07:25:12.419898+00:00,4.1,4.09,102.5,8275.3,16218.9,0.0,0.0,67.5,0xe0000
2026-08-24T07:25:22.425307+00:00,4.17,4.11,104.2,8319.4,16218.9,0.0,0.0,67.5,0xe0000
2026-08-24T07:25:32.432399+00:00,4.37,4.15,109.4,8289.9,16218.9,0.0,0.0,67.5,0xe0000
2026-08-24T07:25:42.437857+00:00,4.32,4.15,107.9,8285.3,16218.9,0.0,0.0,67.0,0xe0000
2026-08-24T07:25:52.444377+00:00,4.27,4.14,106.7,8295.2,16218.9,0.0,0.0,67.0,0xe0000
2026-08-24T07:26:02.454788+00:00,4.23,4.14,105.7,8283.1,16218.9,0.0,0.0,67.5,0xe0000
2026-08-24T07:26:12.460560+00:00,4.19,4.13,104.8,8282.3,16218.9,0.0,0.0,67.5,0xe0000
2026-08-24T07:26:22.470904+00:00,4.16,4.13,104.0,8277.4,16218.9,0.0,0.0,68.1,0xe0000
2026-08-24T07:26:32.478109+00:00,4.21,4.14,105.2,8288.5,16218.9,0.0,0.0,67.5,0xe0000
2026-08-24T07:26:42.484053+00:00,4.18,4.13,104.4,8283.3,16218.9,0.0,0.0,67.0,0xe0000
2026-08-24T07:26:52.491044+00:00,4.15,4.13,103.7,8282.8,16218.9,0.0,0.0,67.5,0xe0000
2026-08-24T07:27:02.500329+00:00,4.13,4.12,103.1,8284.0,16218.9,0.0,0.0,66.4,0xe0000
2026-08-24T07:27:12.506937+00:00,4.19,4.14,104.7,8280.0,16218.9,0.0,0.0,67.5,0xe0000
2026-08-24T07:27:22.515297+00:00,4.23,4.15,105.8,8282.5,16218.9,0.0,0.0,67.5,0xe0000
2026-08-24T07:27:32.520910+00:00,4.27,4.16,106.7,8279.5,16218.9,0.0,0.0,68.1,0xe0000
2026-08-24T07:27:42.527207+00:00,4.3,4.17,107.5,8281.9,16218.9,0.0,0.0,68.1,0xe0000
2026-08-24T07:27:52.536887+00:00,4.25,4.17,106.4,8281.5,16218.9,0.0,0.0,67.5,0xe0000
2026-08-24T07:28:02.542433+00:00,4.22,4.16,105.4,8281.4,16218.9,0.0,0.0,67.5,0xe0000
2026-08-24T07:28:12.548838+00:00,4.26,4.17,106.6,8280.8,16218.9,0.0,0.0,68.1,0xe0000
2026-08-24T07:28:22.554436+00:00,4.22,4.17,105.5,8298.5,16218.9,0.0,2048.0,69.2,0xe0000
2026-08-24T07:28:32.562835+00:00,4.19,4.16,104.7,8293.2,16218.9,0.0,2048.0,67.5,0xe0000
2026-08-24T07:28:42.567180+00:00,4.16,4.15,103.9,8294.5,16218.9,0.0,2048.0,67.0,0xe0000
2026-08-24T07:28:52.571851+00:00,4.21,4.16,105.2,8292.2,16218.9,0.0,2048.0,66.4,0xe0000
2026-08-24T07:29:02.577723+00:00,4.17,4.16,104.4,8293.2,16218.9,0.0,2048.0,66.4,0xe0000
2026-08-24T07:29:12.584044+00:00,4.15,4.15,103.7,8289.9,16218.9,0.0,2048.0,67.5,0xe0000
2026-08-24T07:29:22.590557+00:00,4.12,4.15,103.1,8292.9,16218.9,0.0,2048.0,67.5,0xe0000
2026-08-24T07:29:32.598615+00:00,4.1,4.14,102.6,8292.5,16218.9,0.0,2048.0,68.1,0xe0000
2026-08-24T07:29:42.604067+00:00,4.09,4.14,102.2,8296.6,16218.9,0.0,2048.0,68.1,0xe0000
2026-08-24T07:29:52.608723+00:00,4.07,4.13,101.8,8292.6,16218.9,0.0,2048.0,68.1,0xe0000
2026-08-24T07:30:02.616190+00:00,4.06,4.13,101.5,8294.4,16218.9,0.0,2048.0,66.4,0xe0000
2026-08-24T07:30:12.626554+00:00,4.05,4.12,101.3,8293.1,16218.9,0.0,2048.0,66.4,0xe0000
2026-08-24T07:30:22.631960+00:00,4.04,4.12,101.1,8301.8,16218.9,5.0,2048.0,68.6,0xe0000
2026-08-24T07:30:32.637951+00:00,4.04,4.11,100.9,8297.7,16218.9,5.0,2048.0,68.1,0xe0000
2026-08-24T07:30:42.643206+00:00,4.03,4.11,100.7,8296.0,16218.9,5.0,2048.0,67.0,0xe0000
2026-08-24T07:30:52.653509+00:00,4.25,4.15,106.2,8296.7,16218.9,5.0,2048.0,67.5,0xe0000
2026-08-24T07:31:02.660409+00:00,4.21,4.15,105.2,8297.4,16218.9,5.0,2048.0,68.1,0xe0000
2026-08-24T07:31:12.666195+00:00,4.18,4.14,104.4,8296.6,16218.9,5.0,2048.0,67.0,0xe0000
2026-08-24T07:31:22.673349+00:00,4.15,4.14,103.7,8297.1,16218.9,5.0,2048.0,67.5,0xe0000
2026-08-24T07:31:32.680311+00:00,4.21,4.15,105.1,8297.8,16218.9,5.0,2048.0,67.5,0xe0000
2026-08-24T07:31:42.687937+00:00,4.17,4.15,104.3,8296.4,16218.9,5.0,2048.0,67.0,0xe0000
2026-08-24T07:31:52.692199+00:00,4.15,4.14,103.6,8299.0,16218.9,5.0,2048.0,67.0,0xe0000
2026-08-24T07:32:02.702485+00:00,4.12,4.14,103.1,8298.8,16218.9,5.0,2048.0,68.1,0xe0000
2026-08-24T07:32:12.709083+00:00,4.1,4.13,102.6,8298.0,16218.9,5.0,2048.0,67.5,0xe0000
2026-08-24T07:32:22.717569+00:00,4.09,4.13,102.2,8300.5,16218.9,5.0,2048.0,67.5,0xe0000
2026-08-24T07:32:32.724580+00:00,4.07,4.12,101.8,8300.4,16218.9,5.0,2048.0,67.5,0xe0000
2026-08-24T07:32:42.731845+00:00,4.06,4.12,101.5,8302.9,16218.9,5.0,2048.0,67.5,0xe0000
2026-08-24T07:32:52.736931+00:00,4.05,4.11,101.3,8303.4,16218.9,5.0,2048.0,67.5,0xe0000
2026-08-24T07:33:02.743996+00:00,4.04,4.11,101.1,8300.4,16218.9,5.0,2048.0,67.0,0xe0000
2026-08-24T07:33:12.748277+00:00,4.11,4.12,102.7,8303.3,16218.9,5.0,2048.0,68.1,0xe0000
2026-08-24T07:33:22.758520+00:00,4.09,4.12,102.3,8300.7,16218.9,5.0,2048.0,67.0,0xe0000
2026-08-24T07:33:32.763953+00:00,4.08,4.11,101.9,8301.2,16218.9,5.0,2048.0,67.5,0xe0000
2026-08-24T07:33:42.769606+00:00,4.07,4.11,101.6,8304.0,16218.9,5.0,2048.0,67.5,0xe0000
2026-08-24T07:33:52.776086+00:00,4.06,4.1,101.4,8300.4,16218.9,5.0,2048.0,67.5,0xe0000
2026-08-24T07:34:02.786486+00:00,4.12,4.12,103.0,8304.8,16218.9,8.0,2048.0,66.4,0xe0000
2026-08-24T07:34:12.794105+00:00,4.1,4.11,102.5,8303.4,16218.9,8.0,2048.0,67.5,0xe0000
2026-08-24T07:34:22.799636+00:00,4.24,4.14,106.0,8301.5,16218.9,8.0,2048.0,68.1,0xe0000
2026-08-24T07:34:32.813417+00:00,4.2,4.14,105.1,8308.1,16218.9,8.0,2048.0,67.5,0xe0000
2026-08-24T07:34:42.820286+00:00,4.17,4.13,104.3,8306.8,16218.9,13.0,2048.0,68.1,0xe0000
2026-08-24T07:34:52.826408+00:00,4.14,4.13,103.6,8305.5,16218.9,13.0,2048.0,67.0,0xe0000
2026-08-24T07:35:02.833527+00:00,4.12,4.12,103.0,8303.1,16218.9,13.0,2048.0,66.4,0xe0000
2026-08-24T07:35:12.840490+00:00,4.1,4.12,102.6,8304.2,16218.9,16.0,2048.0,67.0,0xe0000
2026-08-24T07:35:22.846450+00:00,4.09,4.11,102.2,8302.7,16218.9,16.0,2048.0,67.5,0xe0000
2026-08-24T07:35:32.853015+00:00,4.23,4.14,105.8,8306.8,16218.9,16.0,2048.0,65.9,0xe0000
2026-08-24T07:35:42.860311+00:00,4.2,4.14,104.9,8304.8,16218.9,16.0,2048.0,67.5,0xe0000
2026-08-24T07:35:52.866689+00:00,4.17,4.13,104.2,8307.6,16218.9,16.0,2048.0,67.5,0xe0000
2026-08-24T07:36:02.872033+00:00,4.14,4.13,103.5,8308.6,16218.9,16.0,2048.0,65.9,0xe0000
2026-08-24T07:36:12.883298+00:00,4.12,4.12,103.0,8304.0,16218.9,16.0,2048.0,67.0,0xe0000
2026-08-24T07:36:22.889128+00:00,4.18,4.14,104.5,8307.3,16218.9,16.0,2048.0,67.5,0xe0000
2026-08-24T07:36:32.894867+00:00,4.15,4.13,103.8,8305.2,16218.9,16.0,2048.0,68.1,0xe0000
2026-08-24T07:36:42.900000+00:00,4.29,4.16,107.2,8302.3,16218.9,16.0,2048.0,67.5,0xe0000
2026-08-24T07:36:52.906748+00:00,4.27,4.16,106.6,8309.1,16218.9,16.0,2048.0,67.5,0xe0000
2026-08-24T07:37:02.912532+00:00,4.3,4.17,107.6,8306.6,16218.9,16.0,2048.0,67.0,0xe0000
2026-08-24T07:37:12.920032+00:00,4.26,4.16,106.4,8307.0,16218.9,16.0,2048.0,67.0,0xe0000
2026-08-24T07:37:22.929625+00:00,4.22,4.16,105.4,8308.2,16218.9,16.0,2048.0,67.0,0xe0000
2026-08-24T07:37:32.938834+00:00,4.18,4.15,104.6,8305.4,16218.9,16.0,2048.0,66.4,0xe0000
2026-08-24T07:37:42.944660+00:00,4.24,4.16,105.9,8307.2,16218.9,16.0,2048.0,66.4,0xe0000
2026-08-24T07:37:52.954806+00:00,4.18,4.15,104.6,8307.0,16218.9,16.0,2048.0,68.1,0xe0000
2026-08-24T07:38:02.959428+00:00,4.17,4.15,104.2,8311.6,16218.9,18.0,2048.0,68.1,0xe0000
2026-08-24T07:38:12.965259+00:00,4.14,4.14,103.5,8309.5,16218.9,18.0,2048.0,67.5,0xe0000
2026-08-24T07:38:22.973098+00:00,4.12,4.14,103.0,8306.8,16218.9,18.0,2048.0,67.5,0xe0000
2026-08-24T07:38:32.982622+00:00,4.1,4.13,102.5,8307.8,16218.9,18.0,2048.0,67.5,0xe0000
2026-08-24T07:38:42.988253+00:00,4.08,4.13,102.1,8307.8,16218.9,21.0,2048.0,66.4,0xe0000
2026-08-24T07:38:52.993695+00:00,4.07,4.12,101.8,8305.8,16218.9,21.0,2048.0,67.5,0xe0000
2026-08-24T07:39:02.998901+00:00,4.14,4.14,103.5,8313.8,16218.9,23.0,2048.0,67.5,0xe0000
2026-08-24T07:39:13.005416+00:00,4.12,4.13,103.0,8314.4,16218.9,23.0,2048.0,67.5,0xe0000
2026-08-24T07:39:23.012137+00:00,4.1,4.13,102.5,8315.2,16218.9,23.0,2048.0,67.0,0xe0000
2026-08-24T07:39:33.022462+00:00,4.08,4.12,102.1,8314.4,16218.9,23.0,2048.0,67.0,0xe0000
2026-08-24T07:39:43.028229+00:00,4.23,4.15,105.6,8315.3,16218.9,23.0,2048.0,68.1,0xe0000
2026-08-24T07:39:53.034687+00:00,4.26,4.16,106.6,8314.6,16218.9,23.0,2048.0,67.5,0xe0000
2026-08-24T07:40:03.040474+00:00,4.37,4.19,109.3,8314.4,16218.9,23.0,2048.0,67.5,0xe0000
2026-08-24T07:40:13.046524+00:00,4.31,4.18,107.8,8313.0,16218.9,23.0,2048.0,66.4,0xe0000
2026-08-24T07:40:23.057590+00:00,4.27,4.18,106.6,8323.0,16218.9,27.0,2048.0,68.1,0xe0000
2026-08-24T07:40:33.066872+00:00,4.22,4.17,105.6,8317.9,16218.9,27.0,2048.0,66.4,0xe0000
2026-08-24T07:40:43.072424+00:00,4.19,4.16,104.7,8316.0,16218.9,27.0,2048.0,68.1,0xe0000
2026-08-24T07:40:53.077996+00:00,4.16,4.16,104.0,8319.7,16218.9,30.0,2048.0,67.5,0xe0000
2026-08-24T07:41:03.083433+00:00,4.13,4.15,103.4,8320.3,16218.9,30.0,2048.0,67.0,0xe0000
2026-08-24T07:41:13.091361+00:00,4.11,4.15,102.8,8317.2,16218.9,30.0,2048.0,66.4,0xe0000
2026-08-24T07:41:23.096973+00:00,4.1,4.14,102.4,8320.9,16218.9,30.0,2048.0,67.5,0xe0000
2026-08-24T07:41:33.102729+00:00,4.08,4.14,102.0,8316.5,16218.9,30.0,2048.0,68.1,0xe0000
2026-08-24T07:41:43.110024+00:00,4.07,4.13,101.7,8318.2,16218.9,30.0,2048.0,67.5,0xe0000
2026-08-24T07:41:53.118585+00:00,4.13,4.14,103.3,8320.6,16218.9,30.0,2048.0,65.9,0xe0000
2026-08-24T07:42:03.129611+00:00,4.11,4.14,102.7,8322.8,16218.9,30.0,2048.0,67.5,0xe0000
2026-08-24T07:42:13.135143+00:00,4.09,4.13,102.3,8317.6,16218.9,30.0,2048.0,65.9,0xe0000
2026-08-24T07:42:23.144605+00:00,4.08,4.13,101.9,8320.0,16218.9,30.0,2048.0,67.0,0xe0000
2026-08-24T07:42:33.151241+00:00,4.07,4.12,101.6,8322.6,16218.9,30.0,2048.0,67.5,0xe0000
2026-08-24T07:42:43.155941+00:00,4.06,4.12,101.4,8318.8,16218.9,30.0,2048.0,67.5,0xe0000
2026-08-24T07:42:53.165521+00:00,4.05,4.12,101.1,8321.1,16218.9,30.0,2048.0,67.0,0xe0000
2026-08-24T07:43:03.176205+00:00,4.04,4.11,101.0,8323.8,16218.9,30.0,2048.0,67.0,0xe0000
2026-08-24T07:43:13.184522+00:00,4.03,4.11,100.8,8321.4,16218.9,32.0,2048.0,66.4,0xe0000
2026-08-24T07:43:23.189884+00:00,4.03,4.1,100.7,8322.8,16218.9,34.0,2048.0,67.5,0xe0000
2026-08-24T07:43:33.196729+00:00,4.02,4.1,100.5,8320.6,16218.9,34.0,2048.0,67.5,0xe0000
2026-08-24T07:43:43.203339+00:00,4.02,4.1,100.5,8319.3,16218.9,34.0,2048.0,67.5,0xe0000
2026-08-24T07:43:53.209447+00:00,4.02,4.09,100.4,8322.1,16218.9,34.0,2048.0,67.5,0xe0000
2026-08-24T07:44:03.216045+00:00,4.01,4.09,100.3,8319.5,16218.9,34.0,2048.0,67.5,0xe0000
2026-08-24T07:44:13.224625+00:00,4.09,4.1,102.3,8323.5,16218.9,34.0,2048.0,68.1,0xe0000
2026-08-24T07:44:23.229882+00:00,4.08,4.1,101.9,8324.8,16218.9,34.0,2048.0,66.4,0xe0000
2026-08-24T07:44:33.235186+00:00,4.14,4.11,103.6,8321.6,16218.9,34.0,2048.0,67.5,0xe0000
2026-08-24T07:44:43.242736+00:00,4.12,4.11,103.1,8323.0,16218.9,34.0,2048.0,67.0,0xe0000
2026-08-24T07:44:53.348909+00:00,4.25,4.14,106.3,8321.5,16218.9,34.0,2048.0,65.9,0xe0000
2026-08-24T07:45:03.354301+00:00,4.34,4.16,108.6,8323.6,16218.9,34.0,2048.0,67.5,0xe0000
2026-08-24T07:45:13.360208+00:00,4.29,4.16,107.3,8325.2,16218.9,34.0,2048.0,66.4,0xe0000
2026-08-24T07:45:23.369709+00:00,4.25,4.15,106.1,8322.7,16218.9,34.0,2048.0,66.4,0xe0000
2026-08-24T07:45:33.377716+00:00,4.21,4.15,105.2,8330.1,16218.9,38.0,2048.0,67.5,0xe0000
2026-08-24T07:45:43.383266+00:00,4.17,4.14,104.4,8328.4,16218.9,38.0,2048.0,67.0,0xe0000
2026-08-24T07:45:53.394497+00:00,4.15,4.14,103.7,8325.5,16218.9,38.0,2048.0,67.5,0xe0000
2026-08-24T07:46:03.400786+00:00,4.12,4.13,103.1,8326.1,16218.9,38.0,2048.0,66.4,0xe0000
2026-08-24T07:46:13.406766+00:00,4.1,4.13,102.6,8323.8,16218.9,38.0,2048.0,67.5,0xe0000
2026-08-24T07:46:23.412810+00:00,4.09,4.12,102.2,8325.8,16218.9,38.0,2048.0,67.5,0xe0000
2026-08-24T07:46:33.418482+00:00,4.07,4.12,101.8,8326.3,16218.9,38.0,2048.0,68.1,0xe0000
2026-08-24T07:46:43.424835+00:00,4.14,4.13,103.4,8325.7,16218.9,38.0,2048.0,67.5,0xe0000
2026-08-24T07:46:53.431859+00:00,4.11,4.12,102.9,8325.0,16218.9,38.0,2048.0,68.1,0xe0000
2026-08-24T07:47:03.438755+00:00,4.17,4.14,104.3,8325.9,16218.9,38.0,2048.0,67.5,0xe0000
2026-08-24T07:47:13.445143+00:00,4.22,4.15,105.5,8327.1,16218.9,38.0,2048.0,68.1,0xe0000
2026-08-24T07:47:23.450799+00:00,4.18,4.14,104.6,8328.5,16218.9,38.0,2048.0,67.5,0xe0000
2026-08-24T07:47:33.457849+00:00,4.16,4.14,103.9,8324.7,16218.9,38.0,2048.0,67.5,0xe0000
2026-08-24T07:47:43.463971+00:00,4.13,4.13,103.3,8358.7,16218.9,38.0,2048.0,67.5,0xe0000
2026-08-24T07:47:53.469385+00:00,4.19,4.14,104.6,8340.8,16218.9,38.0,2048.0,67.5,0xe0000
2026-08-24T07:48:03.475715+00:00,4.16,4.14,103.9,8353.5,16218.9,45.0,2048.0,67.5,0xe0000
2026-08-24T07:48:13.485501+00:00,4.21,4.15,105.3,8347.1,16218.9,45.0,2048.0,67.5,0xe0000
2026-08-24T07:48:23.491624+00:00,4.18,4.15,104.5,8340.4,16218.9,48.0,2048.0,67.0,0xe0000
2026-08-24T07:48:33.498843+00:00,4.15,4.14,103.8,8331.2,16218.9,48.0,2048.0,67.5,0xe0000
2026-08-24T07:48:43.505478+00:00,4.28,4.17,106.9,8329.6,16218.9,48.0,2048.0,66.4,0xe0000
2026-08-24T07:48:53.510752+00:00,4.39,4.2,109.7,8332.5,16218.9,48.0,2048.0,67.5,0xe0000
2026-08-24T07:49:03.517080+00:00,4.33,4.19,108.2,8333.4,16218.9,48.0,2048.0,68.1,0xe0000
2026-08-24T07:49:13.522405+00:00,4.28,4.18,106.9,8334.2,16218.9,48.0,2048.0,67.0,0xe0000
2026-08-24T07:49:23.526565+00:00,4.31,4.19,107.8,8331.9,16218.9,48.0,2048.0,67.0,0xe0000
2026-08-24T07:49:33.537379+00:00,4.27,4.19,106.6,8372.7,16218.9,60.0,2048.0,66.4,0xe0000
2026-08-24T07:49:43.543055+00:00,4.22,4.18,105.6,8341.7,16218.9,63.0,2048.0,67.5,0xe0000
2026-08-24T07:49:53.548100+00:00,4.19,4.17,104.7,8332.3,16218.9,63.0,2048.0,68.1,0xe0000
2026-08-24T07:50:03.554806+00:00,4.23,4.18,105.8,8325.4,16218.9,72.0,2048.0,67.0,0xe0000
2026-08-24T07:50:13.563929+00:00,4.2,4.18,104.9,8321.8,16218.9,72.0,2048.0,66.4,0xe0000
2026-08-24T07:50:23.569559+00:00,4.17,4.17,104.2,8321.1,16218.9,72.0,2048.0,67.5,0xe0000
2026-08-24T07:50:33.577430+00:00,4.14,4.17,103.5,8321.3,16218.9,72.0,2048.0,66.4,0xe0000
2026-08-24T07:50:43.583426+00:00,4.2,4.18,105.0,8318.7,16218.9,72.0,2048.0,67.0,0xe0000
2026-08-24T07:50:53.589571+00:00,4.17,4.17,104.2,8318.6,16218.9,72.0,2048.0,67.0,0xe0000
2026-08-24T07:51:03.596486+00:00,4.14,4.16,103.5,8324.6,16218.9,72.0,2048.0,67.0,0xe0000
2026-08-24T07:51:13.606491+00:00,4.2,4.18,105.0,8326.1,16218.9,75.0,2048.0,67.5,0xe0000
2026-08-24T07:51:23.612436+00:00,4.17,4.17,104.2,8322.9,16218.9,77.0,2048.0,68.6,0xe0000
2026-08-24T07:51:33.618910+00:00,4.22,4.18,105.6,8320.3,16218.9,77.0,2048.0,67.5,0xe0000
2026-08-24T07:51:43.624351+00:00,4.26,4.19,106.6,8367.8,16218.9,77.0,2048.0,66.4,0xe0000
2026-08-24T07:51:53.629588+00:00,4.22,4.18,105.5,8356.3,16218.9,77.0,2048.0,66.4,0xe0000
2026-08-24T07:52:03.633891+00:00,4.27,4.19,106.7,8356.8,16218.9,83.0,2048.0,67.0,0xe0000
2026-08-24T07:52:13.641595+00:00,4.25,4.19,106.1,8351.3,16218.9,83.0,2048.0,67.5,0xe0000
2026-08-24T07:52:23.647231+00:00,4.21,4.18,105.2,8350.2,16218.9,83.0,2048.0,66.4,0xe0000
2026-08-24T07:52:33.657092+00:00,4.17,4.18,104.4,8347.5,16218.9,83.0,2048.0,67.5,0xe0000
2026-08-24T07:52:43.663695+00:00,4.15,4.17,103.7,8346.2,16218.9,83.0,2048.0,67.0,0xe0000
2026-08-24T07:52:53.669008+00:00,4.12,4.17,103.1,8349.5,16218.9,83.0,2048.0,67.0,0xe0000
2026-08-24T07:53:03.676074+00:00,4.1,4.16,102.6,8343.2,16218.9,91.0,2048.0,67.0,0xe0000
2026-08-24T07:53:13.682600+00:00,4.09,4.15,102.2,8373.4,16218.9,91.0,2048.0,68.1,0xe0000
2026-08-24T07:53:23.691547+00:00,4.07,4.15,101.8,8376.5,16218.9,91.0,2048.0,67.5,0xe0000
2026-08-24T07:53:33.701632+00:00,4.06,4.14,101.5,8365.2,16218.9,96.0,2048.0,65.9,0xe0000
2026-08-24T07:53:43.706981+00:00,4.13,4.15,103.3,8359.2,16218.9,96.0,2048.0,67.5,0xe0000
2026-08-24T07:53:53.712465+00:00,4.11,4.15,102.8,8359.6,16218.9,96.0,2048.0,67.0,0xe0000
2026-08-24T07:54:03.719449+00:00,4.09,4.14,102.3,8359.6,16218.9,96.0,2048.0,67.5,0xe0000
2026-08-24T07:54:13.725471+00:00,4.15,4.16,103.8,8357.9,16218.9,96.0,2048.0,67.0,0xe0000
2026-08-24T07:54:23.732690+00:00,4.13,4.15,103.2,8358.4,16218.9,96.0,2048.0,67.0,0xe0000
2026-08-24T07:54:33.738630+00:00,4.11,4.14,102.7,8357.8,16218.9,96.0,2048.0,67.0,0xe0000
2026-08-24T07:54:43.746775+00:00,4.17,4.16,104.1,8357.8,16218.9,96.0,2048.0,67.5,0xe0000
2026-08-24T07:54:53.752376+00:00,4.14,4.15,103.5,8359.9,16218.9,96.0,2048.0,66.4,0xe0000
2026-08-24T07:55:03.758206+00:00,4.27,4.18,106.8,8359.3,16218.9,96.0,2048.0,66.4,0xe0000
2026-08-24T07:55:13.765529+00:00,4.23,4.17,105.7,8352.3,16218.9,106.0,2048.0,67.5,0xe0000
2026-08-24T07:55:23.772058+00:00,4.19,4.17,104.9,8349.2,16218.9,108.0,2048.0,65.9,0xe0000
2026-08-24T07:55:33.777959+00:00,4.16,4.16,104.1,8351.0,16218.9,108.0,2048.0,66.4,0xe0000
2026-08-24T07:55:43.784778+00:00,4.14,4.15,103.5,8350.6,16218.9,108.0,2048.0,67.5,0xe0000
2026-08-24T07:55:53.793527+00:00,4.12,4.15,102.9,8347.7,16218.9,108.0,2048.0,67.5,0xe0000
2026-08-24T07:56:03.800015+00:00,4.1,4.14,102.5,8348.8,16218.9,108.0,2048.0,67.5,0xe0000
2026-08-24T07:56:13.805949+00:00,4.08,4.14,102.1,8352.3,16218.9,108.0,2048.0,67.0,0xe0000
2026-08-24T07:56:23.916582+00:00,4.15,4.15,103.8,8350.5,16218.9,108.0,2048.0,68.1,0xe0000
2026-08-24T07:56:33.921004+00:00,4.2,4.16,104.9,8353.6,16218.9,108.0,2048.0,67.5,0xe0000
2026-08-24T07:56:43.927701+00:00,4.17,4.15,104.2,8348.9,16218.9,108.0,2048.0,67.5,0xe0000
2026-08-24T07:56:53.933404+00:00,4.21,4.16,105.4,8349.0,16218.9,108.0,2048.0,67.0,0xe0000
2026-08-24T07:57:03.940200+00:00,4.18,4.16,104.5,8352.0,16218.9,108.0,2048.0,67.5,0xe0000
2026-08-24T07:57:13.945627+00:00,4.15,4.15,103.8,8350.0,16218.9,108.0,2048.0,67.5,0xe0000
2026-08-24T07:57:23.950974+00:00,4.13,4.15,103.2,8350.1,16218.9,108.0,2048.0,66.4,0xe0000
2026-08-24T07:57:33.965368+00:00,4.11,4.14,102.7,8350.2,16218.9,108.0,2048.0,67.0,0xe0000
2026-08-24T07:57:43.971064+00:00,4.17,4.15,104.3,8347.6,16218.9,108.0,2048.0,66.4,0xe0000
2026-08-24T07:57:53.977010+00:00,4.15,4.15,103.6,8348.3,16218.9,108.0,2048.0,66.4,0xe0000
2026-08-24T07:58:03.987986+00:00,4.12,4.14,103.1,8349.5,16218.9,108.0,2048.0,67.0,0xe0000
2026-08-24T07:58:13.993394+00:00,4.18,4.15,104.4,8349.4,16218.9,108.0,2048.0,67.5,0xe0000
2026-08-24T07:58:23.999217+00:00,4.15,4.15,103.7,8350.4,16218.9,108.0,2048.0,67.5,0xe0000
2026-08-24T07:58:34.003219+00:00,4.13,4.14,103.1,8352.2,16218.9,108.0,2048.0,67.5,0xe0000
2026-08-24T07:58:44.009901+00:00,4.11,4.14,102.7,8351.3,16218.9,110.0,2048.0,67.0,0xe0000
2026-08-24T07:58:54.018766+00:00,4.16,4.15,104.1,8349.3,16218.9,110.0,2048.0,66.4,0xe0000
2026-08-24T07:59:04.026098+00:00,4.14,4.14,103.5,8350.2,16218.9,110.0,2048.0,66.4,0xe0000
2026-08-24T07:59:14.031817+00:00,4.12,4.14,102.9,8350.0,16218.9,110.0,2048.0,67.5,0xe0000
2026-08-24T07:59:24.037255+00:00,4.1,4.13,102.5,8348.2,16218.9,110.0,2048.0,67.0,0xe0000
2026-08-24T07:59:34.046373+00:00,4.08,4.13,102.1,8348.0,16218.9,110.0,2048.0,67.5,0xe0000
2026-08-24T07:59:44.052002+00:00,4.07,4.12,101.7,8353.4,16218.9,110.0,2048.0,66.4,0xe0000
2026-08-24T07:59:54.059323+00:00,4.06,4.12,101.5,8354.5,16218.9,110.0,2048.0,68.1,0xe0000
2026-08-24T08:00:04.066169+00:00,4.05,4.12,101.2,8353.1,16218.9,110.0,2048.0,67.5,0xe0000
2026-08-24T08:00:14.074564+00:00,4.04,4.11,101.0,8352.4,16218.9,110.0,2048.0,66.4,0xe0000
2026-08-24T08:00:24.081045+00:00,4.03,4.11,100.8,8353.9,16218.9,112.0,2048.0,67.0,0xe0000
2026-08-24T08:00:34.089076+00:00,4.03,4.1,100.7,8349.2,16218.9,112.0,2048.0,67.5,0xe0000
2026-08-24T08:00:44.094877+00:00,4.02,4.1,100.6,8350.8,16218.9,112.0,2048.0,67.0,0xe0000
2026-08-24T08:00:54.099116+00:00,4.02,4.1,100.5,8357.7,16218.9,112.0,2048.0,65.9,0xe0000
2026-08-24T08:01:04.106711+00:00,4.02,4.09,100.4,8358.1,16218.9,112.0,2048.0,67.5,0xe0000
2026-08-24T08:01:14.113095+00:00,4.01,4.09,100.3,8354.4,16218.9,112.0,2048.0,67.0,0xe0000
2026-08-24T08:01:24.122410+00:00,4.01,4.08,100.3,8357.6,16218.9,112.0,2048.0,67.5,0xe0000
2026-08-24T08:01:34.128545+00:00,4.16,4.12,104.1,8354.7,16218.9,112.0,2048.0,67.0,0xe0000
2026-08-24T08:01:44.134139+00:00,4.14,4.11,103.4,8349.8,16218.9,119.0,2048.0,67.5,0xe0000
2026-08-24T08:01:54.139233+00:00,4.12,4.11,102.9,8347.0,16218.9,119.0,2048.0,66.4,0xe0000
2026-08-24T08:02:04.147717+00:00,4.1,4.1,102.4,8346.5,16218.9,119.0,2048.0,66.4,0xe0000
2026-08-24T08:02:14.159953+00:00,4.08,4.1,102.1,8346.9,16218.9,119.0,2048.0,67.5,0xe0000
2026-08-24T08:02:24.165566+00:00,4.07,4.1,101.7,8348.5,16218.9,119.0,2048.0,65.9,0xe0000
2026-08-24T08:02:34.171785+00:00,4.06,4.09,101.4,8350.1,16218.9,119.0,2048.0,67.5,0xe0000
2026-08-24T08:02:44.181546+00:00,4.05,4.09,101.2,8348.6,16218.9,119.0,2048.0,67.5,0xe0000
2026-08-24T08:02:54.187860+00:00,4.11,4.1,102.9,8349.4,16218.9,122.0,2048.0,67.5,0xe0000
2026-08-24T08:03:04.195399+00:00,4.1,4.1,102.4,8350.0,16218.9,122.0,2048.0,66.4,0xe0000
2026-08-24T08:03:14.223220+00:00,4.16,4.11,104.1,8400.5,16218.9,122.0,2048.0,67.0,0xe0000
2026-08-24T08:03:24.235449+00:00,4.14,4.11,103.4,8370.3,16218.9,122.0,2048.0,67.5,0xe0000
2026-08-24T08:03:34.242355+00:00,4.12,4.1,102.9,8363.7,16218.9,122.0,2048.0,67.0,0xe0000
2026-08-24T08:03:44.248522+00:00,4.1,4.1,102.4,8361.7,16218.9,122.0,2048.0,67.5,0xe0000
2026-08-24T08:03:54.255040+00:00,4.08,4.1,102.1,8356.8,16218.9,122.0,2048.0,67.5,0xe0000
2026-08-24T08:04:04.265900+00:00,4.07,4.09,101.7,8356.0,16218.9,122.0,2048.0,66.4,0xe0000
2026-08-24T08:04:14.273449+00:00,4.13,4.1,103.3,8353.1,16218.9,125.0,2048.0,67.5,0xe0000
2026-08-24T08:04:24.280496+00:00,4.11,4.1,102.8,8349.4,16218.9,125.0,2048.0,67.5,0xe0000
2026-08-24T08:04:34.288554+00:00,4.09,4.1,102.3,8350.6,16218.9,125.0,2048.0,67.5,0xe0000
2026-08-24T08:04:44.294957+00:00,4.16,4.11,104.0,8349.8,16218.9,125.0,2048.0,67.5,0xe0000
2026-08-24T08:04:54.300527+00:00,4.13,4.11,103.4,8349.5,16218.9,125.0,2048.0,67.5,0xe0000
2026-08-24T08:05:04.309550+00:00,4.11,4.1,102.8,8353.5,16218.9,125.0,2048.0,67.5,0xe0000
2026-08-24T08:05:14.317479+00:00,4.18,4.12,104.4,8351.6,16218.9,125.0,2048.0,67.0,0xe0000
2026-08-24T08:05:24.324467+00:00,4.15,4.11,103.7,8351.2,16218.9,125.0,2048.0,68.1,0xe0000
2026-08-24T08:05:34.330485+00:00,4.12,4.11,103.1,8351.9,16218.9,125.0,2048.0,67.0,0xe0000
2026-08-24T08:05:44.338534+00:00,4.11,4.1,102.6,8349.4,16218.9,125.0,2048.0,67.5,0xe0000
2026-08-24T08:05:54.346057+00:00,4.09,4.1,102.2,8353.4,16218.9,125.0,2048.0,67.5,0xe0000
2026-08-24T08:06:04.351340+00:00,4.15,4.11,103.7,8355.9,16218.9,125.0,2048.0,66.4,0xe0000
2026-08-24T08:06:14.359884+00:00,4.13,4.11,103.1,8352.5,16218.9,125.0,2048.0,67.5,0xe0000
2026-08-24T08:06:24.371319+00:00,4.11,4.1,102.6,8353.0,16218.9,125.0,2048.0,67.5,0xe0000
2026-08-24T08:06:34.377439+00:00,4.09,4.1,102.2,8355.8,16218.9,125.0,2048.0,66.4,0xe0000
2026-08-24T08:06:44.384656+00:00,4.08,4.1,101.9,8356.1,16218.9,125.0,2048.0,67.0,0xe0000
2026-08-24T08:06:54.392269+00:00,4.14,4.11,103.4,8356.3,16218.9,125.0,2048.0,67.0,0xe0000
2026-08-24T08:07:04.399884+00:00,4.2,4.12,104.9,8354.7,16218.9,125.0,2048.0,67.5,0xe0000
2026-08-24T08:07:14.411968+00:00,4.17,4.12,104.1,8355.8,16218.9,125.0,2048.0,67.5,0xe0000
2026-08-24T08:07:24.417729+00:00,4.29,4.15,107.3,8355.7,16218.9,125.0,2048.0,67.5,0xe0000
2026-08-24T08:07:34.423911+00:00,4.25,4.14,106.2,8354.9,16218.9,125.0,2048.0,67.5,0xe0000
2026-08-24T08:07:44.429374+00:00,4.21,4.14,105.2,8353.7,16218.9,125.0,2048.0,68.1,0xe0000
2026-08-24T08:07:54.439793+00:00,4.18,4.13,104.4,8358.4,16218.9,125.0,2048.0,67.5,0xe0000
2026-08-24T08:08:04.443736+00:00,4.15,4.13,103.7,8353.1,16218.9,125.0,2048.0,66.4,0xe0000
2026-08-24T08:08:14.449074+00:00,4.13,4.12,103.1,8353.4,16218.9,125.0,2048.0,67.0,0xe0000
2026-08-24T08:08:24.458734+00:00,4.11,4.12,102.7,8352.3,16218.9,125.0,2048.0,67.0,0xe0000
2026-08-24T08:08:34.464513+00:00,4.16,4.13,104.1,8358.0,16218.9,125.0,2048.0,67.5,0xe0000
2026-08-24T08:08:44.470612+00:00,4.14,4.13,103.5,8356.3,16218.9,125.0,2048.0,66.4,0xe0000
2026-08-24T08:08:54.474709+00:00,4.2,4.14,104.9,8351.7,16218.9,125.0,2048.0,67.5,0xe0000
2026-08-24T08:09:04.482833+00:00,4.17,4.13,104.2,8382.1,16218.9,125.0,2048.0,67.0,0xe0000
2026-08-24T08:09:14.488359+00:00,4.22,4.15,105.5,8388.8,16218.9,125.0,2048.0,67.5,0xe0000
2026-08-24T08:09:24.494358+00:00,4.19,4.14,104.7,8386.9,16218.9,125.0,2048.0,67.0,0xe0000
2026-08-24T08:09:34.503122+00:00,4.45,4.2,111.3,8386.9,16218.9,125.0,2048.0,67.5,0xe0000
2026-08-24T08:09:44.508949+00:00,4.38,4.19,109.5,8387.9,16218.9,125.0,2048.0,67.5,0xe0000
2026-08-24T08:09:54.515364+00:00,4.32,4.19,108.1,8383.4,16218.9,133.0,2048.0,66.4,0xe0000
2026-08-24T08:10:04.524635+00:00,4.27,4.18,106.8,8375.7,16218.9,133.0,2048.0,67.0,0xe0000
2026-08-24T08:10:14.529944+00:00,4.23,4.17,105.8,8377.5,16218.9,133.0,2048.0,66.4,0xe0000
2026-08-24T08:10:24.538498+00:00,4.19,4.17,104.9,8374.7,16218.9,133.0,2048.0,67.5,0xe0000
2026-08-24T08:10:34.545325+00:00,4.16,4.16,104.1,8369.1,16218.9,133.0,2048.0,67.0,0xe0000
2026-08-24T08:10:44.550901+00:00,4.14,4.16,103.5,8364.2,16218.9,133.0,2048.0,67.5,0xe0000
2026-08-24T08:10:54.558936+00:00,4.12,4.15,102.9,8361.8,16218.9,133.0,2048.0,67.0,0xe0000
2026-08-24T08:11:04.564746+00:00,4.1,4.14,102.5,8364.1,16218.9,133.0,2048.0,67.5,0xe0000
2026-08-24T08:11:14.574830+00:00,4.08,4.14,102.1,8356.7,16218.9,137.0,2048.0,65.9,0xe0000
2026-08-24T08:11:24.580180+00:00,4.07,4.13,101.8,8354.9,16218.9,137.0,2048.0,67.5,0xe0000
2026-08-24T08:11:34.592981+00:00,4.06,4.13,101.5,8358.4,16218.9,137.0,2048.0,68.1,0xe0000
2026-08-24T08:11:44.598720+00:00,4.05,4.12,101.2,8358.4,16218.9,137.0,2048.0,67.5,0xe0000
2026-08-24T08:11:54.609366+00:00,4.12,4.14,103.1,8358.8,16218.9,137.0,2048.0,67.5,0xe0000
2026-08-24T08:12:04.617554+00:00,4.1,4.13,102.6,8356.2,16218.9,137.0,2048.0,67.0,0xe0000
2026-08-24T08:12:14.622615+00:00,4.09,4.13,102.2,8357.9,16218.9,137.0,2048.0,67.5,0xe0000
2026-08-24T08:12:24.630190+00:00,4.07,4.12,101.8,8355.9,16218.9,137.0,2048.0,67.0,0xe0000
2026-08-24T08:12:34.637308+00:00,4.06,4.12,101.5,8357.2,16218.9,137.0,2048.0,66.4,0xe0000
2026-08-24T08:12:44.644150+00:00,4.05,4.11,101.3,8359.6,16218.9,137.0,2048.0,65.9,0xe0000
2026-08-24T08:12:54.651317+00:00,4.04,4.11,101.1,8362.1,16218.9,137.0,2048.0,66.4,0xe0000
2026-08-24T08:13:04.657026+00:00,4.19,4.14,104.8,8358.5,16218.9,137.0,2048.0,67.0,0xe0000
2026-08-24T08:13:14.664100+00:00,4.16,4.13,104.0,8358.5,16218.9,137.0,2048.0,67.0,0xe0000
2026-08-24T08:13:24.670875+00:00,4.14,4.13,103.4,8357.7,16218.9,137.0,2048.0,67.0,0xe0000
2026-08-24T08:13:34.678089+00:00,4.11,4.12,102.8,8358.3,16218.9,140.0,2048.0,67.0,0xe0000
2026-08-24T08:13:44.683891+00:00,4.1,4.12,102.4,8357.5,16218.9,140.0,2048.0,67.5,0xe0000
2026-08-24T08:13:54.689478+00:00,4.08,4.12,102.0,8357.1,16218.9,143.0,2048.0,66.4,0xe0000
2026-08-24T08:14:04.694906+00:00,4.38,4.18,109.4,8355.1,16218.9,143.0,2048.0,66.4,0xe0000
2026-08-24T08:14:14.700060+00:00,4.47,4.2,111.6,8352.6,16218.9,143.0,2048.0,66.4,0xe0000
2026-08-24T08:14:24.705372+00:00,4.51,4.22,112.7,8356.9,16218.9,143.0,2048.0,67.5,0xe0000
2026-08-24T08:14:34.712032+00:00,4.43,4.21,110.7,8357.1,16218.9,143.0,2048.0,67.5,0xe0000
2026-08-24T08:14:44.722853+00:00,4.36,4.2,109.1,8355.6,16218.9,143.0,2048.0,67.0,0xe0000
2026-08-24T08:14:54.733693+00:00,4.31,4.2,107.7,8358.2,16218.9,143.0,2048.0,67.5,0xe0000
2026-08-24T08:15:04.741072+00:00,4.24,4.19,106.0,8362.3,16218.9,143.0,2048.0,67.5,0xe0000
2026-08-24T08:15:14.747006+00:00,4.2,4.18,105.0,8357.9,16218.9,143.0,2048.0,67.0,0xe0000
2026-08-24T08:15:24.756367+00:00,4.25,4.19,106.3,8359.4,16218.9,143.0,2048.0,67.5,0xe0000
2026-08-24T08:15:34.762239+00:00,4.23,4.19,105.7,8365.0,16218.9,143.0,2048.0,67.5,0xe0000
2026-08-24T08:15:44.766943+00:00,4.19,4.18,104.9,8365.5,16218.9,143.0,2048.0,66.4,0xe0000
2026-08-24T08:15:54.772450+00:00,4.16,4.17,104.1,8360.6,16218.9,143.0,2048.0,67.0,0xe0000
2026-08-24T08:16:04.777918+00:00,4.14,4.17,103.5,8374.3,16218.9,161.0,2048.0,67.0,0xe0000
2026-08-24T08:16:14.783409+00:00,4.2,4.18,104.9,8367.0,16218.9,161.0,2048.0,67.5,0xe0000
2026-08-24T08:16:24.792555+00:00,4.17,4.17,104.2,8369.0,16218.9,161.0,2048.0,66.4,0xe0000
2026-08-24T08:16:34.802501+00:00,4.14,4.17,103.5,8365.2,16218.9,161.0,2048.0,67.5,0xe0000
2026-08-24T08:16:44.807870+00:00,4.19,4.18,104.8,8409.6,16218.9,161.0,2048.0,67.0,0xe0000
2026-08-24T08:16:54.874468+00:00,4.16,4.17,104.1,8385.3,16218.9,161.0,2048.0,65.9,0xe0000
2026-08-24T08:17:04.879169+00:00,4.19,4.18,104.9,8367.2,16218.9,168.0,2048.0,67.5,0xe0000
2026-08-24T08:17:14.884806+00:00,4.16,4.17,104.1,8361.9,16218.9,168.0,2048.0,67.0,0xe0000
2026-08-24T08:17:24.891564+00:00,4.21,4.18,105.3,8348.3,16218.9,182.0,2048.0,67.0,0xe0000
2026-08-24T08:17:34.896978+00:00,4.18,4.18,104.5,8345.1,16218.9,182.0,2048.0,67.5,0xe0000
2026-08-24T08:17:44.907344+00:00,4.15,4.17,103.8,8333.1,16218.9,196.0,2048.0,67.5,0xe0000
2026-08-24T08:17:54.914241+00:00,4.13,4.16,103.2,8331.3,16218.9,196.0,2048.0,67.0,0xe0000
2026-08-24T08:18:04.920390+00:00,4.11,4.16,102.7,8328.7,16218.9,196.0,2048.0,65.3,0xe0000
2026-08-24T08:18:14.927175+00:00,4.09,4.15,102.3,8330.8,16218.9,196.0,2048.0,67.0,0xe0000
2026-08-24T08:18:24.932660+00:00,4.15,4.16,103.8,8335.1,16218.9,206.0,2048.0,67.5,0xe0000
2026-08-24T08:18:34.941812+00:00,4.13,4.16,103.2,8331.9,16218.9,206.0,2048.0,67.0,0xe0000
2026-08-24T08:18:44.950248+00:00,4.19,4.17,104.7,8328.2,16218.9,209.0,2048.0,67.5,0xe0000
2026-08-24T08:18:54.957473+00:00,4.16,4.16,104.0,8333.3,16218.9,209.0,2048.0,66.4,0xe0000
2026-08-24T08:19:04.966486+00:00,4.13,4.16,103.3,8325.7,16218.9,209.0,2048.0,67.5,0xe0000
2026-08-24T08:19:14.973364+00:00,4.11,4.15,102.8,8351.7,16218.9,209.0,2048.0,67.0,0xe0000
2026-08-24T08:19:24.980006+00:00,4.1,4.15,102.4,8369.5,16218.9,209.0,2048.0,68.6,0xe0000
2026-08-24T08:19:34.985809+00:00,4.08,4.14,102.0,8363.5,16218.9,209.0,2048.0,67.5,0xe0000
2026-08-24T08:19:44.992952+00:00,4.07,4.14,101.7,8360.1,16218.9,209.0,2048.0,67.0,0xe0000
2026-08-24T08:19:54.999545+00:00,4.06,4.13,101.4,8354.0,16218.9,215.0,2048.0,68.1,0xe0000
2026-08-24T08:20:05.007348+00:00,4.05,4.13,101.2,8356.0,16218.9,215.0,2048.0,67.0,0xe0000
2026-08-24T08:20:15.018013+00:00,4.04,4.12,101.0,8357.9,16218.9,221.0,2048.0,67.5,0xe0000
2026-08-24T08:20:25.023750+00:00,4.03,4.12,100.8,8351.9,16218.9,221.0,2048.0,68.1,0xe0000
2026-08-24T08:20:35.030328+00:00,4.03,4.11,100.7,8354.5,16218.9,221.0,2048.0,65.9,0xe0000
2026-08-24T08:20:45.037476+00:00,4.02,4.11,100.6,8345.4,16218.9,227.0,2048.0,67.5,0xe0000
2026-08-24T08:20:55.043966+00:00,4.02,4.1,100.5,8347.4,16218.9,227.0,2048.0,65.9,0xe0000
2026-08-24T08:21:05.050231+00:00,4.18,4.13,104.4,8346.4,16218.9,227.0,2048.0,67.0,0xe0000
2026-08-24T08:21:15.056121+00:00,4.23,4.15,105.7,8347.0,16218.9,227.0,2048.0,66.4,0xe0000
2026-08-24T08:21:25.067395+00:00,4.19,4.14,104.8,8346.9,16218.9,230.0,2048.0,67.0,0xe0000
2026-08-24T08:21:35.072835+00:00,4.16,4.14,104.1,8351.7,16218.9,230.0,2048.0,67.0,0xe0000
2026-08-24T08:21:45.078835+00:00,4.14,4.13,103.4,8352.4,16218.9,230.0,2048.0,67.0,0xe0000
2026-08-24T08:21:55.084119+00:00,4.12,4.13,102.9,8351.6,16218.9,231.0,2048.0,67.5,0xe0000
2026-08-24T08:22:05.093495+00:00,4.1,4.12,102.4,8350.2,16218.9,231.0,2048.0,67.5,0xe0000
2026-08-24T08:22:15.099920+00:00,4.16,4.13,103.9,8345.7,16218.9,240.0,2048.0,66.4,0xe0000
2026-08-24T08:22:25.105599+00:00,4.13,4.13,103.3,8352.2,16218.9,240.0,2048.0,66.4,0xe0000
2026-08-24T08:22:35.112784+00:00,4.11,4.12,102.8,8347.4,16218.9,240.0,2048.0,66.4,0xe0000
2026-08-24T08:22:45.118001+00:00,4.17,4.14,104.2,8346.3,16218.9,240.0,2048.0,66.4,0xe0000
2026-08-24T08:22:55.125044+00:00,4.14,4.13,103.5,8347.4,16218.9,240.0,2048.0,66.4,0xe0000
2026-08-24T08:23:05.133280+00:00,4.12,4.13,103.0,8347.9,16218.9,240.0,2048.0,66.4,0xe0000
2026-08-24T08:23:15.138713+00:00,4.1,4.12,102.5,8346.9,16218.9,240.0,2048.0,67.0,0xe0000
2026-08-24T08:23:25.145553+00:00,4.08,4.12,102.1,8348.9,16218.9,240.0,2048.0,65.3,0xe0000
2026-08-24T08:23:35.154782+00:00,4.07,4.11,101.8,8344.2,16218.9,240.0,2048.0,67.0,0xe0000
2026-08-24T08:23:45.160238+00:00,4.06,4.11,101.5,8347.1,16218.9,240.0,2048.0,65.9,0xe0000
2026-08-24T08:23:55.166918+00:00,4.05,4.1,101.3,8345.8,16218.9,240.0,2048.0,67.0,0xe0000
2026-08-24T08:24:05.176851+00:00,4.12,4.12,103.1,8343.1,16218.9,240.0,2048.0,66.4,0xe0000
2026-08-24T08:24:15.183933+00:00,4.18,4.13,104.6,8341.1,16218.9,244.0,2048.0,67.0,0xe0000
2026-08-24T08:24:25.195190+00:00,4.15,4.13,103.9,8338.9,16218.9,244.0,2048.0,67.5,0xe0000
2026-08-24T08:24:35.202036+00:00,4.13,4.12,103.3,8339.2,16218.9,244.0,2048.0,68.1,0xe0000
2026-08-24T08:24:45.207884+00:00,4.11,4.12,102.7,8339.9,16218.9,244.0,2048.0,66.4,0xe0000
2026-08-24T08:24:55.213516+00:00,4.17,4.13,104.3,8338.2,16218.9,246.0,2048.0,67.0,0xe0000
2026-08-24T08:25:05.218898+00:00,4.15,4.12,103.6,8338.6,16218.9,249.0,2048.0,67.5,0xe0000
2026-08-24T08:25:15.224482+00:00,4.13,4.12,103.3,8336.6,16218.9,249.0,2048.0,65.9,0xe0000
2026-08-24T08:25:25.235028+00:00,4.1,4.12,102.6,8336.8,16218.9,249.0,2048.0,68.1,0xe0000
2026-08-24T08:25:35.248690+00:00,4.16,4.13,104.0,8337.8,16218.9,249.0,2048.0,66.4,0xe0000
2026-08-24T08:25:45.253976+00:00,4.14,4.12,103.4,8336.8,16218.9,249.0,2048.0,66.4,0xe0000
2026-08-24T08:25:55.263736+00:00,4.11,4.12,102.9,8339.8,16218.9,249.0,2048.0,66.4,0xe0000
2026-08-24T08:26:05.269299+00:00,4.1,4.11,102.4,8332.6,16218.9,253.0,2048.0,67.5,0xe0000
2026-08-24T08:26:15.274430+00:00,4.08,4.11,102.0,8329.0,16218.9,255.0,2048.0,67.0,0xe0000
2026-08-24T08:26:25.281538+00:00,4.07,4.11,101.9,8331.4,16218.9,255.0,2048.0,68.1,0xe0000
2026-08-24T08:26:35.285824+00:00,4.06,4.1,101.6,8331.8,16218.9,255.0,2048.0,67.5,0xe0000
2026-08-24T08:26:45.293010+00:00,4.05,4.1,101.3,8331.6,16218.9,255.0,2048.0,66.4,0xe0000
2026-08-24T08:26:55.299862+00:00,4.04,4.1,101.1,8335.0,16218.9,255.0,2048.0,67.5,0xe0000
2026-08-24T08:27:05.306719+00:00,4.19,4.13,104.8,8329.3,16218.9,255.0,2048.0,67.5,0xe0000
2026-08-24T08:27:15.314579+00:00,4.16,4.12,104.0,8333.0,16218.9,255.0,2048.0,66.4,0xe0000
2026-08-24T08:27:25.321355+00:00,4.14,4.12,103.4,8387.5,16218.9,321.0,2048.0,67.0,0xe0000
2026-08-24T08:27:35.326555+00:00,4.11,4.11,102.9,8362.0,16218.9,321.0,2048.0,66.4,0xe0000
2026-08-24T08:27:45.336347+00:00,4.1,4.11,102.4,8342.5,16218.9,325.0,2048.0,67.0,0xe0000
2026-08-24T08:27:55.344634+00:00,4.08,4.1,102.0,8339.2,16218.9,325.0,2048.0,66.4,0xe0000
2026-08-24T08:28:05.351667+00:00,4.14,4.12,103.6,8333.1,16218.9,325.0,2048.0,68.1,0xe0000
2026-08-24T08:28:15.357016+00:00,4.12,4.11,103.0,8330.2,16218.9,325.0,2048.0,67.5,0xe0000
2026-08-24T08:28:25.362381+00:00,4.18,4.13,104.5,8329.2,16218.9,325.0,2048.0,65.9,0xe0000
2026-08-24T08:28:35.368709+00:00,4.15,4.12,103.8,8328.6,16218.9,325.0,2048.0,67.0,0xe0000
2026-08-24T08:28:45.374269+00:00,4.13,4.12,103.2,8328.4,16218.9,325.0,2048.0,66.4,0xe0000
2026-08-24T08:28:55.381112+00:00,4.11,4.11,102.7,8323.5,16218.9,325.0,2048.0,66.4,0xe0000
2026-08-24T08:29:05.388417+00:00,4.09,4.11,102.3,8327.4,16218.9,325.0,2048.0,66.4,0xe0000
2026-08-24T08:29:15.400672+00:00,4.08,4.1,101.9,8327.3,16218.9,325.0,2048.0,67.5,0xe0000
2026-08-24T08:29:25.405906+00:00,4.14,4.12,103.5,8326.7,16218.9,325.0,2048.0,67.0,0xe0000
2026-08-24T08:29:35.411339+00:00,4.12,4.11,102.9,8326.8,16218.9,325.0,2048.0,67.0,0xe0000
2026-08-24T08:29:45.417044+00:00,4.17,4.13,104.3,8327.3,16218.9,325.0,2048.0,67.0,0xe0000
2026-08-24T08:29:55.423179+00:00,4.22,4.14,105.5,8328.5,16218.9,325.0,2048.0,68.1,0xe0000
2026-08-24T08:30:05.533606+00:00,4.19,4.13,104.6,8328.3,16218.9,325.0,2048.0,67.0,0xe0000
2026-08-24T08:30:15.539433+00:00,4.14,4.13,103.6,8327.6,16218.9,325.0,2048.0,66.4,0xe0000
2026-08-24T08:30:25.545102+00:00,4.12,4.12,103.0,8324.6,16218.9,325.0,2048.0,67.5,0xe0000
2026-08-24T08:30:35.552589+00:00,4.1,4.12,102.6,8327.1,16218.9,325.0,2048.0,67.5,0xe0000
2026-08-24T08:30:45.557996+00:00,4.09,4.11,102.2,8326.4,16218.9,325.0,2048.0,67.5,0xe0000
2026-08-24T08:30:55.565382+00:00,4.07,4.11,101.8,8329.3,16218.9,325.0,2048.0,65.9,0xe0000
2026-08-24T08:31:05.571823+00:00,4.14,4.12,103.6,8331.3,16218.9,325.0,2048.0,66.4,0xe0000
2026-08-24T08:31:15.577105+00:00,4.12,4.12,103.0,8333.3,16218.9,325.0,2048.0,67.0,0xe0000
2026-08-24T08:31:25.582314+00:00,4.1,4.11,102.5,8330.5,16218.9,325.0,2048.0,67.5,0xe0000
2026-08-24T08:31:35.594843+00:00,4.08,4.11,102.1,8329.8,16218.9,325.0,2048.0,67.0,0xe0000
2026-08-24T08:31:45.601096+00:00,4.07,4.1,101.8,8333.3,16218.9,325.0,2048.0,67.0,0xe0000
2026-08-24T08:31:55.707093+00:00,4.13,4.12,103.4,8330.5,16218.9,325.0,2048.0,67.0,0xe0000
2026-08-24T08:32:05.713047+00:00,4.11,4.11,102.8,8327.0,16218.9,336.0,2048.0,67.0,0xe0000
2026-08-24T08:32:15.722598+00:00,4.17,4.13,104.2,8325.2,16218.9,336.0,2048.0,67.5,0xe0000
2026-08-24T08:32:25.729352+00:00,4.22,4.14,105.4,8324.5,16218.9,336.0,2048.0,67.0,0xe0000
2026-08-24T08:32:35.738293+00:00,4.26,4.15,106.6,8326.0,16218.9,336.0,2048.0,67.5,0xe0000
2026-08-24T08:32:45.743955+00:00,4.22,4.14,105.6,8323.0,16218.9,336.0,2048.0,66.4,0xe0000
2026-08-24T08:32:55.749135+00:00,4.19,4.14,104.7,8321.5,16218.9,336.0,2048.0,67.0,0xe0000
2026-08-24T08:33:05.755762+00:00,4.16,4.13,104.0,8324.7,16218.9,336.0,2048.0,67.0,0xe0000
2026-08-24T08:33:15.763429+00:00,4.13,4.13,103.3,8325.9,16218.9,336.0,2048.0,67.0,0xe0000
2026-08-24T08:33:25.770082+00:00,4.11,4.12,102.8,8325.2,16218.9,336.0,2048.0,67.5,0xe0000
2026-08-24T08:33:35.775889+00:00,4.1,4.12,102.4,8324.4,16218.9,336.0,2048.0,67.0,0xe0000
2026-08-24T08:33:45.781869+00:00,4.08,4.12,102.0,8324.7,16218.9,336.0,2048.0,66.4,0xe0000
2026-08-24T08:33:55.790969+00:00,4.07,4.11,101.7,8328.3,16218.9,336.0,2048.0,67.5,0xe0000
2026-08-24T08:34:05.798857+00:00,4.06,4.11,101.4,8326.8,16218.9,336.0,2048.0,67.5,0xe0000
2026-08-24T08:34:15.804346+00:00,4.13,4.12,103.2,8327.1,16218.9,336.0,2048.0,67.0,0xe0000
2026-08-24T08:34:25.810871+00:00,4.11,4.12,102.7,8328.2,16218.9,336.0,2048.0,67.5,0xe0000
2026-08-24T08:34:35.817480+00:00,4.16,4.13,104.1,8331.1,16218.9,336.0,2048.0,68.1,0xe0000
2026-08-24T08:34:45.823562+00:00,4.14,4.12,103.5,8326.6,16218.9,336.0,2048.0,67.5,0xe0000
2026-08-24T08:34:55.829446+00:00,4.12,4.12,102.9,8327.6,16218.9,340.0,2048.0,67.5,0xe0000
2026-08-24T08:35:05.834579+00:00,4.17,4.13,104.3,8333.8,16218.9,340.0,2048.0,66.4,0xe0000
2026-08-24T08:35:15.842532+00:00,4.15,4.13,103.6,8330.8,16218.9,340.0,2048.0,67.5,0xe0000
2026-08-24T08:35:25.850932+00:00,4.28,4.16,106.9,8326.3,16218.9,340.0,2048.0,66.4,0xe0000
2026-08-24T08:35:35.861080+00:00,4.32,4.17,107.9,8326.3,16218.9,340.0,2048.0,65.9,0xe0000
2026-08-24T08:35:45.868639+00:00,4.27,4.16,106.7,8325.1,16218.9,340.0,2048.0,67.0,0xe0000
2026-08-24T08:35:55.875380+00:00,4.3,4.17,107.5,8328.8,16218.9,340.0,2048.0,67.5,0xe0000
2026-08-24T08:36:05.880728+00:00,4.25,4.17,106.3,8333.1,16218.9,340.0,2048.0,67.5,0xe0000
2026-08-24T08:36:15.886433+00:00,4.21,4.16,105.3,8330.0,16218.9,340.0,2048.0,67.5,0xe0000
2026-08-24T08:36:25.890954+00:00,4.25,4.17,106.3,8333.0,16218.9,340.0,2048.0,65.9,0xe0000
2026-08-24T08:36:35.897375+00:00,4.21,4.17,105.4,8329.6,16218.9,340.0,2048.0,67.0,0xe0000
2026-08-24T08:36:45.905499+00:00,4.26,4.18,106.5,8329.2,16218.9,340.0,2048.0,67.5,0xe0000
2026-08-24T08:36:55.912616+00:00,4.22,4.17,105.5,8329.1,16218.9,340.0,2048.0,66.4,0xe0000
2026-08-24T08:37:05.925445+00:00,4.19,4.16,104.7,8326.8,16218.9,340.0,2048.0,67.5,0xe0000
2026-08-24T08:37:15.931064+00:00,4.16,4.16,103.9,8330.2,16218.9,340.0,2048.0,67.5,0xe0000
2026-08-24T08:37:25.938037+00:00,4.21,4.17,105.2,8331.5,16218.9,340.0,2048.0,67.5,0xe0000
2026-08-24T08:37:35.947420+00:00,4.17,4.16,104.4,8327.8,16218.9,340.0,2048.0,66.4,0xe0000
2026-08-24T08:37:45.956470+00:00,4.15,4.16,103.7,8328.8,16218.9,340.0,2048.0,67.5,0xe0000
2026-08-24T08:37:56.060903+00:00,4.2,4.17,104.9,8331.3,16218.9,340.0,2048.0,66.4,0xe0000
2026-08-24T08:38:06.067936+00:00,4.25,4.18,106.2,8327.1,16218.9,340.0,2048.0,67.0,0xe0000
2026-08-24T08:38:16.073789+00:00,4.37,4.21,109.2,8330.1,16218.9,340.0,2048.0,66.4,0xe0000
2026-08-24T08:38:26.084232+00:00,4.39,4.22,109.8,8328.0,16218.9,340.0,2048.0,67.5,0xe0000
2026-08-24T08:38:36.090674+00:00,4.33,4.21,108.3,8325.6,16218.9,340.0,2048.0,66.4,0xe0000
2026-08-24T08:38:46.097203+00:00,4.28,4.2,107.0,8329.4,16218.9,340.0,2048.0,67.0,0xe0000
2026-08-24T08:38:56.103652+00:00,4.24,4.2,105.9,8326.2,16218.9,340.0,2048.0,66.4,0xe0000
2026-08-24T08:39:06.110481+00:00,4.2,4.19,105.0,8327.5,16218.9,340.0,2048.0,66.4,0xe0000
2026-08-24T08:39:16.115903+00:00,4.17,4.18,104.2,8327.9,16218.9,340.0,2048.0,68.1,0xe0000
2026-08-24T08:39:26.122748+00:00,4.14,4.17,103.6,8329.0,16218.9,340.0,2048.0,67.0,0xe0000
2026-08-24T08:39:36.133376+00:00,4.19,4.19,104.9,8331.1,16218.9,340.0,2048.0,67.5,0xe0000
2026-08-24T08:39:46.139250+00:00,4.24,4.2,106.0,8329.4,16218.9,340.0,2048.0,65.9,0xe0000
2026-08-24T08:39:56.152205+00:00,4.2,4.19,105.0,8331.9,16218.9,340.0,2048.0,66.4,0xe0000
2026-08-24T08:40:06.157761+00:00,4.17,4.18,104.2,8331.7,16218.9,340.0,2048.0,67.5,0xe0000
2026-08-24T08:40:16.163092+00:00,4.14,4.18,103.6,8331.4,16218.9,340.0,2048.0,67.0,0xe0000
2026-08-24T08:40:26.174602+00:00,4.2,4.19,104.9,8337.7,16218.9,344.0,2048.0,67.5,0xe0000
2026-08-24T08:40:36.181909+00:00,4.16,4.18,104.1,8342.8,16218.9,344.0,2048.0,66.4,0xe0000
2026-08-24T08:40:46.189654+00:00,4.14,4.17,103.5,8342.0,16218.9,344.0,2048.0,67.0,0xe0000
2026-08-24T08:40:56.196387+00:00,4.19,4.18,104.8,8341.6,16218.9,344.0,2048.0,67.0,0xe0000
2026-08-24T08:41:06.202562+00:00,4.16,4.18,104.0,8340.9,16218.9,344.0,2048.0,66.4,0xe0000
2026-08-24T08:41:16.209277+00:00,4.14,4.17,103.4,8339.7,16218.9,347.0,2048.0,67.5,0xe0000
2026-08-24T08:41:26.215002+00:00,4.11,4.16,102.9,8344.3,16218.9,350.0,2048.0,67.0,0xe0000
2026-08-24T08:41:36.222766+00:00,4.18,4.18,104.4,8339.0,16218.9,350.0,2048.0,67.5,0xe0000
2026-08-24T08:41:46.229985+00:00,4.15,4.17,103.7,8341.0,16218.9,350.0,2048.0,66.4,0xe0000
2026-08-24T08:41:56.235492+00:00,4.13,4.16,103.1,8339.2,16218.9,350.0,2048.0,67.5,0xe0000
2026-08-24T08:42:06.241511+00:00,4.11,4.16,102.7,8339.3,16218.9,350.0,2048.0,67.5,0xe0000
2026-08-24T08:42:16.250513+00:00,4.09,4.15,102.2,8340.5,16218.9,350.0,2048.0,67.0,0xe0000
2026-08-24T08:42:26.256115+00:00,4.08,4.15,101.9,8341.9,16218.9,350.0,2048.0,67.5,0xe0000
2026-08-24T08:42:36.270821+00:00,4.06,4.14,101.6,8339.4,16218.9,350.0,2048.0,68.1,0xe0000
2026-08-24T08:42:46.276497+00:00,4.05,4.14,101.3,8339.0,16218.9,350.0,2048.0,67.0,0xe0000
2026-08-24T08:42:56.282103+00:00,4.21,4.17,105.1,8336.2,16218.9,350.0,2048.0,66.4,0xe0000
2026-08-24T08:43:06.291999+00:00,4.25,4.18,106.2,8336.6,16218.9,350.0,2048.0,67.0,0xe0000
2026-08-24T08:43:16.299862+00:00,4.21,4.17,105.2,8336.4,16218.9,350.0,2048.0,67.0,0xe0000
2026-08-24T08:43:26.305790+00:00,4.18,4.16,104.4,8334.5,16218.9,350.0,2048.0,67.5,0xe0000
2026-08-24T08:43:36.313571+00:00,4.15,4.16,103.7,8415.5,16218.9,363.0,2048.0,67.5,0xe0000
2026-08-24T08:43:46.318826+00:00,4.12,4.15,103.1,8396.5,16218.9,363.0,2048.0,67.0,0xe0000
2026-08-24T08:43:56.326682+00:00,4.19,4.16,104.7,8379.3,16218.9,374.0,2048.0,67.0,0xe0000
2026-08-24T08:44:06.333277+00:00,4.16,4.16,103.9,8372.2,16218.9,374.0,2048.0,67.5,0xe0000
2026-08-24T08:44:16.338994+00:00,4.13,4.15,103.3,8369.7,16218.9,374.0,2048.0,67.0,0xe0000
2026-08-24T08:44:26.344575+00:00,4.11,4.15,102.8,8369.8,16218.9,374.0,2048.0,68.1,0xe0000
2026-08-24T08:44:36.350236+00:00,4.32,4.19,108.1,8372.6,16218.9,374.0,2048.0,67.0,0xe0000
2026-08-24T08:44:46.357290+00:00,4.27,4.18,106.8,8371.2,16218.9,374.0,2048.0,67.0,0xe0000
2026-08-24T08:44:56.362632+00:00,4.23,4.18,105.7,8369.1,16218.9,374.0,2048.0,66.4,0xe0000
2026-08-24T08:45:06.368097+00:00,4.19,4.17,104.9,8351.2,16218.9,374.0,2048.0,67.0,0xe0000
2026-08-24T08:45:16.373919+00:00,4.16,4.17,104.1,8351.1,16218.9,374.0,2048.0,66.4,0xe0000
2026-08-24T08:45:26.384008+00:00,4.14,4.16,103.5,8351.2,16218.9,374.0,2048.0,67.0,0xe0000
2026-08-24T08:45:36.389473+00:00,4.12,4.15,102.9,8348.7,16218.9,374.0,2048.0,68.1,0xe0000
2026-08-24T08:45:46.395050+00:00,4.18,4.17,104.5,8347.4,16218.9,374.0,2048.0,66.4,0xe0000
2026-08-24T08:45:56.401925+00:00,4.15,4.16,103.8,8349.0,16218.9,374.0,2048.0,65.9,0xe0000
2026-08-24T08:46:06.407317+00:00,4.13,4.15,103.2,8347.5,16218.9,374.0,2048.0,67.5,0xe0000
2026-08-24T08:46:16.418017+00:00,4.11,4.15,102.7,8352.5,16218.9,374.0,2048.0,67.5,0xe0000
2026-08-24T08:46:26.426584+00:00,4.09,4.14,102.3,8330.8,16218.9,374.0,2048.0,68.1,0xe0000
2026-08-24T08:46:36.432838+00:00,4.08,4.14,101.9,8325.7,16218.9,379.0,2048.0,68.1,0xe0000
2026-08-24T08:46:46.440226+00:00,4.06,4.13,101.6,8327.3,16218.9,379.0,2048.0,67.0,0xe0000
2026-08-24T08:46:56.549542+00:00,4.13,4.14,103.4,8382.4,16218.9,379.0,2048.0,67.5,0xe0000
2026-08-24T08:47:06.555051+00:00,4.11,4.14,102.8,8354.9,16218.9,379.0,2048.0,65.9,0xe0000
2026-08-24T08:47:16.565443+00:00,4.1,4.13,102.4,8346.1,16218.9,379.0,2048.0,67.5,0xe0000
2026-08-24T08:47:26.571996+00:00,4.08,4.13,102.0,8330.3,16218.9,379.0,2048.0,66.4,0xe0000
2026-08-24T08:47:36.577590+00:00,4.07,4.12,101.7,8325.7,16218.9,379.0,2048.0,68.1,0xe0000
2026-08-24T08:47:46.585533+00:00,4.06,4.12,101.4,8328.8,16218.9,379.0,2048.0,65.9,0xe0000
2026-08-24T08:47:56.590520+00:00,4.05,4.12,101.2,8326.9,16218.9,379.0,2048.0,67.0,0xe0000
2026-08-24T08:48:06.601471+00:00,4.04,4.11,101.0,8321.8,16218.9,379.0,2048.0,67.0,0xe0000
2026-08-24T08:48:16.608246+00:00,4.03,4.11,100.8,8326.3,16218.9,379.0,2048.0,67.5,0xe0000
2026-08-24T08:48:26.613785+00:00,4.1,4.12,102.5,8325.3,16218.9,379.0,2048.0,67.0,0xe0000
2026-08-24T08:48:36.621572+00:00,4.08,4.12,102.1,8325.9,16218.9,379.0,2048.0,67.0,0xe0000
2026-08-24T08:48:46.628674+00:00,4.07,4.11,101.8,8325.0,16218.9,379.0,2048.0,67.0,0xe0000
2026-08-24T08:48:56.633492+00:00,4.06,4.11,101.5,8328.6,16218.9,387.0,2048.0,67.0,0xe0000
2026-08-24T08:49:06.638979+00:00,4.05,4.1,101.3,8326.8,16218.9,387.0,2048.0,66.4,0xe0000
2026-08-24T08:49:16.646505+00:00,4.04,4.1,101.1,8325.8,16218.9,387.0,2048.0,67.5,0xe0000
2026-08-24T08:49:26.652205+00:00,4.04,4.1,100.9,8326.6,16218.9,387.0,2048.0,66.4,0xe0000
2026-08-24T08:49:36.657867+00:00,4.11,4.11,102.8,8318.9,16218.9,392.0,2048.0,65.9,0xe0000
2026-08-24T08:49:46.665622+00:00,4.09,4.1,102.3,8321.3,16218.9,392.0,2048.0,67.0,0xe0000
2026-08-24T08:49:56.675002+00:00,4.08,4.1,102.0,8319.8,16218.9,392.0,2048.0,66.4,0xe0000
2026-08-24T08:50:06.680543+00:00,4.07,4.1,101.6,8321.7,16218.9,392.0,2048.0,67.5,0xe0000
2026-08-24T08:50:16.686000+00:00,4.06,4.09,101.4,8318.1,16218.9,392.0,2048.0,66.4,0xe0000
2026-08-24T08:50:26.694856+00:00,4.05,4.09,101.2,8321.9,16218.9,392.0,2048.0,67.5,0xe0000
2026-08-24T08:50:36.701482+00:00,4.04,4.09,101.0,8325.5,16218.9,392.0,2048.0,66.4,0xe0000
2026-08-24T08:50:46.708455+00:00,4.03,4.08,100.8,8326.7,16218.9,392.0,2048.0,67.0,0xe0000
2026-08-24T08:50:56.714358+00:00,4.03,4.08,100.7,8327.1,16218.9,392.0,2048.0,65.9,0xe0000
2026-08-24T08:51:06.718383+00:00,4.1,4.09,102.6,8326.5,16218.9,392.0,2048.0,67.0,0xe0000
2026-08-24T08:51:16.727723+00:00,4.09,4.09,102.2,8324.1,16218.9,394.0,2048.0,67.0,0xe0000
2026-08-24T08:51:26.739772+00:00,4.07,4.09,101.8,8326.0,16218.9,394.0,2048.0,67.0,0xe0000
2026-08-24T08:51:36.745306+00:00,4.14,4.1,103.6,8322.4,16218.9,394.0,2048.0,67.0,0xe0000
2026-08-24T08:51:46.752984+00:00,4.12,4.1,103.0,8322.5,16218.9,394.0,2048.0,67.0,0xe0000
2026-08-24T08:51:56.758803+00:00,4.1,4.09,102.5,8324.2,16218.9,397.0,2048.0,67.5,0xe0000
2026-08-24T08:52:06.764326+00:00,4.08,4.09,102.1,8323.9,16218.9,397.0,2048.0,67.5,0xe0000
2026-08-24T08:52:16.770897+00:00,4.15,4.1,103.8,8330.3,16218.9,397.0,2048.0,67.0,0xe0000
2026-08-24T08:52:26.775727+00:00,4.13,4.1,103.2,8327.1,16218.9,397.0,2048.0,67.5,0xe0000
2026-08-24T08:52:36.786645+00:00,4.11,4.09,102.7,8324.7,16218.9,397.0,2048.0,67.0,0xe0000
2026-08-24T08:52:46.793563+00:00,4.09,4.09,102.3,8322.7,16218.9,400.0,2048.0,65.9,0xe0000
2026-08-24T08:52:56.798958+00:00,4.16,4.1,103.9,8326.5,16218.9,400.0,2048.0,67.0,0xe0000
2026-08-24T08:53:06.807988+00:00,4.13,4.1,103.3,8325.6,16218.9,400.0,2048.0,67.5,0xe0000
2026-08-24T08:53:16.813855+00:00,4.11,4.1,102.8,8323.8,16218.9,400.0,2048.0,67.0,0xe0000
2026-08-24T08:53:26.821693+00:00,4.09,4.09,102.4,8321.1,16218.9,400.0,2048.0,67.0,0xe0000
2026-08-24T08:53:36.827919+00:00,4.08,4.09,102.0,8320.5,16218.9,400.0,2048.0,68.1,0xe0000
2026-08-24T08:53:46.907652+00:00,4.15,4.1,103.7,8322.2,16218.9,400.0,2048.0,65.9,0xe0000
2026-08-24T08:53:56.917593+00:00,4.12,4.1,103.1,8319.1,16218.9,400.0,2048.0,67.0,0xe0000
2026-08-24T08:54:06.923920+00:00,4.1,4.09,102.6,8319.7,16218.9,400.0,2048.0,67.0,0xe0000
2026-08-24T08:54:16.932352+00:00,4.09,4.09,102.2,8317.2,16218.9,400.0,2048.0,67.5,0xe0000
2026-08-24T08:54:26.939380+00:00,4.07,4.09,101.8,8316.3,16218.9,400.0,2048.0,66.4,0xe0000
2026-08-24T08:54:36.947003+00:00,4.06,4.08,101.5,8317.2,16218.9,400.0,2048.0,67.5,0xe0000
2026-08-24T08:54:46.953983+00:00,4.05,4.08,101.3,8318.2,16218.9,400.0,2048.0,65.9,0xe0000
2026-08-24T08:54:56.959269+00:00,4.04,4.08,101.1,8319.1,16218.9,400.0,2048.0,67.5,0xe0000
2026-08-24T08:55:06.969398+00:00,4.04,4.07,100.9,8318.3,16218.9,400.0,2048.0,66.4,0xe0000
2026-08-24T08:55:16.977441+00:00,4.03,4.07,100.7,8319.3,16218.9,400.0,2048.0,67.5,0xe0000
2026-08-24T08:55:26.984412+00:00,4.11,4.09,102.6,8318.1,16218.9,400.0,2048.0,68.1,0xe0000
2026-08-24T08:55:36.991937+00:00,4.16,4.1,104.1,8317.9,16218.9,400.0,2048.0,67.0,0xe0000
2026-08-24T08:55:46.997612+00:00,4.14,4.1,103.4,8319.6,16218.9,400.0,2048.0,67.0,0xe0000
2026-08-24T08:55:57.002980+00:00,4.2,4.11,104.9,8317.6,16218.9,400.0,2048.0,66.4,0xe0000
2026-08-24T08:56:07.009596+00:00,4.17,4.1,104.1,8318.8,16218.9,400.0,2048.0,66.4,0xe0000
2026-08-24T08:56:17.018890+00:00,4.14,4.1,103.5,8316.0,16218.9,400.0,2048.0,67.0,0xe0000
2026-08-24T08:56:27.025400+00:00,4.12,4.1,102.9,8319.2,16218.9,400.0,2048.0,67.5,0xe0000
2026-08-24T08:56:37.030812+00:00,4.25,4.13,106.2,8320.2,16218.9,400.0,2048.0,67.0,0xe0000
2026-08-24T08:56:47.036336+00:00,4.36,4.15,108.9,8322.1,16218.9,400.0,2048.0,67.0,0xe0000
2026-08-24T08:56:57.044078+00:00,4.3,4.15,107.5,8320.2,16218.9,400.0,2048.0,67.5,0xe0000
2026-08-24T08:57:07.049599+00:00,4.25,4.14,106.3,8323.0,16218.9,400.0,2048.0,67.5,0xe0000
2026-08-24T08:57:17.058750+00:00,4.21,4.14,105.4,8318.0,16218.9,400.0,2048.0,65.9,0xe0000
2026-08-24T08:57:27.065298+00:00,4.18,4.13,104.5,8321.2,16218.9,400.0,2048.0,67.0,0xe0000
2026-08-24T08:57:37.072673+00:00,4.23,4.15,105.7,8317.1,16218.9,400.0,2048.0,67.0,0xe0000
2026-08-24T08:57:47.078269+00:00,4.19,4.14,104.8,8320.6,16218.9,400.0,2048.0,65.9,0xe0000
2026-08-24T08:57:57.084843+00:00,4.16,4.14,104.0,8322.5,16218.9,400.0,2048.0,66.4,0xe0000
2026-08-24T08:58:07.089620+00:00,4.14,4.13,103.4,8314.7,16218.9,404.0,2048.0,67.0,0xe0000
2026-08-24T08:58:17.096357+00:00,4.11,4.13,102.9,8320.1,16218.9,404.0,2048.0,67.5,0xe0000
2026-08-24T08:58:27.105504+00:00,4.17,4.14,104.3,8316.9,16218.9,404.0,2048.0,67.5,0xe0000
2026-08-24T08:58:37.112124+00:00,4.14,4.13,103.6,8318.9,16218.9,404.0,2048.0,67.5,0xe0000
2026-08-24T08:58:47.118092+00:00,4.12,4.13,103.0,8324.0,16218.9,404.0,2048.0,67.0,0xe0000
2026-08-24T08:58:57.126852+00:00,4.1,4.12,102.6,8319.9,16218.9,404.0,2048.0,67.0,0xe0000
2026-08-24T08:59:07.132301+00:00,4.09,4.12,102.2,8320.5,16218.9,404.0,2048.0,67.5,0xe0000
2026-08-24T08:59:17.139130+00:00,4.07,4.11,101.8,8316.5,16218.9,404.0,2048.0,66.4,0xe0000
2026-08-24T08:59:27.148518+00:00,4.06,4.11,101.5,8319.8,16218.9,404.0,2048.0,67.5,0xe0000
2026-08-24T08:59:37.153950+00:00,4.05,4.11,101.3,8318.1,16218.9,404.0,2048.0,67.5,0xe0000
2026-08-24T08:59:47.162508+00:00,4.12,4.12,103.1,8318.0,16218.9,404.0,2048.0,67.0,0xe0000
2026-08-24T08:59:57.168302+00:00,4.1,4.12,102.6,8322.0,16218.9,404.0,2048.0,67.0,0xe0000
2026-08-24T09:00:07.176113+00:00,4.09,4.11,102.2,8320.1,16218.9,404.0,2048.0,68.1,0xe0000
2026-08-24T09:00:17.180724+00:00,4.15,4.12,103.8,8321.9,16218.9,404.0,2048.0,67.0,0xe0000
2026-08-24T09:00:27.185548+00:00,4.28,4.15,107.1,8321.0,16218.9,404.0,2048.0,67.0,0xe0000
2026-08-24T09:00:37.191609+00:00,4.24,4.15,106.0,8322.6,16218.9,411.0,2048.0,67.5,0xe0000
2026-08-24T09:00:47.199915+00:00,4.2,4.14,105.1,8322.1,16218.9,411.0,2048.0,67.0,0xe0000
2026-08-24T09:00:57.205255+00:00,4.17,4.14,104.3,8322.5,16218.9,411.0,2048.0,67.5,0xe0000
2026-08-24T09:01:07.212930+00:00,4.14,4.13,103.6,8321.9,16218.9,411.0,2048.0,67.0,0xe0000
2026-08-24T09:01:17.217530+00:00,4.12,4.13,103.0,8319.4,16218.9,411.0,2048.0,67.0,0xe0000
2026-08-24T09:01:27.226711+00:00,4.1,4.12,102.6,8320.6,16218.9,411.0,2048.0,67.0,0xe0000
2026-08-24T09:01:37.232501+00:00,4.09,4.12,102.2,8320.2,16218.9,411.0,2048.0,66.4,0xe0000
2026-08-24T09:01:47.237972+00:00,4.07,4.11,101.8,8320.8,16218.9,411.0,2048.0,66.4,0xe0000
2026-08-24T09:01:57.244501+00:00,4.06,4.11,101.5,8324.4,16218.9,411.0,2048.0,67.5,0xe0000
2026-08-24T09:02:07.250707+00:00,4.05,4.11,101.3,8323.6,16218.9,411.0,2048.0,66.4,0xe0000
2026-08-24T09:02:17.260374+00:00,4.04,4.1,101.1,8322.7,16218.9,411.0,2048.0,67.0,0xe0000
2026-08-24T09:02:27.265966+00:00,4.04,4.1,100.9,8323.7,16218.9,411.0,2048.0,66.4,0xe0000
2026-08-24T09:02:37.276089+00:00,4.03,4.09,100.7,8320.3,16218.9,411.0,2048.0,67.0,0xe0000
2026-08-24T09:02:47.280467+00:00,4.02,4.09,100.6,8320.8,16218.9,411.0,2048.0,68.1,0xe0000
2026-08-24T09:02:57.286289+00:00,4.09,4.1,102.4,8325.0,16218.9,411.0,2048.0,65.3,0xe0000
2026-08-24T09:03:07.291760+00:00,4.08,4.1,102.0,8323.3,16218.9,411.0,2048.0,66.4,0xe0000
2026-08-24T09:03:17.302609+00:00,4.14,4.11,103.5,8322.6,16218.9,411.0,2048.0,67.0,0xe0000
2026-08-24T09:03:27.309384+00:00,4.12,4.11,103.0,8324.3,16218.9,411.0,2048.0,66.4,0xe0000
2026-08-24T09:03:37.318359+00:00,4.18,4.12,104.5,8325.9,16218.9,411.0,2048.0,67.5,0xe0000
2026-08-24T09:03:47.324914+00:00,4.15,4.12,103.8,8325.2,16218.9,411.0,2048.0,66.4,0xe0000
2026-08-24T09:03:57.330485+00:00,4.13,4.11,103.2,8324.9,16218.9,411.0,2048.0,67.0,0xe0000
2026-08-24T09:04:07.339886+00:00,4.11,4.11,102.7,8324.2,16218.9,411.0,2048.0,67.0,0xe0000
2026-08-24T09:04:17.345438+00:00,4.09,4.11,102.3,8323.7,16218.9,411.0,2048.0,67.0,0xe0000
2026-08-24T09:04:27.354481+00:00,4.08,4.1,101.9,8320.1,16218.9,411.0,2048.0,67.5,0xe0000
2026-08-24T09:04:37.361260+00:00,4.06,4.1,101.6,8326.7,16218.9,411.0,2048.0,67.5,0xe0000
2026-08-24T09:04:47.368704+00:00,4.05,4.09,101.4,8328.0,16218.9,416.0,2048.0,67.5,0xe0000
2026-08-24T09:04:57.374773+00:00,4.05,4.09,101.1,8324.2,16218.9,422.0,2048.0,67.0,0xe0000
2026-08-24T09:05:07.381006+00:00,4.04,4.09,101.0,8325.6,16218.9,422.0,2048.0,67.0,0xe0000
2026-08-24T09:05:17.387306+00:00,4.18,4.12,104.5,8322.9,16218.9,422.0,2048.0,67.0,0xe0000
2026-08-24T09:05:27.393491+00:00,4.15,4.11,103.8,8322.4,16218.9,422.0,2048.0,67.5,0xe0000
2026-08-24T09:05:37.403499+00:00,4.13,4.11,103.2,8322.5,16218.9,422.0,2048.0,67.0,0xe0000
2026-08-24T09:05:47.409399+00:00,4.11,4.1,102.7,8313.8,16218.9,422.0,2048.0,67.0,0xe0000
2026-08-24T09:05:57.414811+00:00,4.17,4.12,104.1,8311.2,16218.9,422.0,2048.0,67.0,0xe0000
2026-08-24T09:06:07.420504+00:00,4.14,4.11,103.5,8311.2,16218.9,422.0,2048.0,65.9,0xe0000
2026-08-24T09:06:17.426510+00:00,4.2,4.13,105.0,8310.4,16218.9,422.0,2048.0,67.0,0xe0000
2026-08-24T09:06:27.440221+00:00,4.24,4.14,106.0,8309.7,16218.9,422.0,2048.0,67.0,0xe0000
2026-08-24T09:06:37.445708+00:00,4.28,4.15,107.1,8312.3,16218.9,422.0,2048.0,67.5,0xe0000
2026-08-24T09:06:47.450436+00:00,4.24,4.15,106.0,8312.0,16218.9,422.0,2048.0,65.9,0xe0000
2026-08-24T09:06:57.456385+00:00,4.2,4.14,105.1,8314.5,16218.9,422.0,2048.0,66.4,0xe0000
2026-08-24T09:07:07.462160+00:00,4.17,4.14,104.3,8311.7,16218.9,422.0,2048.0,67.0,0xe0000
2026-08-24T09:07:17.468764+00:00,4.14,4.13,103.6,8313.2,16218.9,422.0,2048.0,67.0,0xe0000
2026-08-24T09:07:27.478799+00:00,4.12,4.13,103.0,8313.7,16218.9,422.0,2048.0,68.1,0xe0000
2026-08-24T09:07:37.485470+00:00,4.1,4.12,102.6,8299.0,16218.9,435.0,2048.0,67.5,0xe0000
2026-08-24T09:07:47.492548+00:00,4.16,4.13,104.0,8303.2,16218.9,435.0,2048.0,66.4,0xe0000
2026-08-24T09:07:57.498038+00:00,4.14,4.13,103.4,8304.0,16218.9,435.0,2048.0,67.0,0xe0000
2026-08-24T09:08:07.504510+00:00,4.19,4.14,104.7,8301.6,16218.9,438.0,2048.0,65.9,0xe0000
2026-08-24T09:08:17.510725+00:00,4.16,4.14,104.0,8305.8,16218.9,438.0,2048.0,67.5,0xe0000
2026-08-24T09:08:27.517518+00:00,4.21,4.15,105.4,8304.7,16218.9,438.0,2048.0,66.4,0xe0000
2026-08-24T09:08:37.524796+00:00,4.18,4.14,104.5,8302.5,16218.9,438.0,2048.0,67.0,0xe0000
2026-08-24T09:08:47.531532+00:00,4.15,4.14,103.8,8303.0,16218.9,438.0,2048.0,65.9,0xe0000
2026-08-24T09:08:57.539854+00:00,4.13,4.13,103.2,8304.0,16218.9,438.0,2048.0,67.0,0xe0000
2026-08-24T09:09:07.545569+00:00,4.11,4.13,102.7,8303.4,16218.9,438.0,2048.0,66.4,0xe0000
2026-08-24T09:09:17.553473+00:00,4.25,4.16,106.3,8306.3,16218.9,438.0,2048.0,67.0,0xe0000
2026-08-24T09:09:27.558617+00:00,4.37,4.18,109.3,8304.0,16218.9,438.0,2048.0,67.0,0xe0000
2026-08-24T09:09:37.567856+00:00,4.32,4.18,107.9,8302.1,16218.9,438.0,2048.0,67.0,0xe0000
2026-08-24T09:09:47.573245+00:00,4.27,4.17,106.7,8303.2,16218.9,438.0,2048.0,66.4,0xe0000
2026-08-24T09:09:57.580372+00:00,4.3,4.18,107.5,8300.5,16218.9,438.0,2048.0,67.0,0xe0000
2026-08-24T09:10:07.587009+00:00,4.33,4.19,108.2,8302.8,16218.9,438.0,2048.0,67.0,0xe0000
2026-08-24T09:10:17.596020+00:00,4.28,4.19,106.9,8300.2,16218.9,438.0,2048.0,67.5,0xe0000
2026-08-24T09:10:27.605534+00:00,4.31,4.2,107.7,8300.8,16218.9,438.0,2048.0,67.5,0xe0000
2026-08-24T09:10:37.611937+00:00,4.26,4.19,106.5,8311.6,16218.9,438.0,2048.0,67.0,0xe0000
2026-08-24T09:10:47.622431+00:00,4.22,4.18,105.5,8308.4,16218.9,441.0,2048.0,65.9,0xe0000
2026-08-24T09:10:57.628149+00:00,4.26,4.19,106.5,8309.2,16218.9,441.0,2048.0,68.1,0xe0000
2026-08-24T09:11:07.640232+00:00,4.22,4.19,105.5,8309.8,16218.9,441.0,2048.0,67.5,0xe0000
2026-08-24T09:11:17.645844+00:00,4.19,4.18,104.6,8308.0,16218.9,441.0,2048.0,66.4,0xe0000
2026-08-24T09:11:27.651781+00:00,4.16,4.17,103.9,8321.8,16218.9,442.0,2048.0,67.5,0xe0000
2026-08-24T09:11:37.657659+00:00,4.13,4.17,103.3,8303.0,16218.9,442.0,2048.0,66.4,0xe0000
2026-08-24T09:11:47.664737+00:00,4.11,4.16,102.8,8301.4,16218.9,442.0,2048.0,68.1,0xe0000
2026-08-24T09:11:57.671345+00:00,4.09,4.15,102.3,8299.7,16218.9,442.0,2048.0,67.5,0xe0000
2026-08-24T09:12:07.675719+00:00,4.08,4.15,102.0,8302.2,16218.9,442.0,2048.0,67.5,0xe0000
2026-08-24T09:12:17.682603+00:00,4.07,4.14,101.7,8304.4,16218.9,442.0,2048.0,66.4,0xe0000
2026-08-24T09:12:27.692421+00:00,4.06,4.14,101.4,8300.5,16218.9,442.0,2048.0,67.5,0xe0000
2026-08-24T09:12:37.698008+00:00,4.05,4.13,101.2,8303.9,16218.9,442.0,2048.0,67.5,0xe0000
2026-08-24T09:12:47.704201+00:00,4.04,4.13,101.0,8301.6,16218.9,442.0,2048.0,67.5,0xe0000
2026-08-24T09:12:57.710084+00:00,4.11,4.14,102.8,8303.9,16218.9,446.0,2048.0,66.4,0xe0000
2026-08-24T09:13:07.715727+00:00,4.1,4.14,102.4,8318.2,16218.9,446.0,2048.0,65.9,0xe0000
2026-08-24T09:13:17.721048+00:00,4.08,4.13,102.0,8314.7,16218.9,446.0,2048.0,67.5,0xe0000
2026-08-24T09:13:27.730725+00:00,4.15,4.14,103.7,8341.6,16218.9,446.0,2048.0,67.5,0xe0000
2026-08-24T09:13:37.737391+00:00,4.12,4.14,103.1,8351.0,16218.9,446.0,2048.0,67.0,0xe0000
2026-08-24T09:13:47.742749+00:00,4.1,4.13,102.6,8337.8,16218.9,446.0,2048.0,66.4,0xe0000
2026-08-24T09:13:57.750967+00:00,4.09,4.13,102.2,8334.7,16218.9,446.0,2048.0,67.0,0xe0000
2026-08-24T09:14:07.757427+00:00,4.07,4.12,101.8,8340.7,16218.9,446.0,2048.0,67.5,0xe0000
2026-08-24T09:14:17.764800+00:00,4.14,4.14,103.6,8336.6,16218.9,446.0,2048.0,67.5,0xe0000
2026-08-24T09:14:27.771535+00:00,4.12,4.13,103.0,8332.5,16218.9,446.0,2048.0,66.4,0xe0000
2026-08-24T09:14:37.785444+00:00,4.1,4.13,102.5,8331.1,16218.9,446.0,2048.0,66.4,0xe0000
2026-08-24T09:14:47.791317+00:00,4.08,4.12,102.1,8334.0,16218.9,446.0,2048.0,67.0,0xe0000
2026-08-24T09:14:57.796355+00:00,4.07,4.12,101.8,8330.7,16218.9,446.0,2048.0,67.5,0xe0000
2026-08-24T09:15:07.802077+00:00,4.13,4.13,103.4,8325.6,16218.9,446.0,2048.0,67.0,0xe0000
2026-08-24T09:15:17.808636+00:00,4.11,4.12,102.8,8323.0,16218.9,446.0,2048.0,67.0,0xe0000
2026-08-24T09:15:27.816157+00:00,4.17,4.14,104.2,8322.8,16218.9,446.0,2048.0,68.1,0xe0000
2026-08-24T09:15:37.823178+00:00,4.14,4.13,103.6,8317.7,16218.9,461.0,2048.0,67.5,0xe0000
2026-08-24T09:15:47.827607+00:00,4.12,4.13,103.0,8300.5,16218.9,473.0,2048.0,67.0,0xe0000
2026-08-24T09:15:57.833074+00:00,4.1,4.12,102.5,8299.6,16218.9,473.0,2048.0,67.5,0xe0000
2026-08-24T09:16:07.838647+00:00,4.08,4.12,102.1,8298.2,16218.9,473.0,2048.0,66.4,0xe0000
2026-08-24T09:16:17.849532+00:00,4.07,4.11,101.8,8290.8,16218.9,473.0,2048.0,66.4,0xe0000
2026-08-24T09:16:27.856503+00:00,4.06,4.11,101.5,8294.1,16218.9,473.0,2048.0,67.5,0xe0000
2026-08-24T09:16:37.862260+00:00,4.13,4.12,103.3,8288.8,16218.9,473.0,2048.0,67.5,0xe0000
2026-08-24T09:16:47.869498+00:00,4.11,4.12,102.8,8290.7,16218.9,473.0,2048.0,67.0,0xe0000
2026-08-24T09:16:57.875058+00:00,4.09,4.11,102.3,8298.5,16218.9,473.0,2048.0,67.0,0xe0000
2026-08-24T09:17:07.881477+00:00,4.08,4.11,102.0,8301.0,16218.9,473.0,2048.0,65.9,0xe0000
2026-08-24T09:17:17.887052+00:00,4.15,4.12,103.7,8295.5,16218.9,473.0,2048.0,67.0,0xe0000
2026-08-24T09:17:27.892302+00:00,4.12,4.12,103.1,8297.7,16218.9,473.0,2048.0,65.9,0xe0000
2026-08-24T09:17:37.901447+00:00,4.18,4.13,104.4,8294.7,16218.9,473.0,2048.0,67.0,0xe0000
2026-08-24T09:17:47.908249+00:00,4.15,4.12,103.7,8298.2,16218.9,473.0,2048.0,67.0,0xe0000
2026-08-24T09:17:57.913507+00:00,4.13,4.12,103.2,8303.6,16218.9,473.0,2048.0,67.0,0xe0000
2026-08-24T09:18:07.921529+00:00,4.11,4.12,102.7,8297.7,16218.9,473.0,2048.0,67.0,0xe0000
2026-08-24T09:18:17.931849+00:00,4.09,4.11,102.2,8294.3,16218.9,473.0,2048.0,68.1,0xe0000
2026-08-24T09:18:27.937088+00:00,4.08,4.11,101.9,8297.9,16218.9,473.0,2048.0,68.1,0xe0000
2026-08-24T09:18:37.943838+00:00,4.06,4.1,101.6,8294.9,16218.9,476.0,2048.0,67.0,0xe0000
2026-08-24T09:18:47.950876+00:00,4.05,4.1,101.3,8291.6,16218.9,476.0,2048.0,67.0,0xe0000
2026-08-24T09:18:57.956619+00:00,4.12,4.11,103.1,8292.2,16218.9,476.0,2048.0,66.4,0xe0000
2026-08-24T09:19:07.966571+00:00,4.19,4.13,104.7,8292.2,16218.9,476.0,2048.0,68.1,0xe0000
2026-08-24T09:19:17.975317+00:00,4.16,4.12,103.9,8294.8,16218.9,476.0,2048.0,66.4,0xe0000
2026-08-24T09:19:27.981306+00:00,4.13,4.12,103.3,8292.3,16218.9,476.0,2048.0,67.0,0xe0000
2026-08-24T09:19:37.987848+00:00,4.11,4.11,102.8,8294.8,16218.9,476.0,2048.0,67.5,0xe0000
2026-08-24T09:19:47.996707+00:00,4.09,4.11,102.4,8291.0,16218.9,476.0,2048.0,68.1,0xe0000
2026-08-24T09:19:58.006816+00:00,4.16,4.12,104.0,8289.0,16218.9,476.0,2048.0,67.5,0xe0000
2026-08-24T09:20:08.011718+00:00,4.13,4.12,103.4,8292.8,16218.9,476.0,2048.0,67.0,0xe0000
2026-08-24T09:20:18.017466+00:00,4.11,4.11,102.8,8292.0,16218.9,476.0,2048.0,67.0,0xe0000
2026-08-24T09:20:28.023257+00:00,4.1,4.11,102.4,8292.0,16218.9,476.0,2048.0,67.0,0xe0000
2026-08-24T09:20:38.033576+00:00,4.16,4.12,104.0,8294.6,16218.9,476.0,2048.0,67.0,0xe0000
2026-08-24T09:20:48.038734+00:00,4.14,4.12,103.4,8291.0,16218.9,476.0,2048.0,68.1,0xe0000
2026-08-24T09:20:58.045012+00:00,4.11,4.11,102.8,8292.1,16218.9,476.0,2048.0,65.9,0xe0000
2026-08-24T09:21:08.050527+00:00,4.1,4.11,102.4,8296.2,16218.9,476.0,2048.0,67.5,0xe0000
2026-08-24T09:21:18.054809+00:00,4.08,4.11,102.0,8290.9,16218.9,476.0,2048.0,67.0,0xe0000
2026-08-24T09:21:28.062179+00:00,4.07,4.1,101.7,8291.7,16218.9,476.0,2048.0,67.5,0xe0000
2026-08-24T09:21:38.067616+00:00,4.21,4.13,105.3,8295.1,16218.9,476.0,2048.0,66.4,0xe0000
2026-08-24T09:21:48.072806+00:00,4.18,4.13,104.5,8292.7,16218.9,476.0,2048.0,68.1,0xe0000
2026-08-24T09:21:58.079691+00:00,4.15,4.12,103.8,8289.5,16218.9,476.0,2048.0,67.0,0xe0000
2026-08-24T09:22:08.092739+00:00,4.13,4.12,103.2,8289.0,16218.9,476.0,2048.0,67.5,0xe0000
2026-08-24T09:22:18.102017+00:00,4.11,4.11,102.7,8290.0,16218.9,476.0,2048.0,67.0,0xe0000
2026-08-24T09:22:28.107813+00:00,4.09,4.11,102.2,8295.4,16218.9,476.0,2048.0,65.9,0xe0000
2026-08-24T09:22:38.114100+00:00,4.08,4.11,101.9,8297.4,16218.9,476.0,2048.0,68.1,0xe0000
2026-08-24T09:22:48.123814+00:00,4.06,4.1,101.6,8292.8,16218.9,476.0,2048.0,67.5,0xe0000
2026-08-24T09:22:58.133520+00:00,4.05,4.1,101.3,8293.1,16218.9,476.0,2048.0,67.0,0xe0000
2026-08-24T09:23:08.139056+00:00,4.04,4.09,101.1,8292.6,16218.9,476.0,2048.0,67.0,0xe0000
2026-08-24T09:23:18.144338+00:00,4.04,4.09,100.9,8296.2,16218.9,476.0,2048.0,67.5,0xe0000
2026-08-24T09:23:28.149549+00:00,4.03,4.09,100.8,8290.7,16218.9,476.0,2048.0,67.0,0xe0000
2026-08-24T09:23:38.156048+00:00,4.03,4.08,100.6,8290.2,16218.9,476.0,2048.0,68.1,0xe0000
2026-08-24T09:23:48.162875+00:00,4.02,4.08,100.5,8292.7,16218.9,476.0,2048.0,67.0,0xe0000
2026-08-24T09:23:58.168530+00:00,4.02,4.08,100.4,8291.1,16218.9,476.0,2048.0,66.4,0xe0000
2026-08-24T09:24:08.178881+00:00,4.09,4.09,102.4,8291.6,16218.9,476.0,2048.0,65.9,0xe0000
2026-08-24T09:24:18.185096+00:00,4.08,4.09,102.0,8291.0,16218.9,476.0,2048.0,66.4,0xe0000
2026-08-24T09:24:28.197542+00:00,4.22,4.12,105.5,8290.9,16218.9,476.0,2048.0,67.5,0xe0000
2026-08-24T09:24:38.203920+00:00,4.19,4.11,104.7,8292.7,16218.9,476.0,2048.0,66.4,0xe0000
2026-08-24T09:24:48.209539+00:00,4.16,4.11,103.9,8291.6,16218.9,476.0,2048.0,66.4,0xe0000
2026-08-24T09:24:58.216563+00:00,4.21,4.12,105.2,8290.9,16218.9,476.0,2048.0,67.0,0xe0000
2026-08-24T09:25:08.222094+00:00,4.17,4.12,104.4,8290.8,16218.9,476.0,2048.0,67.5,0xe0000
2026-08-24T09:25:18.227321+00:00,4.15,4.11,103.7,8295.5,16218.9,476.0,2048.0,67.0,0xe0000
2026-08-24T09:25:28.232806+00:00,4.2,4.13,105.1,8292.4,16218.9,476.0,2048.0,67.0,0xe0000
2026-08-24T09:25:38.241195+00:00,4.17,4.12,104.3,8293.1,16218.9,476.0,2048.0,67.5,0xe0000
2026-08-24T09:25:48.247760+00:00,4.15,4.12,103.6,8292.9,16218.9,476.0,2048.0,67.0,0xe0000
2026-08-24T09:25:58.255097+00:00,4.2,4.13,104.9,8291.4,16218.9,476.0,2048.0,67.5,0xe0000
2026-08-24T09:26:08.259366+00:00,4.17,4.12,104.2,8289.8,16218.9,476.0,2048.0,67.0,0xe0000
2026-08-24T09:26:18.264140+00:00,4.14,4.12,103.5,8287.7,16218.9,476.0,2048.0,66.4,0xe0000
2026-08-24T09:26:28.279153+00:00,4.19,4.13,104.8,8290.6,16218.9,478.0,2048.0,67.0,0xe0000
2026-08-24T09:26:38.284586+00:00,4.16,4.13,104.1,8291.7,16218.9,478.0,2048.0,67.5,0xe0000
2026-08-24T09:26:48.290249+00:00,4.14,4.12,103.4,8292.5,16218.9,478.0,2048.0,67.0,0xe0000
2026-08-24T09:26:58.299306+00:00,4.12,4.12,102.9,8295.3,16218.9,478.0,2048.0,67.5,0xe0000
2026-08-24T09:27:08.313427+00:00,4.1,4.11,102.4,8293.6,16218.9,478.0,2048.0,67.0,0xe0000
2026-08-24T09:27:18.318822+00:00,4.16,4.13,104.1,8290.6,16218.9,482.0,2048.0,67.0,0xe0000
2026-08-24T09:27:28.325019+00:00,4.14,4.12,103.4,8293.2,16218.9,482.0,2048.0,67.5,0xe0000
2026-08-24T09:27:38.332427+00:00,4.12,4.12,102.9,8290.5,16218.9,482.0,2048.0,67.5,0xe0000
2026-08-24T09:27:48.337958+00:00,4.1,4.11,102.4,8293.8,16218.9,482.0,2048.0,67.0,0xe0000
2026-08-24T09:27:58.343958+00:00,4.08,4.11,102.1,8291.0,16218.9,482.0,2048.0,65.9,0xe0000
2026-08-24T09:28:08.350816+00:00,4.07,4.1,101.7,8290.1,16218.9,482.0,2048.0,67.0,0xe0000
2026-08-24T09:28:18.356431+00:00,4.13,4.12,103.3,8293.8,16218.9,482.0,2048.0,66.4,0xe0000
2026-08-24T09:28:28.363734+00:00,4.11,4.11,102.8,8290.1,16218.9,482.0,2048.0,66.4,0xe0000
2026-08-24T09:28:38.373576+00:00,4.09,4.11,102.3,8290.7,16218.9,482.0,2048.0,67.0,0xe0000
2026-08-24T09:28:48.382789+00:00,4.23,4.14,105.8,8289.9,16218.9,485.0,2048.0,67.0,0xe0000
2026-08-24T09:28:58.389287+00:00,4.2,4.13,104.9,8294.1,16218.9,485.0,2048.0,68.1,0xe0000
2026-08-24T09:29:08.395859+00:00,4.25,4.15,106.2,8291.3,16218.9,485.0,2048.0,67.5,0xe0000
2026-08-24T09:29:18.405521+00:00,4.21,4.14,105.2,8287.3,16218.9,485.0,2048.0,66.4,0xe0000
2026-08-24T09:29:28.415042+00:00,4.18,4.14,104.4,8290.0,16218.9,485.0,2048.0,65.9,0xe0000
2026-08-24T09:29:38.420922+00:00,4.15,4.13,103.7,8289.1,16218.9,485.0,2048.0,65.3,0xe0000
2026-08-24T09:29:48.430986+00:00,4.2,4.14,105.0,8288.5,16218.9,485.0,2048.0,64.8,0xe0000
2026-08-24T09:29:58.437871+00:00,4.17,4.14,104.2,8290.9,16218.9,485.0,2048.0,64.8,0xe0000
2026-08-24T09:30:08.445542+00:00,4.14,4.13,103.5,8293.8,16218.9,485.0,2048.0,64.2,0xe0000
2026-08-24T09:30:18.453574+00:00,4.12,4.13,103.0,8291.7,16218.9,485.0,2048.0,65.3,0xe0000
2026-08-24T09:30:28.459633+00:00,4.1,4.12,102.5,8291.8,16218.9,485.0,2048.0,66.4,0xe0000
2026-08-24T09:30:38.469418+00:00,4.08,4.12,102.1,8292.2,16218.9,485.0,2048.0,65.9,0xe0000
2026-08-24T09:30:48.475955+00:00,4.07,4.12,101.8,8297.8,16218.9,485.0,2048.0,67.0,0xe0000
2026-08-24T09:30:58.482759+00:00,4.06,4.11,101.5,8294.2,16218.9,485.0,2048.0,67.0,0xe0000
2026-08-24T09:31:08.489864+00:00,4.13,4.12,103.3,8295.5,16218.9,487.0,2048.0,68.1,0xe0000
2026-08-24T09:31:18.498781+00:00,4.11,4.12,102.8,8289.0,16218.9,487.0,2048.0,67.0,0xe0000
2026-08-24T09:31:28.505862+00:00,4.17,4.13,104.3,8290.3,16218.9,487.0,2048.0,66.4,0xe0000
2026-08-24T09:31:38.514952+00:00,4.31,4.16,107.7,8291.2,16218.9,487.0,2048.0,67.0,0xe0000
2026-08-24T09:31:48.521849+00:00,4.26,4.16,106.5,8303.0,16218.9,487.0,2048.0,67.0,0xe0000
2026-08-24T09:31:58.527550+00:00,4.22,4.15,105.5,8293.2,16218.9,487.0,2048.0,66.4,0xe0000
2026-08-24T09:32:08.633573+00:00,4.27,4.16,106.6,8293.0,16218.9,487.0,2048.0,67.0,0xe0000
2026-08-24T09:32:18.640542+00:00,4.22,4.16,105.6,8292.0,16218.9,487.0,2048.0,67.0,0xe0000
2026-08-24T09:32:28.646772+00:00,4.26,4.17,106.6,8290.5,16218.9,487.0,2048.0,67.5,0xe0000
2026-08-24T09:32:38.651991+00:00,4.22,4.16,105.6,8289.0,16218.9,487.0,2048.0,67.0,0xe0000
2026-08-24T09:32:48.661585+00:00,4.26,4.17,106.5,8287.6,16218.9,487.0,2048.0,67.0,0xe0000
2026-08-24T09:32:58.668723+00:00,4.22,4.17,105.5,8291.1,16218.9,487.0,2048.0,67.0,0xe0000
2026-08-24T09:33:08.678763+00:00,4.19,4.16,104.7,8289.3,16218.9,492.0,2048.0,65.9,0xe0000
2026-08-24T09:33:18.687590+00:00,4.16,4.15,103.9,8297.6,16218.9,492.0,2048.0,67.5,0xe0000
2026-08-24T09:33:28.694128+00:00,4.21,4.17,105.3,8292.9,16218.9,495.0,2048.0,67.0,0xe0000
2026-08-24T09:33:38.700966+00:00,4.33,4.19,108.2,8295.0,16218.9,498.0,2048.0,67.5,0xe0000
2026-08-24T09:33:48.711941+00:00,4.28,4.19,106.9,8292.4,16218.9,498.0,2048.0,67.0,0xe0000
2026-08-24T09:33:58.717404+00:00,4.23,4.18,105.9,8291.9,16218.9,498.0,2048.0,67.0,0xe0000
2026-08-24T09:34:08.724517+00:00,4.2,4.17,104.9,8294.4,16218.9,498.0,2048.0,65.9,0xe0000
2026-08-24T09:34:18.731482+00:00,4.17,4.17,104.2,8294.0,16218.9,498.0,2048.0,67.0,0xe0000
2026-08-24T09:34:28.736876+00:00,4.14,4.16,103.5,8292.5,16218.9,498.0,2048.0,67.5,0xe0000
2026-08-24T09:34:38.746768+00:00,4.19,4.17,104.8,8292.3,16218.9,498.0,2048.0,64.8,0xe0000
2026-08-24T09:34:48.752937+00:00,4.16,4.17,104.1,8298.1,16218.9,498.0,2048.0,67.5,0xe0000
2026-08-24T09:34:58.760703+00:00,4.14,4.16,103.4,8302.6,16218.9,533.0,2048.0,67.0,0xe0000
2026-08-24T09:35:08.767758+00:00,4.12,4.15,102.9,8300.9,16218.9,533.0,2048.0,66.4,0xe0000
2026-08-24T09:35:18.772906+00:00,4.1,4.15,102.4,8295.4,16218.9,540.0,2048.0,67.0,0xe0000
2026-08-24T09:35:28.780314+00:00,4.08,4.14,102.1,8293.8,16218.9,540.0,2048.0,66.4,0xe0000
2026-08-24T09:35:38.786853+00:00,4.14,4.16,103.6,8292.6,16218.9,540.0,2048.0,67.0,0xe0000
2026-08-24T09:35:48.795993+00:00,4.12,4.15,103.0,8292.3,16218.9,540.0,2048.0,67.0,0xe0000
2026-08-24T09:35:58.801874+00:00,4.1,4.14,102.5,8288.5,16218.9,540.0,2048.0,67.0,0xe0000
2026-08-24T09:36:08.807488+00:00,4.09,4.14,102.1,8293.4,16218.9,540.0,2048.0,67.0,0xe0000
2026-08-24T09:36:18.815025+00:00,4.07,4.13,101.8,8292.0,16218.9,540.0,2048.0,67.5,0xe0000
2026-08-24T09:36:28.821419+00:00,4.06,4.13,101.5,8293.3,16218.9,540.0,2048.0,67.0,0xe0000
2026-08-24T09:36:38.828114+00:00,4.05,4.12,101.3,8295.2,16218.9,540.0,2048.0,66.4,0xe0000
2026-08-24T09:36:48.833977+00:00,4.04,4.12,101.1,8319.0,16218.9,540.0,2048.0,65.3,0xe0000
2026-08-24T09:36:58.841022+00:00,4.04,4.12,100.9,8350.6,16218.9,540.0,2048.0,66.4,0xe0000
2026-08-24T09:37:08.850895+00:00,4.03,4.11,100.7,8335.6,16218.9,540.0,2048.0,67.5,0xe0000
2026-08-24T09:37:18.857020+00:00,4.19,4.14,104.6,8328.6,16218.9,540.0,2048.0,67.0,0xe0000
2026-08-24T09:37:28.866736+00:00,4.16,4.14,103.9,8320.5,16218.9,540.0,2048.0,67.0,0xe0000
2026-08-24T09:37:38.872663+00:00,4.13,4.13,103.3,8316.1,16218.9,540.0,2048.0,67.5,0xe0000
2026-08-24T09:37:48.879220+00:00,4.11,4.13,102.8,8316.0,16218.9,540.0,2048.0,67.0,0xe0000
2026-08-24T09:37:58.884698+00:00,4.17,4.14,104.4,8313.8,16218.9,540.0,2048.0,67.0,0xe0000
2026-08-24T09:38:08.894005+00:00,4.15,4.13,103.7,8310.7,16218.9,540.0,2048.0,67.5,0xe0000
2026-08-24T09:38:18.899866+00:00,4.12,4.13,103.1,8341.4,16218.9,540.0,2048.0,65.9,0xe0000
2026-08-24T09:38:28.905195+00:00,4.1,4.12,102.6,8301.5,16218.9,540.0,2048.0,66.4,0xe0000
2026-08-24T09:38:38.910515+00:00,4.17,4.14,104.2,8291.1,16218.9,540.0,2048.0,67.0,0xe0000
2026-08-24T09:38:48.919734+00:00,4.14,4.13,103.6,8288.2,16218.9,540.0,2048.0,68.1,0xe0000
2026-08-24T09:38:58.930409+00:00,4.12,4.13,103.0,8287.3,16218.9,540.0,2048.0,66.4,0xe0000
2026-08-24T09:39:08.938285+00:00,4.1,4.12,102.5,8287.8,16218.9,540.0,2048.0,65.9,0xe0000
2026-08-24T09:39:18.944126+00:00,4.08,4.12,102.1,8287.9,16218.9,540.0,2048.0,67.5,0xe0000
2026-08-24T09:39:28.950861+00:00,4.07,4.11,101.8,8290.4,16218.9,540.0,2048.0,65.9,0xe0000
2026-08-24T09:39:38.957911+00:00,4.22,4.14,105.5,8285.8,16218.9,540.0,2048.0,67.5,0xe0000
2026-08-24T09:39:48.964068+00:00,4.19,4.14,104.7,8285.7,16218.9,540.0,2048.0,67.5,0xe0000
2026-08-24T09:39:58.970247+00:00,4.16,4.13,103.9,8280.4,16218.9,540.0,2048.0,67.0,0xe0000
2026-08-24T09:40:08.975665+00:00,4.13,4.13,103.3,8287.7,16218.9,540.0,2048.0,67.0,0xe0000
2026-08-24T09:40:18.986738+00:00,4.11,4.12,102.8,8298.2,16218.9,540.0,2048.0,67.0,0xe0000
2026-08-24T09:40:28.992031+00:00,4.09,4.12,102.4,8302.5,16218.9,540.0,2048.0,67.5,0xe0000
2026-08-24T09:40:38.999056+00:00,4.08,4.11,102.0,8296.8,16218.9,540.0,2048.0,68.1,0xe0000
2026-08-24T09:40:49.004856+00:00,4.07,4.11,101.7,8293.2,16218.9,540.0,2048.0,67.0,0xe0000
2026-08-24T09:40:59.016172+00:00,4.06,4.11,101.4,8290.6,16218.9,540.0,2048.0,67.5,0xe0000
2026-08-24T09:41:09.022092+00:00,4.05,4.1,101.2,8292.3,16218.9,540.0,2048.0,67.5,0xe0000
2026-08-24T09:41:19.028298+00:00,4.04,4.1,101.0,8295.3,16218.9,540.0,2048.0,67.0,0xe0000
2026-08-24T09:41:29.040342+00:00,4.03,4.09,100.8,8291.3,16218.9,540.0,2048.0,67.0,0xe0000
2026-08-24T09:41:39.046454+00:00,4.11,4.11,102.7,8289.8,16218.9,540.0,2048.0,67.0,0xe0000
2026-08-24T09:41:49.052468+00:00,4.09,4.1,102.3,8332.1,16218.9,565.0,2048.0,66.4,0xe0000
2026-08-24T09:41:59.058516+00:00,4.08,4.1,101.9,8308.6,16218.9,588.0,2048.0,67.0,0xe0000
2026-08-24T09:42:09.064283+00:00,4.22,4.13,105.5,8282.4,16218.9,588.0,2048.0,67.0,0xe0000
2026-08-24T09:42:19.071571+00:00,4.19,4.12,104.6,8273.7,16218.9,588.0,2048.0,64.8,0xe0000
2026-08-24T09:42:29.077744+00:00,4.24,4.14,105.9,8275.6,16218.9,588.0,2048.0,67.5,0xe0000
2026-08-24T09:42:39.086568+00:00,4.2,4.13,105.0,8278.1,16218.9,588.0,2048.0,67.0,0xe0000
2026-08-24T09:42:49.093620+00:00,4.17,4.13,104.2,8274.5,16218.9,588.0,2048.0,67.0,0xe0000
2026-08-24T09:42:59.097885+00:00,4.14,4.12,103.6,8274.5,16218.9,588.0,2048.0,67.0,0xe0000
2026-08-24T09:43:09.107277+00:00,4.12,4.12,103.0,8271.9,16218.9,588.0,2048.0,67.5,0xe0000
2026-08-24T09:43:19.116377+00:00,4.1,4.11,102.5,8270.9,16218.9,588.0,2048.0,66.4,0xe0000
2026-08-24T09:43:29.122625+00:00,4.17,4.13,104.1,8270.2,16218.9,588.0,2048.0,66.4,0xe0000
2026-08-24T09:43:39.129935+00:00,4.14,4.12,103.5,8274.7,16218.9,588.0,2048.0,67.0,0xe0000
2026-08-24T09:43:49.135323+00:00,4.12,4.12,102.9,8272.5,16218.9,588.0,2048.0,67.5,0xe0000
2026-08-24T09:43:59.140921+00:00,4.18,4.13,104.5,8269.2,16218.9,588.0,2048.0,67.5,0xe0000
2026-08-24T09:44:09.147621+00:00,4.15,4.12,103.8,8275.6,16218.9,588.0,2048.0,67.5,0xe0000
2026-08-24T09:44:19.153255+00:00,4.13,4.12,103.2,8278.2,16218.9,588.0,2048.0,67.0,0xe0000
2026-08-24T09:44:29.158777+00:00,4.11,4.12,102.7,8277.0,16218.9,588.0,2048.0,67.0,0xe0000
2026-08-24T09:44:39.166629+00:00,4.09,4.11,102.3,8274.9,16218.9,588.0,2048.0,67.0,0xe0000
2026-08-24T09:44:49.177523+00:00,4.08,4.11,101.9,8278.0,16218.9,588.0,2048.0,65.9,0xe0000
2026-08-24T09:44:59.182709+00:00,4.06,4.1,101.6,8267.3,16218.9,588.0,2048.0,65.9,0xe0000
2026-08-24T09:45:09.193440+00:00,4.05,4.1,101.4,8278.8,16218.9,588.0,2048.0,68.1,0xe0000
2026-08-24T09:45:19.200313+00:00,4.05,4.1,101.1,8275.7,16218.9,588.0,2048.0,65.9,0xe0000
2026-08-24T09:45:29.210191+00:00,4.04,4.09,101.0,8274.6,16218.9,588.0,2048.0,66.4,0xe0000
2026-08-24T09:45:39.215752+00:00,4.03,4.09,100.8,8277.8,16218.9,588.0,2048.0,67.0,0xe0000
2026-08-24T09:45:49.221630+00:00,4.03,4.08,100.7,8277.6,16218.9,588.0,2048.0,67.0,0xe0000
2026-08-24T09:45:59.228336+00:00,4.02,4.08,100.5,8278.3,16218.9,588.0,2048.0,67.5,0xe0000
2026-08-24T09:46:09.233554+00:00,4.1,4.1,102.5,8276.6,16218.9,588.0,2048.0,67.0,0xe0000
2026-08-24T09:46:19.239553+00:00,4.08,4.09,102.1,8274.6,16218.9,588.0,2048.0,67.0,0xe0000
2026-08-24T09:46:29.250507+00:00,4.07,4.09,101.7,8277.6,16218.9,588.0,2048.0,67.0,0xe0000
2026-08-24T09:46:39.269318+00:00,4.14,4.1,103.5,8466.8,16218.9,619.0,2048.0,67.0,0xe0000
2026-08-24T09:46:49.278259+00:00,4.19,4.12,104.8,8286.7,16218.9,674.0,2048.0,67.5,0xe0000
2026-08-24T09:46:59.283663+00:00,4.24,4.13,105.9,8263.8,16218.9,674.0,2048.0,66.4,0xe0000
2026-08-24T09:47:09.288861+00:00,4.2,4.12,105.0,8262.7,16218.9,674.0,2048.0,67.0,0xe0000
2026-08-24T09:47:19.294641+00:00,4.17,4.12,104.2,8256.2,16218.9,674.0,2048.0,67.5,0xe0000
2026-08-24T09:47:29.301427+00:00,4.22,4.13,105.4,8252.7,16218.9,674.0,2048.0,66.4,0xe0000
2026-08-24T09:47:39.307508+00:00,4.18,4.13,104.6,8252.8,16218.9,674.0,2048.0,67.0,0xe0000
2026-08-24T09:47:49.313250+00:00,4.23,4.14,105.7,8251.5,16218.9,674.0,2048.0,67.5,0xe0000
2026-08-24T09:47:59.318779+00:00,4.19,4.13,104.8,8249.1,16218.9,674.0,2048.0,67.0,0xe0000
2026-08-24T09:48:09.325222+00:00,4.16,4.13,104.1,8251.2,16218.9,674.0,2048.0,67.5,0xe0000
2026-08-24T09:48:19.333480+00:00,4.14,4.12,103.4,8252.2,16218.9,674.0,2048.0,66.4,0xe0000
2026-08-24T09:48:29.338959+00:00,4.2,4.14,104.9,8251.5,16218.9,674.0,2048.0,67.5,0xe0000
2026-08-24T09:48:39.344978+00:00,4.17,4.13,104.1,8251.1,16218.9,674.0,2048.0,65.9,0xe0000
2026-08-24T09:48:49.353480+00:00,4.14,4.13,103.5,8251.6,16218.9,674.0,2048.0,66.4,0xe0000
2026-08-24T09:48:59.364883+00:00,4.19,4.14,104.8,8254.2,16218.9,674.0,2048.0,65.3,0xe0000
2026-08-24T09:49:09.370586+00:00,4.16,4.13,104.1,8247.8,16218.9,674.0,2048.0,67.5,0xe0000
2026-08-24T09:49:19.376354+00:00,4.14,4.13,103.4,8248.3,16218.9,674.0,2048.0,67.0,0xe0000
2026-08-24T09:49:29.382659+00:00,4.2,4.14,104.9,8253.6,16218.9,674.0,2048.0,66.4,0xe0000
2026-08-24T09:49:39.388734+00:00,4.17,4.14,104.1,8252.2,16218.9,674.0,2048.0,67.5,0xe0000
2026-08-24T09:49:49.396633+00:00,4.21,4.15,105.3,8249.9,16218.9,674.0,2048.0,67.0,0xe0000
2026-08-24T09:49:59.405560+00:00,4.18,4.14,104.5,8262.1,16218.9,674.0,2048.0,67.5,0xe0000
2026-08-24T09:50:09.411326+00:00,4.15,4.14,103.8,8258.0,16218.9,674.0,2048.0,67.0,0xe0000
2026-08-24T09:50:19.416626+00:00,4.13,4.13,103.2,8255.2,16218.9,674.0,2048.0,67.5,0xe0000
2026-08-24T09:50:29.421772+00:00,4.11,4.13,102.7,8258.0,16218.9,674.0,2048.0,67.0,0xe0000
2026-08-24T09:50:39.428783+00:00,4.17,4.14,104.3,8260.3,16218.9,678.0,2048.0,67.0,0xe0000
2026-08-24T09:50:49.439101+00:00,4.14,4.13,103.6,8255.6,16218.9,678.0,2048.0,66.4,0xe0000
2026-08-24T09:50:59.448716+00:00,4.12,4.13,103.1,8256.8,16218.9,678.0,2048.0,66.4,0xe0000
2026-08-24T09:51:09.454544+00:00,4.1,4.12,102.6,8251.1,16218.9,678.0,2048.0,67.0,0xe0000
2026-08-24T09:51:19.562991+00:00,4.17,4.14,104.2,8254.6,16218.9,678.0,2048.0,66.4,0xe0000
2026-08-24T09:51:29.567288+00:00,4.21,4.15,105.4,8256.4,16218.9,694.0,2048.0,67.0,0xe0000
2026-08-24T09:51:39.577700+00:00,4.18,4.14,104.5,8254.6,16218.9,694.0,2048.0,67.0,0xe0000
2026-08-24T09:51:49.584863+00:00,4.23,4.16,105.7,8243.5,16218.9,694.0,2048.0,66.4,0xe0000
2026-08-24T09:51:59.591889+00:00,4.19,4.15,104.8,8245.5,16218.9,694.0,2048.0,66.4,0xe0000
2026-08-24T09:52:09.597831+00:00,4.16,4.14,104.0,8245.6,16218.9,694.0,2048.0,67.0,0xe0000
2026-08-24T09:52:19.604480+00:00,4.14,4.14,103.4,8239.1,16218.9,694.0,2048.0,67.5,0xe0000
2026-08-24T09:52:29.610859+00:00,4.11,4.13,102.9,8245.2,16218.9,694.0,2048.0,67.0,0xe0000
2026-08-24T09:52:39.619251+00:00,4.1,4.13,102.4,8248.8,16218.9,694.0,2048.0,67.5,0xe0000
2026-08-24T09:52:49.624852+00:00,4.16,4.14,104.1,8247.2,16218.9,701.0,2048.0,65.9,0xe0000
2026-08-24T09:52:59.630712+00:00,4.22,4.15,105.4,8249.5,16218.9,709.0,2048.0,67.0,0xe0000
2026-08-24T09:53:09.640778+00:00,4.18,4.15,104.6,8237.0,16218.9,709.0,2048.0,67.0,0xe0000
2026-08-24T09:53:19.645275+00:00,4.15,4.14,103.9,8242.0,16218.9,709.0,2048.0,67.5,0xe0000
2026-08-24T09:53:29.650511+00:00,4.13,4.14,103.3,8235.8,16218.9,709.0,2048.0,68.1,0xe0000
2026-08-24T09:53:39.660697+00:00,4.11,4.13,102.7,8237.8,16218.9,709.0,2048.0,67.0,0xe0000
2026-08-24T09:53:49.666921+00:00,4.09,4.13,102.3,8234.6,16218.9,709.0,2048.0,67.0,0xe0000
2026-08-24T09:53:59.673757+00:00,4.08,4.12,101.9,8238.3,16218.9,709.0,2048.0,67.5,0xe0000
2026-08-24T09:54:09.681751+00:00,4.07,4.12,101.6,8235.4,16218.9,709.0,2048.0,65.9,0xe0000
2026-08-24T09:54:19.688679+00:00,4.06,4.11,101.4,8236.5,16218.9,709.0,2048.0,67.0,0xe0000
2026-08-24T09:54:29.694580+00:00,4.05,4.11,101.1,8234.6,16218.9,709.0,2048.0,66.4,0xe0000
2026-08-24T09:54:39.700200+00:00,4.04,4.11,101.0,8234.6,16218.9,709.0,2048.0,66.4,0xe0000
2026-08-24T09:54:49.706880+00:00,4.11,4.12,102.7,8240.7,16218.9,709.0,2048.0,67.0,0xe0000
2026-08-24T09:54:59.712311+00:00,4.09,4.11,102.2,8236.3,16218.9,709.0,2048.0,67.5,0xe0000
2026-08-24T09:55:09.723281+00:00,4.16,4.13,103.9,8240.5,16218.9,709.0,2048.0,67.0,0xe0000
2026-08-24T09:55:19.727936+00:00,4.13,4.12,103.3,8242.6,16218.9,709.0,2048.0,66.4,0xe0000
2026-08-24T09:55:29.734582+00:00,4.11,4.12,102.8,8240.3,16218.9,709.0,2048.0,67.0,0xe0000
2026-08-24T09:55:39.741761+00:00,4.09,4.11,102.3,8238.6,16218.9,709.0,2048.0,66.4,0xe0000
2026-08-24T09:55:49.747519+00:00,4.08,4.11,102.0,8235.2,16218.9,709.0,2048.0,67.5,0xe0000
2026-08-24T09:55:59.757407+00:00,4.07,4.11,101.6,8235.3,16218.9,709.0,2048.0,67.0,0xe0000
2026-08-24T09:56:09.764429+00:00,4.06,4.1,101.4,8237.0,16218.9,709.0,2048.0,66.4,0xe0000
2026-08-24T09:56:19.772510+00:00,4.05,4.1,101.2,8237.0,16218.9,709.0,2048.0,68.1,0xe0000
2026-08-24T09:56:29.782616+00:00,4.12,4.11,103.0,8240.9,16218.9,709.0,2048.0,67.5,0xe0000
2026-08-24T09:56:39.787806+00:00,4.1,4.11,102.5,8239.9,16218.9,709.0,2048.0,67.5,0xe0000
2026-08-24T09:56:49.793004+00:00,4.08,4.1,102.1,8236.0,16218.9,709.0,2048.0,67.5,0xe0000
2026-08-24T09:56:59.800798+00:00,4.07,4.1,101.8,8234.5,16218.9,720.0,2048.0,66.4,0xe0000
2026-08-24T09:57:09.807545+00:00,4.06,4.1,101.5,8241.9,16218.9,720.0,2048.0,65.9,0xe0000
2026-08-24T09:57:19.813042+00:00,4.05,4.09,101.3,8234.5,16218.9,720.0,2048.0,68.1,0xe0000
2026-08-24T09:57:29.819173+00:00,4.04,4.09,101.0,8238.2,16218.9,720.0,2048.0,66.4,0xe0000
2026-08-24T09:57:39.823689+00:00,4.04,4.08,100.9,8237.5,16218.9,720.0,2048.0,67.0,0xe0000
2026-08-24T09:57:49.836017+00:00,4.1,4.1,102.6,8236.2,16218.9,720.0,2048.0,67.5,0xe0000
2026-08-24T09:57:59.842499+00:00,4.09,4.09,102.2,8234.8,16218.9,720.0,2048.0,67.0,0xe0000
2026-08-24T09:58:09.851285+00:00,4.07,4.09,101.8,8238.7,16218.9,720.0,2048.0,65.9,0xe0000
2026-08-24T09:58:19.857594+00:00,4.06,4.09,101.5,8230.4,16218.9,730.0,2048.0,67.5,0xe0000
2026-08-24T09:58:29.866948+00:00,4.05,4.08,101.3,8226.7,16218.9,739.0,2048.0,67.5,0xe0000
2026-08-24T09:58:39.872624+00:00,4.04,4.08,101.1,8232.1,16218.9,739.0,2048.0,65.9,0xe0000
2026-08-24T09:58:49.878773+00:00,4.04,4.08,100.9,8248.3,16218.9,789.0,2048.0,66.4,0xe0000
2026-08-24T09:58:59.884571+00:00,4.03,4.07,100.7,8239.7,16218.9,789.0,2048.0,67.5,0xe0000
2026-08-24T09:59:09.891059+00:00,4.1,4.09,102.5,8236.2,16218.9,789.0,2048.0,67.0,0xe0000
2026-08-24T09:59:19.899090+00:00,4.16,4.1,103.9,8230.4,16218.9,789.0,2048.0,67.5,0xe0000
2026-08-24T09:59:29.904509+00:00,4.13,4.1,103.3,8229.7,16218.9,789.0,2048.0,67.0,0xe0000
2026-08-24T09:59:39.916639+00:00,4.11,4.09,102.8,8225.5,16218.9,789.0,2048.0,67.5,0xe0000
2026-08-24T09:59:49.922409+00:00,4.17,4.11,104.4,8224.2,16218.9,789.0,2048.0,67.5,0xe0000
2026-08-24T09:59:59.929006+00:00,4.15,4.1,103.7,8222.9,16218.9,789.0,2048.0,65.9,0xe0000
2026-08-24T10:00:09.933257+00:00,4.12,4.1,103.1,8223.1,16218.9,789.0,2048.0,67.5,0xe0000
2026-08-24T10:00:19.940051+00:00,4.1,4.1,102.6,8224.5,16218.9,789.0,2048.0,67.5,0xe0000
2026-08-24T10:00:29.948255+00:00,4.17,4.11,104.2,8227.5,16218.9,789.0,2048.0,68.1,0xe0000
2026-08-24T10:00:39.954878+00:00,4.22,4.12,105.6,8222.4,16218.9,789.0,2048.0,65.9,0xe0000
2026-08-24T10:00:49.962414+00:00,4.19,4.12,104.7,8219.4,16218.9,789.0,2048.0,66.4,0xe0000
2026-08-24T10:01:00.069089+00:00,4.16,4.11,104.0,8220.4,16218.9,789.0,2048.0,67.0,0xe0000
2026-08-24T10:01:10.079811+00:00,4.13,4.11,103.3,8219.4,16218.9,813.0,2048.0,67.5,0xe0000
2026-08-24T10:01:20.090457+00:00,4.11,4.1,102.8,8215.3,16218.9,813.0,2048.0,66.4,0xe0000
2026-08-24T10:01:30.096353+00:00,4.1,4.1,102.4,8207.9,16218.9,829.0,2048.0,67.0,0xe0000
2026-08-24T10:01:40.103415+00:00,4.08,4.1,102.0,8209.4,16218.9,829.0,2048.0,67.0,0xe0000
2026-08-24T10:01:50.113552+00:00,4.07,4.09,101.7,8203.5,16218.9,829.0,2048.0,67.0,0xe0000
2026-08-24T10:02:00.123821+00:00,4.13,4.11,103.3,8202.9,16218.9,829.0,2048.0,66.4,0xe0000
2026-08-24T10:02:10.131119+00:00,4.11,4.1,102.7,8203.5,16218.9,834.0,2048.0,67.5,0xe0000
2026-08-24T10:02:20.135771+00:00,4.09,4.1,102.3,8206.5,16218.9,834.0,2048.0,67.5,0xe0000
2026-08-24T10:02:30.141774+00:00,4.08,4.09,101.9,8212.1,16218.9,843.0,2048.0,67.5,0xe0000
2026-08-24T10:02:40.150560+00:00,4.07,4.09,101.6,8207.5,16218.9,843.0,2048.0,67.5,0xe0000
2026-08-24T10:02:50.157410+00:00,4.06,4.09,101.4,8206.3,16218.9,868.0,2048.0,67.5,0xe0000
2026-08-24T10:03:00.164689+00:00,4.05,4.08,101.1,8201.4,16218.9,871.0,2048.0,67.5,0xe0000
2026-08-24T10:03:10.170094+00:00,4.04,4.08,101.0,8206.5,16218.9,871.0,2048.0,67.5,0xe0000
2026-08-24T10:03:20.175190+00:00,4.03,4.08,100.8,8245.5,16218.9,887.0,2048.0,66.4,0xe0000
2026-08-24T10:03:30.180099+00:00,4.03,4.08,100.7,8223.2,16218.9,894.0,2048.0,67.0,0xe0000
2026-08-24T10:03:40.185462+00:00,4.02,4.07,100.5,8220.1,16218.9,894.0,2048.0,66.4,0xe0000
2026-08-24T10:03:50.191864+00:00,4.02,4.07,100.5,8215.7,16218.9,900.0,2048.0,67.5,0xe0000
2026-08-24T10:04:00.199814+00:00,4.1,4.08,102.4,8219.7,16218.9,900.0,2048.0,67.5,0xe0000
2026-08-24T10:04:10.207471+00:00,4.24,4.11,105.9,8281.0,16218.9,906.0,2048.0,66.4,0xe0000
2026-08-24T10:04:20.215022+00:00,4.2,4.11,105.0,8189.4,16218.9,915.0,2048.0,68.1,0xe0000
2026-08-24T10:04:30.222765+00:00,4.17,4.11,104.2,8191.3,16218.9,915.0,2048.0,68.1,0xe0000
2026-08-24T10:04:40.233345+00:00,4.14,4.1,103.5,8187.1,16218.9,915.0,2048.0,67.5,0xe0000
2026-08-24T10:04:50.240731+00:00,4.35,4.15,108.7,8187.6,16218.9,915.0,2048.0,67.5,0xe0000
2026-08-24T10:05:00.248004+00:00,4.29,4.14,107.3,8190.4,16218.9,915.0,2048.0,66.4,0xe0000
2026-08-24T10:05:10.254842+00:00,4.32,4.16,108.0,8187.8,16218.9,915.0,2048.0,68.1,0xe0000
2026-08-24T10:05:20.277617+00:00,4.27,4.15,106.8,8189.0,16218.9,915.0,2048.0,67.5,0xe0000
2026-08-24T10:05:30.288936+00:00,4.23,4.14,105.7,8187.2,16218.9,926.0,2048.0,65.9,0xe0000
2026-08-24T10:05:40.393689+00:00,4.19,4.14,104.9,8192.1,16218.9,928.0,2048.0,68.1,0xe0000
2026-08-24T10:05:50.401018+00:00,4.24,4.15,106.1,8186.6,16218.9,928.0,2048.0,67.5,0xe0000
2026-08-24T10:06:00.408255+00:00,4.21,4.15,105.2,8185.0,16218.9,928.0,2048.0,67.5,0xe0000
2026-08-24T10:06:10.418492+00:00,4.17,4.14,104.4,8184.7,16218.9,928.0,2048.0,67.5,0xe0000
2026-08-24T10:06:20.424344+00:00,4.15,4.14,103.7,8187.7,16218.9,930.0,2048.0,68.1,0xe0000
2026-08-24T10:06:30.429786+00:00,4.2,4.15,105.1,8182.4,16218.9,930.0,2048.0,66.4,0xe0000
2026-08-24T10:06:40.435039+00:00,4.17,4.14,104.3,8195.0,16218.9,930.0,2048.0,67.5,0xe0000
2026-08-24T10:06:50.441405+00:00,4.15,4.14,103.6,8202.1,16218.9,941.0,2048.0,67.5,0xe0000
2026-08-24T10:07:00.448343+00:00,4.12,4.13,103.1,8192.4,16218.9,941.0,2048.0,67.5,0xe0000
2026-08-24T10:07:10.454557+00:00,4.1,4.13,102.6,8190.2,16218.9,941.0,2048.0,65.9,0xe0000
2026-08-24T10:07:20.462947+00:00,4.09,4.12,102.2,8188.0,16218.9,941.0,2048.0,66.4,0xe0000
2026-08-24T10:07:30.469770+00:00,4.07,4.12,101.8,8185.9,16218.9,941.0,2048.0,65.9,0xe0000
2026-08-24T10:07:40.479812+00:00,4.06,4.11,101.5,8184.8,16218.9,941.0,2048.0,67.0,0xe0000
2026-08-24T10:07:50.484480+00:00,4.13,4.13,103.1,8192.6,16218.9,941.0,2048.0,66.4,0xe0000
2026-08-24T10:08:00.490635+00:00,4.11,4.12,102.6,8190.0,16218.9,941.0,2048.0,67.0,0xe0000
2026-08-24T10:08:10.497410+00:00,4.09,4.12,102.2,8189.1,16218.9,941.0,2048.0,67.5,0xe0000
2026-08-24T10:08:20.502036+00:00,4.08,4.11,101.9,8191.4,16218.9,941.0,2048.0,67.5,0xe0000
2026-08-24T10:08:30.507879+00:00,4.14,4.13,103.4,8189.9,16218.9,941.0,2048.0,67.0,0xe0000
2026-08-24T10:08:40.518965+00:00,4.12,4.12,102.9,8187.5,16218.9,941.0,2048.0,67.5,0xe0000
2026-08-24T10:08:50.525556+00:00,4.1,4.12,102.4,8188.8,16218.9,941.0,2048.0,65.9,0xe0000
2026-08-24T10:09:00.530953+00:00,4.08,4.11,102.1,8187.9,16218.9,941.0,2048.0,67.5,0xe0000
2026-08-24T10:09:10.541487+00:00,4.14,4.12,103.6,8183.5,16218.9,941.0,2048.0,67.5,0xe0000
2026-08-24T10:09:20.547106+00:00,4.12,4.12,103.0,8184.8,16218.9,941.0,2048.0,68.1,0xe0000
2026-08-24T10:09:30.552549+00:00,4.1,4.12,102.5,8185.6,16218.9,941.0,2048.0,65.9,0xe0000
2026-08-24T10:09:40.558164+00:00,4.09,4.11,102.1,8184.8,16218.9,941.0,2048.0,67.0,0xe0000
2026-08-24T10:09:50.565171+00:00,4.07,4.11,101.8,8182.9,16218.9,945.0,2048.0,65.9,0xe0000
2026-08-24T10:10:00.572778+00:00,4.06,4.1,101.5,8184.7,16218.9,945.0,2048.0,67.0,0xe0000
2026-08-24T10:10:10.578701+00:00,4.05,4.1,101.3,8184.5,16218.9,955.0,2048.0,65.9,0xe0000
2026-08-24T10:10:20.585032+00:00,4.04,4.1,101.1,8178.8,16218.9,957.0,2048.0,67.5,0xe0000
2026-08-24T10:10:30.591119+00:00,4.04,4.09,100.9,8180.0,16218.9,957.0,2048.0,67.0,0xe0000
2026-08-24T10:10:40.598997+00:00,4.03,4.09,100.7,8180.0,16218.9,961.0,2048.0,67.0,0xe0000
2026-08-24T10:10:50.604081+00:00,4.02,4.08,100.6,8183.5,16218.9,961.0,2048.0,67.5,0xe0000
2026-08-24T10:11:00.613531+00:00,4.02,4.08,100.5,8183.4,16218.9,964.0,2048.0,67.5,0xe0000
2026-08-24T10:11:10.621584+00:00,4.02,4.08,100.4,8186.7,16218.9,964.0,2048.0,67.5,0xe0000
2026-08-24T10:11:20.632130+00:00,4.01,4.08,100.3,8178.7,16218.9,976.0,2048.0,67.5,0xe0000
2026-08-24T10:11:30.637851+00:00,4.01,4.07,100.3,8183.0,16218.9,983.0,2048.0,67.0,0xe0000
2026-08-24T10:11:40.647898+00:00,4.01,4.07,100.2,8176.4,16218.9,983.0,2048.0,66.4,0xe0000
2026-08-24T10:11:50.653939+00:00,4.01,4.07,100.2,8177.1,16218.9,983.0,2048.0,66.4,0xe0000
2026-08-24T10:12:00.661109+00:00,4.01,4.06,100.1,8176.4,16218.9,983.0,2048.0,67.5,0xe0000
2026-08-24T10:12:10.666499+00:00,4.0,4.06,100.1,8177.1,16218.9,983.0,2048.0,68.1,0xe0000
2026-08-24T10:12:20.673306+00:00,4.0,4.06,100.1,8174.1,16218.9,988.0,2048.0,67.0,0xe0000
2026-08-24T10:12:30.679888+00:00,4.16,4.09,104.1,8175.5,16218.9,988.0,2048.0,67.5,0xe0000
2026-08-24T10:12:40.685842+00:00,4.14,4.09,103.4,8172.7,16218.9,988.0,2048.0,67.5,0xe0000
2026-08-24T10:12:50.700260+00:00,4.12,4.08,102.9,8175.2,16218.9,988.0,2048.0,67.5,0xe0000
2026-08-24T10:13:00.706442+00:00,4.1,4.08,102.4,8174.4,16218.9,988.0,2048.0,67.0,0xe0000
2026-08-24T10:13:10.712069+00:00,4.08,4.08,102.1,8172.2,16218.9,988.0,2048.0,68.1,0xe0000
2026-08-24T10:13:20.721482+00:00,4.07,4.07,101.7,8171.2,16218.9,988.0,2048.0,66.4,0xe0000
2026-08-24T10:13:30.728522+00:00,4.14,4.09,103.5,8174.5,16218.9,988.0,2048.0,67.5,0xe0000
2026-08-24T10:13:40.734017+00:00,4.12,4.09,102.9,8177.7,16218.9,988.0,2048.0,67.0,0xe0000
2026-08-24T10:13:50.740659+00:00,4.1,4.08,102.5,8175.4,16218.9,989.0,2048.0,67.5,0xe0000
2026-08-24T10:14:00.748346+00:00,4.08,4.08,102.1,8174.5,16218.9,989.0,2048.0,66.4,0xe0000
2026-08-24T10:14:10.756613+00:00,4.15,4.09,103.7,8174.9,16218.9,989.0,2048.0,67.0,0xe0000
2026-08-24T10:14:20.764308+00:00,4.13,4.09,103.2,8170.1,16218.9,992.0,2048.0,67.0,0xe0000
2026-08-24T10:14:30.770658+00:00,4.11,4.09,102.7,8176.5,16218.9,999.0,2048.0,65.9,0xe0000
2026-08-24T10:14:40.774662+00:00,4.09,4.08,102.2,8176.2,16218.9,1012.0,2048.0,67.0,0xe0000
2026-08-24T10:14:50.784876+00:00,4.08,4.08,101.9,8164.0,16218.9,1012.0,2048.0,66.4,0xe0000
2026-08-24T10:15:00.790958+00:00,4.14,4.09,103.6,8162.2,16218.9,1012.0,2048.0,66.4,0xe0000
2026-08-24T10:15:10.795948+00:00,4.2,4.11,104.9,8143.8,16218.9,1067.0,2048.0,68.1,0xe0000
2026-08-24T10:15:20.804314+00:00,4.24,4.12,106.0,8143.5,16218.9,1067.0,2048.0,67.0,0xe0000
2026-08-24T10:15:30.810864+00:00,4.2,4.12,105.0,8142.5,16218.9,1067.0,2048.0,67.5,0xe0000
2026-08-24T10:15:40.819893+00:00,4.17,4.11,104.2,8139.2,16218.9,1067.0,2048.0,67.0,0xe0000
2026-08-24T10:15:50.825304+00:00,4.22,4.12,105.4,8140.6,16218.9,1067.0,2048.0,67.0,0xe0000
2026-08-24T10:16:00.830558+00:00,4.26,4.14,106.4,8138.9,16218.9,1067.0,2048.0,67.0,0xe0000
2026-08-24T10:16:10.840248+00:00,4.22,4.13,105.4,8136.3,16218.9,1067.0,2048.0,68.1,0xe0000
2026-08-24T10:16:20.846119+00:00,4.18,4.13,104.6,8137.1,16218.9,1067.0,2048.0,67.0,0xe0000
2026-08-24T10:16:30.852859+00:00,4.16,4.12,103.9,8139.8,16218.9,1067.0,2048.0,68.1,0xe0000
2026-08-24T10:16:40.858772+00:00,4.21,4.13,105.3,8134.9,16218.9,1067.0,2048.0,68.1,0xe0000
2026-08-24T10:16:50.864406+00:00,4.18,4.13,104.5,8135.1,16218.9,1067.0,2048.0,66.4,0xe0000
2026-08-24T10:17:00.874919+00:00,4.15,4.12,103.8,8133.8,16218.9,1067.0,2048.0,67.0,0xe0000
2026-08-24T10:17:10.880087+00:00,4.21,4.14,105.2,8133.6,16218.9,1067.0,2048.0,66.4,0xe0000
2026-08-24T10:17:20.885954+00:00,4.25,4.15,106.2,8133.4,16218.9,1067.0,2048.0,68.1,0xe0000
2026-08-24T10:17:30.899413+00:00,4.29,4.16,107.3,8136.0,16218.9,1067.0,2048.0,68.1,0xe0000
2026-08-24T10:17:40.903388+00:00,4.25,4.15,106.2,8138.2,16218.9,1067.0,2048.0,68.1,0xe0000
2026-08-24T10:17:50.913338+00:00,4.21,4.15,105.2,8139.4,16218.9,1067.0,2048.0,66.4,0xe0000
2026-08-24T10:18:00.920173+00:00,4.26,4.16,106.4,8147.1,16218.9,1085.0,2048.0,65.9,0xe0000
2026-08-24T10:18:10.926071+00:00,4.22,4.15,105.4,8154.4,16218.9,1085.0,2048.0,65.3,0xe0000
2026-08-24T10:18:20.933291+00:00,4.26,4.17,106.4,8137.8,16218.9,1111.0,2048.0,67.0,0xe0000
2026-08-24T10:18:30.941930+00:00,4.22,4.16,105.4,8123.1,16218.9,1118.0,2048.0,66.4,0xe0000
2026-08-24T10:18:40.949346+00:00,4.18,4.15,104.6,8121.7,16218.9,1118.0,2048.0,67.5,0xe0000
2026-08-24T10:18:51.055861+00:00,4.23,4.17,105.9,8118.5,16218.9,1118.0,2048.0,68.1,0xe0000
2026-08-24T10:19:01.059997+00:00,4.27,4.18,106.8,8114.8,16218.9,1126.0,2048.0,65.9,0xe0000
2026-08-24T10:19:11.067496+00:00,4.23,4.17,105.7,8116.5,16218.9,1126.0,2048.0,66.4,0xe0000
2026-08-24T10:19:21.076531+00:00,4.19,4.16,104.9,8117.2,16218.9,1126.0,2048.0,67.5,0xe0000
2026-08-24T10:19:31.083628+00:00,4.24,4.17,106.0,8117.3,16218.9,1126.0,2048.0,66.4,0xe0000
2026-08-24T10:19:41.094688+00:00,4.2,4.17,105.0,8109.8,16218.9,1134.0,2048.0,66.4,0xe0000
2026-08-24T10:19:51.101460+00:00,4.17,4.16,104.2,8108.4,16218.9,1134.0,2048.0,68.1,0xe0000
2026-08-24T10:20:01.107294+00:00,4.14,4.16,103.6,8109.3,16218.9,1134.0,2048.0,67.5,0xe0000
2026-08-24T10:20:11.113966+00:00,4.12,4.15,103.0,8107.8,16218.9,1134.0,2048.0,67.0,0xe0000
2026-08-24T10:20:21.120129+00:00,4.1,4.15,102.6,8109.3,16218.9,1134.0,2048.0,66.4,0xe0000
2026-08-24T10:20:31.126846+00:00,4.09,4.14,102.1,8111.4,16218.9,1134.0,2048.0,67.5,0xe0000
2026-08-24T10:20:41.133650+00:00,4.22,4.17,105.5,8113.2,16218.9,1134.0,2048.0,67.5,0xe0000
2026-08-24T10:20:51.139282+00:00,4.19,4.16,104.6,8111.0,16218.9,1134.0,2048.0,67.5,0xe0000
2026-08-24T10:21:01.148571+00:00,4.16,4.16,103.9,8107.6,16218.9,1134.0,2048.0,68.1,0xe0000
2026-08-24T10:21:11.155188+00:00,4.21,4.17,105.2,8108.9,16218.9,1134.0,2048.0,67.5,0xe0000
2026-08-24T10:21:21.161179+00:00,4.17,4.16,104.3,8111.2,16218.9,1134.0,2048.0,66.4,0xe0000
2026-08-24T10:21:31.166807+00:00,4.15,4.16,103.7,8108.0,16218.9,1134.0,2048.0,66.4,0xe0000
2026-08-24T10:21:41.175835+00:00,4.12,4.15,103.1,8109.6,16218.9,1134.0,2048.0,68.1,0xe0000
2026-08-24T10:21:51.181476+00:00,4.25,4.18,106.3,8109.0,16218.9,1134.0,2048.0,67.0,0xe0000
2026-08-24T10:22:01.188225+00:00,4.21,4.17,105.3,8115.5,16218.9,1134.0,2048.0,68.1,0xe0000
2026-08-24T10:22:11.198658+00:00,4.18,4.17,104.5,8117.4,16218.9,1145.0,2048.0,68.1,0xe0000
2026-08-24T10:22:21.204069+00:00,4.15,4.16,103.8,8113.3,16218.9,1145.0,2048.0,66.4,0xe0000
2026-08-24T10:22:31.209552+00:00,4.13,4.15,103.2,8117.9,16218.9,1146.0,2048.0,67.5,0xe0000
2026-08-24T10:22:41.217262+00:00,4.11,4.15,102.7,8116.5,16218.9,1146.0,2048.0,67.5,0xe0000
2026-08-24T10:22:51.222473+00:00,4.09,4.14,102.3,8114.3,16218.9,1146.0,2048.0,67.0,0xe0000
2026-08-24T10:23:01.229760+00:00,4.08,4.14,101.9,8122.2,16218.9,1146.0,2048.0,66.4,0xe0000
2026-08-24T10:23:11.237067+00:00,4.21,4.17,105.3,8121.2,16218.9,1146.0,2048.0,67.5,0xe0000
2026-08-24T10:23:21.243798+00:00,4.18,4.16,104.5,8120.8,16218.9,1146.0,2048.0,67.5,0xe0000
2026-08-24T10:23:31.250581+00:00,4.23,4.17,105.6,8107.9,16218.9,1155.0,2048.0,68.1,0xe0000
2026-08-24T10:23:41.256874+00:00,4.19,4.17,104.8,8109.7,16218.9,1161.0,2048.0,66.4,0xe0000
2026-08-24T10:23:51.265497+00:00,4.23,4.18,105.9,8111.3,16218.9,1161.0,2048.0,67.0,0xe0000
2026-08-24T10:24:01.272824+00:00,4.27,4.19,106.8,8112.8,16218.9,1161.0,2048.0,67.5,0xe0000
2026-08-24T10:24:11.277515+00:00,4.31,4.2,107.8,8112.2,16218.9,1161.0,2048.0,67.0,0xe0000
2026-08-24T10:24:21.282635+00:00,4.34,4.21,108.4,8111.8,16218.9,1161.0,2048.0,66.4,0xe0000
2026-08-24T10:24:31.292015+00:00,4.36,4.22,109.1,8113.2,16218.9,1163.0,2048.0,67.0,0xe0000
2026-08-24T10:24:41.296339+00:00,4.39,4.23,109.7,8108.3,16218.9,1170.0,2048.0,66.4,0xe0000
2026-08-24T10:24:51.301140+00:00,4.33,4.22,108.2,8109.4,16218.9,1170.0,2048.0,67.5,0xe0000
2026-08-24T10:25:01.306979+00:00,4.35,4.23,108.8,8100.7,16218.9,1178.0,2048.0,68.1,0xe0000
2026-08-24T10:25:11.312477+00:00,4.3,4.22,107.4,8100.4,16218.9,1178.0,2048.0,67.5,0xe0000
2026-08-24T10:25:21.319368+00:00,4.25,4.21,106.3,8103.0,16218.9,1180.0,2048.0,68.1,0xe0000
2026-08-24T10:25:31.327779+00:00,4.21,4.2,105.3,8102.3,16218.9,1183.0,2048.0,65.9,0xe0000
2026-08-24T10:25:41.334191+00:00,4.18,4.2,104.5,8111.8,16218.9,1183.0,2048.0,67.0,0xe0000
2026-08-24T10:25:51.341527+00:00,4.15,4.19,103.8,8101.3,16218.9,1183.0,2048.0,66.4,0xe0000
2026-08-24T10:26:01.346481+00:00,4.13,4.18,103.2,8100.9,16218.9,1183.0,2048.0,67.5,0xe0000
2026-08-24T10:26:11.356890+00:00,4.11,4.18,102.7,8102.2,16218.9,1183.0,2048.0,66.4,0xe0000
2026-08-24T10:26:21.363776+00:00,4.09,4.17,102.3,8098.0,16218.9,1183.0,2048.0,67.5,0xe0000
2026-08-24T10:26:31.373489+00:00,4.08,4.16,101.9,8100.6,16218.9,1183.0,2048.0,67.0,0xe0000
2026-08-24T10:26:41.480139+00:00,4.06,4.16,101.6,8102.4,16218.9,1186.0,2048.0,66.4,0xe0000
2026-08-24T10:26:51.488184+00:00,4.05,4.15,101.4,8102.1,16218.9,1186.0,2048.0,66.4,0xe0000
2026-08-24T10:27:01.496688+00:00,4.05,4.15,101.1,8099.2,16218.9,1186.0,2048.0,67.0,0xe0000
2026-08-24T10:27:11.503690+00:00,4.04,4.14,101.0,8098.6,16218.9,1186.0,2048.0,67.5,0xe0000
2026-08-24T10:27:21.513565+00:00,4.03,4.14,100.8,8100.8,16218.9,1186.0,2048.0,67.0,0xe0000
2026-08-24T10:27:31.518601+00:00,4.03,4.13,100.7,8101.6,16218.9,1186.0,2048.0,66.4,0xe0000
2026-08-24T10:27:41.524196+00:00,4.02,4.13,100.5,8098.8,16218.9,1190.0,2048.0,67.5,0xe0000
2026-08-24T10:27:51.534599+00:00,4.02,4.12,100.5,8101.8,16218.9,1193.0,2048.0,67.5,0xe0000
2026-08-24T10:28:01.541027+00:00,4.02,4.12,100.4,8092.4,16218.9,1195.0,2048.0,66.4,0xe0000
2026-08-24T10:28:11.546479+00:00,4.01,4.11,100.3,8109.8,16218.9,1195.0,2048.0,65.9,0xe0000
2026-08-24T10:28:21.554014+00:00,4.01,4.11,100.2,8106.3,16218.9,1195.0,2048.0,68.1,0xe0000
2026-08-24T10:28:31.560501+00:00,4.01,4.11,100.2,8104.9,16218.9,1199.0,2048.0,68.1,0xe0000
2026-08-24T10:28:41.565879+00:00,4.08,4.12,102.0,8101.7,16218.9,1199.0,2048.0,67.0,0xe0000
2026-08-24T10:28:51.576433+00:00,4.07,4.11,101.7,8138.7,16218.9,1203.0,2048.0,67.0,0xe0000
2026-08-24T10:29:01.582819+00:00,4.21,4.14,105.3,8136.0,16218.9,1203.0,2048.0,67.5,0xe0000
2026-08-24T10:29:11.589021+00:00,4.25,4.16,106.3,8133.3,16218.9,1203.0,2048.0,66.4,0xe0000
2026-08-24T10:29:21.595153+00:00,4.21,4.15,105.3,8207.8,16218.9,1203.0,2048.0,67.5,0xe0000
2026-08-24T10:29:31.601022+00:00,4.18,4.14,104.5,8201.5,16218.9,1203.0,2048.0,65.9,0xe0000
2026-08-24T10:29:41.606307+00:00,4.37,4.19,109.3,8180.3,16218.9,1203.0,2048.0,66.4,0xe0000
2026-08-24T10:29:51.611766+00:00,4.39,4.2,109.7,8169.4,16218.9,1203.0,2048.0,67.0,0xe0000
2026-08-24T10:30:01.617591+00:00,4.33,4.19,108.2,8175.1,16218.9,1203.0,2048.0,67.0,0xe0000
2026-08-24T10:30:11.623969+00:00,4.28,4.19,107.0,8192.5,16218.9,1203.0,2048.0,67.5,0xe0000
2026-08-24T10:30:21.635636+00:00,4.32,4.2,107.9,8189.5,16218.9,1203.0,2048.0,67.5,0xe0000
2026-08-24T10:30:31.644243+00:00,4.27,4.19,106.7,8204.2,16218.9,1203.0,2048.0,67.5,0xe0000
2026-08-24T10:30:41.654676+00:00,4.23,4.18,105.6,8213.1,16218.9,1203.0,2048.0,67.0,0xe0000
2026-08-24T10:30:51.659919+00:00,4.19,4.17,104.8,8194.0,16218.9,1203.0,2048.0,67.0,0xe0000
2026-08-24T10:31:01.669077+00:00,4.16,4.17,104.0,8235.1,16218.9,1219.0,2048.0,67.5,0xe0000
2026-08-24T10:31:11.675257+00:00,4.14,4.16,103.4,8226.6,16218.9,1219.0,2048.0,67.0,0xe0000
2026-08-24T10:31:21.681454+00:00,4.11,4.16,102.8,8199.8,16218.9,1219.0,2048.0,66.4,0xe0000
2026-08-24T10:31:31.687861+00:00,4.17,4.17,104.2,8198.3,16218.9,1219.0,2048.0,66.4,0xe0000
2026-08-24T10:31:41.695960+00:00,4.14,4.16,103.6,8223.5,16218.9,1330.0,2048.0,66.4,0xe0000
2026-08-24T10:31:51.705488+00:00,4.12,4.16,103.0,8145.9,16218.9,1330.0,2048.0,67.0,0xe0000
2026-08-24T10:32:01.710904+00:00,4.1,4.15,102.6,8141.3,16218.9,1330.0,2048.0,67.5,0xe0000
2026-08-24T10:32:11.716931+00:00,4.09,4.15,102.1,8133.2,16218.9,1330.0,2048.0,66.4,0xe0000
2026-08-24T10:32:21.723858+00:00,4.07,4.14,101.8,8132.2,16218.9,1330.0,2048.0,67.5,0xe0000
2026-08-24T10:32:31.729407+00:00,4.06,4.14,101.5,8139.2,16218.9,1330.0,2048.0,67.5,0xe0000
2026-08-24T10:32:41.735078+00:00,4.05,4.13,101.3,8131.4,16218.9,1330.0,2048.0,65.9,0xe0000
2026-08-24T10:32:51.742741+00:00,4.04,4.13,101.1,8134.4,16218.9,1330.0,2048.0,66.4,0xe0000
2026-08-24T10:33:01.748683+00:00,4.04,4.12,100.9,8141.9,16218.9,1330.0,2048.0,67.0,0xe0000
2026-08-24T10:33:11.755395+00:00,4.03,4.12,100.7,8132.8,16218.9,1330.0,2048.0,67.0,0xe0000
2026-08-24T10:33:21.766075+00:00,4.02,4.11,100.6,8132.8,16218.9,1330.0,2048.0,66.4,0xe0000
2026-08-24T10:33:31.773035+00:00,4.02,4.11,100.5,8129.6,16218.9,1330.0,2048.0,67.0,0xe0000
2026-08-24T10:33:41.779964+00:00,4.09,4.12,102.3,8143.6,16218.9,1330.0,2048.0,67.5,0xe0000
2026-08-24T10:33:51.788420+00:00,4.31,4.17,107.8,8215.9,16218.9,1367.0,2048.0,65.9,0xe0000
2026-08-24T10:34:01.798672+00:00,4.26,4.16,106.6,8160.7,16218.9,1367.0,2048.0,67.0,0xe0000
2026-08-24T10:34:11.805815+00:00,4.22,4.15,105.6,8144.6,16218.9,1367.0,2048.0,67.0,0xe0000
2026-08-24T10:34:21.811641+00:00,4.19,4.15,104.7,8141.6,16218.9,1367.0,2048.0,66.4,0xe0000
2026-08-24T10:34:31.817196+00:00,4.16,4.14,104.0,8139.5,16218.9,1367.0,2048.0,67.0,0xe0000
2026-08-24T10:34:41.822654+00:00,4.13,4.14,103.3,8150.5,16218.9,1367.0,2048.0,67.5,0xe0000
2026-08-24T10:34:51.829419+00:00,4.11,4.13,102.8,8132.5,16218.9,1367.0,2048.0,67.0,0xe0000
2026-08-24T10:35:01.838605+00:00,4.1,4.13,102.4,8123.9,16218.9,1367.0,2048.0,65.3,0xe0000
2026-08-24T10:35:11.844647+00:00,4.08,4.12,102.0,8123.5,16218.9,1367.0,2048.0,67.0,0xe0000
2026-08-24T10:35:21.851296+00:00,4.21,4.15,105.4,8116.0,16218.9,1367.0,2048.0,68.1,0xe0000
2026-08-24T10:35:31.857008+00:00,4.18,4.15,104.5,8114.3,16218.9,1367.0,2048.0,67.0,0xe0000
2026-08-24T10:35:41.866970+00:00,4.23,4.16,105.8,8116.5,16218.9,1367.0,2048.0,66.4,0xe0000
2026-08-24T10:35:51.872243+00:00,4.27,4.17,106.8,8110.5,16218.9,1367.0,2048.0,66.4,0xe0000
2026-08-24T10:36:01.885441+00:00,4.23,4.16,105.7,8107.9,16218.9,1367.0,2048.0,67.0,0xe0000
2026-08-24T10:36:11.892052+00:00,4.19,4.16,104.8,8128.9,16218.9,1367.0,2048.0,67.0,0xe0000
2026-08-24T10:36:21.898056+00:00,4.16,4.15,104.1,8124.2,16218.9,1367.0,2048.0,65.9,0xe0000
2026-08-24T10:36:31.903821+00:00,4.14,4.15,103.4,8112.5,16218.9,1367.0,2048.0,67.0,0xe0000
2026-08-24T10:36:41.913743+00:00,4.28,4.18,106.9,8113.5,16218.9,1367.0,2048.0,67.5,0xe0000
2026-08-24T10:36:51.921070+00:00,4.23,4.17,105.8,8112.5,16218.9,1367.0,2048.0,67.5,0xe0000
2026-08-24T10:37:01.928618+00:00,4.2,4.16,104.9,8165.2,16218.9,1367.0,2048.0,67.0,0xe0000
2026-08-24T10:37:11.934245+00:00,4.25,4.17,106.2,8159.5,16218.9,1367.0,2048.0,65.3,0xe0000
2026-08-24T10:37:21.942048+00:00,4.28,4.19,107.1,8156.3,16218.9,1367.0,2048.0,66.4,0xe0000
2026-08-24T10:37:31.948513+00:00,4.31,4.2,107.8,8138.3,16218.9,1367.0,2048.0,67.0,0xe0000
2026-08-24T10:37:41.954017+00:00,4.26,4.19,106.6,8141.1,16218.9,1367.0,2048.0,67.0,0xe0000
2026-08-24T10:37:51.959441+00:00,4.22,4.18,105.6,8136.9,16218.9,1367.0,2048.0,67.5,0xe0000
2026-08-24T10:38:01.965050+00:00,4.19,4.18,104.7,8139.6,16218.9,1367.0,2048.0,65.3,0xe0000
2026-08-24T10:38:11.973463+00:00,4.16,4.17,104.0,8155.2,16218.9,1367.0,2048.0,65.9,0xe0000
2026-08-24T10:38:21.982580+00:00,4.21,4.18,105.4,8253.0,16218.9,1385.0,2048.0,67.5,0xe0000
2026-08-24T10:38:31.989311+00:00,4.18,4.17,104.5,8203.6,16218.9,1385.0,2048.0,67.0,0xe0000
2026-08-24T10:38:41.995038+00:00,4.23,4.18,105.7,8186.8,16218.9,1385.0,2048.0,67.5,0xe0000
2026-08-24T10:38:52.005896+00:00,4.27,4.19,106.6,8181.5,16218.9,1385.0,2048.0,67.0,0xe0000
2026-08-24T10:39:02.009791+00:00,4.22,4.19,105.6,8170.5,16218.9,1385.0,2048.0,65.9,0xe0000
2026-08-24T10:39:12.014883+00:00,4.19,4.18,104.7,8161.0,16218.9,1385.0,2048.0,67.5,0xe0000
2026-08-24T10:39:22.020807+00:00,4.16,4.17,104.0,8159.9,16218.9,1385.0,2048.0,67.0,0xe0000
2026-08-24T10:39:32.027030+00:00,4.13,4.17,103.4,8145.8,16218.9,1401.0,2048.0,67.0,0xe0000
2026-08-24T10:39:42.032596+00:00,4.11,4.16,102.8,8143.3,16218.9,1401.0,2048.0,65.9,0xe0000
2026-08-24T10:39:52.037694+00:00,4.17,4.17,104.2,8139.9,16218.9,1401.0,2048.0,67.0,0xe0000
2026-08-24T10:40:02.051181+00:00,4.14,4.17,103.6,8133.5,16218.9,1401.0,2048.0,66.4,0xe0000
2026-08-24T10:40:12.056455+00:00,4.2,4.18,105.0,8155.9,16218.9,1401.0,2048.0,67.5,0xe0000
2026-08-24T10:40:22.064196+00:00,4.24,4.19,106.1,8170.5,16218.9,1401.0,2048.0,65.9,0xe0000
2026-08-24T10:40:32.070818+00:00,4.21,4.18,105.2,8166.0,16218.9,1401.0,2048.0,66.4,0xe0000
2026-08-24T10:40:42.074920+00:00,4.17,4.18,104.3,8101.7,16218.9,1401.0,2048.0,67.0,0xe0000
2026-08-24T10:40:52.081670+00:00,4.15,4.17,103.7,8156.2,16218.9,1401.0,2048.0,65.9,0xe0000
2026-08-24T10:41:02.087891+00:00,4.12,4.16,103.1,8141.8,16218.9,1401.0,2048.0,67.5,0xe0000
2026-08-24T10:41:12.098684+00:00,4.1,4.16,102.6,8128.7,16218.9,1401.0,2048.0,65.9,0xe0000
2026-08-24T10:41:22.105178+00:00,4.09,4.15,102.2,8147.3,16218.9,1401.0,2048.0,67.5,0xe0000
2026-08-24T10:41:32.110225+00:00,4.07,4.15,101.8,8138.1,16218.9,1401.0,2048.0,67.5,0xe0000
2026-08-24T10:41:42.116569+00:00,4.06,4.14,101.5,8139.3,16218.9,1401.0,2048.0,66.4,0xe0000
2026-08-24T10:41:52.121621+00:00,4.05,4.14,101.3,8165.0,16218.9,1401.0,2048.0,67.0,0xe0000
2026-08-24T10:42:02.127925+00:00,4.04,4.13,101.1,8157.9,16218.9,1401.0,2048.0,68.1,0xe0000
2026-08-24T10:42:12.133984+00:00,4.04,4.13,100.9,8143.8,16218.9,1401.0,2048.0,67.5,0xe0000
2026-08-24T10:42:22.139240+00:00,4.03,4.12,100.7,8145.1,16218.9,1401.0,2048.0,67.5,0xe0000
2026-08-24T10:42:32.147106+00:00,4.02,4.12,100.6,8156.0,16218.9,1401.0,2048.0,67.5,0xe0000
2026-08-24T10:42:42.154812+00:00,4.02,4.11,100.5,8166.5,16218.9,1401.0,2048.0,67.0,0xe0000
2026-08-24T10:42:52.160575+00:00,4.1,4.13,102.4,8157.8,16218.9,1401.0,2048.0,65.9,0xe0000
2026-08-24T10:43:02.166496+00:00,4.08,4.12,102.1,8159.0,16218.9,1401.0,2048.0,67.5,0xe0000
2026-08-24T10:43:12.174903+00:00,4.07,4.12,101.7,8155.8,16218.9,1401.0,2048.0,66.4,0xe0000
2026-08-24T10:43:22.181603+00:00,4.06,4.11,101.4,8174.8,16218.9,1401.0,2048.0,65.9,0xe0000
2026-08-24T10:43:32.186916+00:00,4.05,4.11,101.2,8176.4,16218.9,1401.0,2048.0,66.4,0xe0000
2026-08-24T10:43:42.196023+00:00,4.04,4.1,101.0,8169.5,16218.9,1401.0,2048.0,66.4,0xe0000
2026-08-24T10:43:52.201608+00:00,4.11,4.12,102.7,8169.5,16218.9,1401.0,2048.0,67.5,0xe0000
2026-08-24T10:44:02.209394+00:00,4.17,4.13,104.3,8168.0,16218.9,1401.0,2048.0,67.5,0xe0000
2026-08-24T10:44:12.215081+00:00,4.14,4.13,103.6,8198.4,16218.9,1401.0,2048.0,66.4,0xe0000
2026-08-24T10:44:22.221178+00:00,4.12,4.12,103.1,8192.7,16218.9,1401.0,2048.0,65.9,0xe0000
2026-08-24T10:44:32.229546+00:00,4.1,4.12,102.6,8186.2,16218.9,1401.0,2048.0,67.5,0xe0000
2026-08-24T10:44:42.237633+00:00,4.16,4.13,104.0,8189.8,16218.9,1401.0,2048.0,66.4,0xe0000
2026-08-24T10:44:52.242960+00:00,4.14,4.12,103.4,8192.3,16218.9,1401.0,2048.0,68.1,0xe0000
2026-08-24T10:45:02.248342+00:00,4.11,4.12,102.8,8163.1,16218.9,1401.0,2048.0,67.0,0xe0000
2026-08-24T10:45:12.259043+00:00,4.1,4.11,102.4,8160.4,16218.9,1401.0,2048.0,65.9,0xe0000
2026-08-24T10:45:22.265557+00:00,4.08,4.11,102.0,8159.4,16218.9,1401.0,2048.0,66.4,0xe0000
2026-08-24T10:45:32.272613+00:00,4.15,4.12,103.7,8135.1,16218.9,1401.0,2048.0,65.9,0xe0000
2026-08-24T10:45:42.278583+00:00,4.12,4.12,103.1,8128.1,16218.9,1401.0,2048.0,66.4,0xe0000
2026-08-24T10:45:52.286843+00:00,4.1,4.11,102.6,8118.2,16218.9,1401.0,2048.0,67.5,0xe0000
2026-08-24T10:46:02.294504+00:00,4.09,4.11,102.2,8101.8,16218.9,1401.0,2048.0,66.4,0xe0000
2026-08-24T10:46:12.300785+00:00,4.07,4.11,101.9,8100.5,16218.9,1401.0,2048.0,66.4,0xe0000
2026-08-24T10:46:22.307842+00:00,4.06,4.1,101.6,8101.0,16218.9,1401.0,2048.0,67.0,0xe0000
2026-08-24T10:46:32.318791+00:00,4.05,4.1,101.3,8110.9,16218.9,1401.0,2048.0,67.0,0xe0000
2026-08-24T10:46:42.325466+00:00,4.12,4.11,103.1,8113.6,16218.9,1401.0,2048.0,64.8,0xe0000
2026-08-24T10:46:52.331334+00:00,4.1,4.11,102.6,8113.3,16218.9,1401.0,2048.0,67.5,0xe0000
2026-08-24T10:47:02.338198+00:00,4.09,4.1,102.2,8115.5,16218.9,1401.0,2048.0,65.9,0xe0000
2026-08-24T10:47:12.346689+00:00,4.07,4.1,101.8,8110.7,16218.9,1401.0,2048.0,65.9,0xe0000
2026-08-24T10:47:22.352482+00:00,4.06,4.1,101.5,8102.0,16218.9,1401.0,2048.0,67.0,0xe0000
2026-08-24T10:47:32.361547+00:00,4.05,4.09,101.3,8102.0,16218.9,1401.0,2048.0,67.5,0xe0000
2026-08-24T10:47:42.374770+00:00,4.2,4.12,104.9,8103.7,16218.9,1401.0,2048.0,65.9,0xe0000
2026-08-24T10:47:52.380458+00:00,4.17,4.12,104.2,8093.0,16218.9,1404.0,2048.0,67.0,0xe0000
2026-08-24T10:48:02.386591+00:00,4.14,4.11,103.5,8093.3,16218.9,1404.0,2048.0,67.5,0xe0000
2026-08-24T10:48:12.393760+00:00,4.2,4.13,105.0,8079.9,16218.9,1404.0,2048.0,67.5,0xe0000
2026-08-24T10:48:22.399395+00:00,4.25,4.14,106.2,8102.2,16218.9,1453.0,2048.0,67.0,0xe0000
2026-08-24T10:48:32.409528+00:00,4.21,4.13,105.2,8063.9,16218.9,1453.0,2048.0,67.0,0xe0000
2026-08-24T10:48:42.416329+00:00,4.18,4.13,104.4,8055.5,16218.9,1453.0,2048.0,67.0,0xe0000
2026-08-24T10:48:52.422751+00:00,4.15,4.12,103.7,8051.6,16218.9,1453.0,2048.0,66.4,0xe0000
2026-08-24T10:49:02.430201+00:00,4.13,4.12,103.1,8053.1,16218.9,1453.0,2048.0,68.1,0xe0000
2026-08-24T10:49:12.435642+00:00,4.11,4.11,102.7,8055.1,16218.9,1464.0,2048.0,66.4,0xe0000
2026-08-24T10:49:22.444626+00:00,4.17,4.13,104.2,8051.9,16218.9,1464.0,2048.0,67.0,0xe0000
2026-08-24T10:49:32.452508+00:00,4.14,4.12,103.6,8048.6,16218.9,1464.0,2048.0,65.9,0xe0000
2026-08-24T10:49:42.459430+00:00,4.12,4.12,103.0,8039.7,16218.9,1475.0,2048.0,67.5,0xe0000
2026-08-24T10:49:52.464567+00:00,4.1,4.11,102.6,8032.3,16218.9,1475.0,2048.0,67.0,0xe0000
2026-08-24T10:50:02.572242+00:00,4.09,4.11,102.1,8066.2,16218.9,1475.0,2048.0,67.0,0xe0000
2026-08-24T10:50:12.578487+00:00,4.22,4.14,105.5,8061.4,16218.9,1479.0,2048.0,66.4,0xe0000
2026-08-24T10:50:22.587729+00:00,4.19,4.13,104.6,8059.3,16218.9,1479.0,2048.0,67.0,0xe0000
2026-08-24T10:50:32.598500+00:00,4.16,4.13,103.9,8057.8,16218.9,1479.0,2048.0,65.9,0xe0000
2026-08-24T10:50:42.604205+00:00,4.21,4.14,105.2,8055.0,16218.9,1479.0,2048.0,67.5,0xe0000
2026-08-24T10:50:52.610025+00:00,4.17,4.14,104.3,8057.8,16218.9,1479.0,2048.0,67.0,0xe0000
2026-08-24T10:51:02.616775+00:00,4.15,4.13,103.7,8057.5,16218.9,1479.0,2048.0,67.5,0xe0000
2026-08-24T10:51:12.624477+00:00,4.12,4.13,103.1,8054.2,16218.9,1479.0,2048.0,66.4,0xe0000
2026-08-24T10:51:22.634690+00:00,4.1,4.12,102.6,8054.0,16218.9,1479.0,2048.0,65.9,0xe0000
2026-08-24T10:51:32.642901+00:00,4.09,4.12,102.2,8050.6,16218.9,1479.0,2048.0,67.5,0xe0000
2026-08-24T10:51:42.648679+00:00,4.15,4.13,103.8,8052.4,16218.9,1479.0,2048.0,66.4,0xe0000
2026-08-24T10:51:52.656889+00:00,4.21,4.14,105.2,8052.2,16218.9,1479.0,2048.0,67.5,0xe0000
2026-08-24T10:52:02.663788+00:00,4.18,4.14,104.4,8054.1,16218.9,1479.0,2048.0,66.4,0xe0000
2026-08-24T10:52:12.673533+00:00,4.15,4.13,103.7,8056.4,16218.9,1479.0,2048.0,67.0,0xe0000
2026-08-24T10:52:22.679618+00:00,4.13,4.13,103.1,8055.0,16218.9,1479.0,2048.0,67.5,0xe0000
2026-08-24T10:52:32.686861+00:00,4.11,4.12,102.7,8057.5,16218.9,1479.0,2048.0,66.4,0xe0000
2026-08-24T10:52:42.693508+00:00,4.17,4.14,104.2,8057.4,16218.9,1479.0,2048.0,66.4,0xe0000
2026-08-24T10:52:52.700645+00:00,4.14,4.13,103.6,8054.9,16218.9,1479.0,2048.0,66.4,0xe0000
2026-08-24T10:53:02.706131+00:00,4.12,4.13,103.0,8058.0,16218.9,1479.0,2048.0,68.1,0xe0000
2026-08-24T10:53:12.712791+00:00,4.1,4.12,102.6,8053.0,16218.9,1479.0,2048.0,67.0,0xe0000
2026-08-24T10:53:22.719940+00:00,4.09,4.12,102.1,8054.9,16218.9,1479.0,2048.0,67.5,0xe0000
2026-08-24T10:53:32.725484+00:00,4.3,4.16,107.5,8052.1,16218.9,1479.0,2048.0,67.5,0xe0000
2026-08-24T10:53:42.730724+00:00,4.41,4.19,110.2,8053.5,16218.9,1479.0,2048.0,65.9,0xe0000
2026-08-24T10:53:52.737550+00:00,4.35,4.18,108.6,8053.1,16218.9,1479.0,2048.0,66.4,0xe0000
2026-08-24T10:54:02.747154+00:00,4.29,4.18,107.3,8055.3,16218.9,1479.0,2048.0,66.4,0xe0000
2026-08-24T10:54:12.752877+00:00,4.25,4.17,106.2,8053.6,16218.9,1479.0,2048.0,68.1,0xe0000
2026-08-24T10:54:22.759679+00:00,4.21,4.16,105.2,8054.0,16218.9,1479.0,2048.0,66.4,0xe0000
2026-08-24T10:54:32.763974+00:00,4.25,4.18,106.2,8056.1,16218.9,1479.0,2048.0,67.5,0xe0000
2026-08-24T10:54:42.769714+00:00,4.21,4.17,105.3,8053.1,16218.9,1479.0,2048.0,67.0,0xe0000
2026-08-24T10:54:52.775239+00:00,4.33,4.2,108.3,8055.0,16218.9,1479.0,2048.0,68.1,0xe0000
2026-08-24T10:55:02.782783+00:00,4.28,4.19,107.0,8052.9,16218.9,1479.0,2048.0,67.5,0xe0000
2026-08-24T10:55:12.790979+00:00,4.24,4.18,105.9,8053.7,16218.9,1479.0,2048.0,66.4,0xe0000
2026-08-24T10:55:22.796344+00:00,4.27,4.19,106.9,8054.6,16218.9,1479.0,2048.0,68.1,0xe0000
2026-08-24T10:55:32.807719+00:00,4.39,4.22,109.7,8055.2,16218.9,1479.0,2048.0,67.5,0xe0000
2026-08-24T10:55:42.813440+00:00,4.33,4.21,108.2,8053.4,16218.9,1481.0,2048.0,67.5,0xe0000
2026-08-24T10:55:52.818636+00:00,4.28,4.21,106.9,8051.0,16218.9,1481.0,2048.0,67.5,0xe0000
2026-08-24T10:56:02.825503+00:00,4.23,4.2,105.8,8050.3,16218.9,1481.0,2048.0,68.1,0xe0000
2026-08-24T10:56:12.829794+00:00,4.35,4.23,108.8,8051.4,16218.9,1481.0,2048.0,67.5,0xe0000
2026-08-24T10:56:22.836595+00:00,4.3,4.22,107.4,8050.4,16218.9,1481.0,2048.0,67.5,0xe0000
2026-08-24T10:56:32.845820+00:00,4.25,4.21,106.3,8049.9,16218.9,1481.0,2048.0,67.0,0xe0000
2026-08-24T10:56:42.851898+00:00,4.21,4.2,105.3,8053.4,16218.9,1481.0,2048.0,67.0,0xe0000
2026-08-24T10:56:52.857360+00:00,4.18,4.2,104.5,8049.2,16218.9,1481.0,2048.0,68.1,0xe0000
2026-08-24T10:57:02.863926+00:00,4.15,4.19,103.8,8055.9,16218.9,1485.0,2048.0,68.1,0xe0000
2026-08-24T10:57:12.870092+00:00,4.21,4.2,105.2,8057.5,16218.9,1485.0,2048.0,66.4,0xe0000
2026-08-24T10:57:22.876302+00:00,4.34,4.23,108.4,8055.3,16218.9,1485.0,2048.0,67.5,0xe0000
2026-08-24T10:57:32.886688+00:00,4.28,4.22,107.1,8054.7,16218.9,1487.0,2048.0,68.1,0xe0000
2026-08-24T10:57:42.892028+00:00,4.24,4.21,106.0,8053.4,16218.9,1487.0,2048.0,68.1,0xe0000
2026-08-24T10:57:52.898519+00:00,4.2,4.2,105.1,8051.5,16218.9,1487.0,2048.0,68.1,0xe0000
2026-08-24T10:58:02.906473+00:00,4.17,4.2,104.3,8048.6,16218.9,1487.0,2048.0,67.5,0xe0000
2026-08-24T10:58:12.913548+00:00,4.14,4.19,103.6,8052.9,16218.9,1487.0,2048.0,66.4,0xe0000
2026-08-24T10:58:22.918780+00:00,4.12,4.18,103.0,8057.7,16218.9,1487.0,2048.0,66.4,0xe0000
2026-08-24T10:58:32.925438+00:00,4.18,4.19,104.4,8054.8,16218.9,1487.0,2048.0,67.5,0xe0000
2026-08-24T10:58:42.931468+00:00,4.15,4.19,103.7,8056.9,16218.9,1487.0,2048.0,65.9,0xe0000
2026-08-24T10:58:52.937316+00:00,4.21,4.2,105.2,8058.0,16218.9,1487.0,2048.0,65.9,0xe0000
2026-08-24T10:59:02.948700+00:00,4.17,4.19,104.4,8057.7,16218.9,1487.0,2048.0,67.0,0xe0000
2026-08-24T10:59:12.955788+00:00,4.15,4.18,103.7,8055.0,16218.9,1487.0,2048.0,66.4,0xe0000
2026-08-24T10:59:22.963890+00:00,4.12,4.17,103.1,8059.7,16218.9,1487.0,2048.0,67.0,0xe0000
2026-08-24T10:59:32.971321+00:00,4.18,4.19,104.6,8056.4,16218.9,1487.0,2048.0,68.1,0xe0000
2026-08-24T10:59:42.978085+00:00,4.16,4.18,103.9,8056.6,16218.9,1487.0,2048.0,67.5,0xe0000
2026-08-24T10:59:52.983755+00:00,4.13,4.17,103.3,8056.5,16218.9,1487.0,2048.0,67.5,0xe0000
2026-08-24T11:00:02.990537+00:00,4.11,4.17,102.8,8049.9,16218.9,1497.0,2048.0,67.5,0xe0000
2026-08-24T11:00:12.997053+00:00,4.09,4.16,102.3,8049.4,16218.9,1497.0,2048.0,65.9,0xe0000
2026-08-24T11:00:23.002753+00:00,4.15,4.17,103.8,8050.7,16218.9,1497.0,2048.0,67.5,0xe0000
2026-08-24T11:00:33.009541+00:00,4.13,4.17,103.2,8049.9,16218.9,1497.0,2048.0,67.0,0xe0000
2026-08-24T11:00:43.018703+00:00,4.11,4.16,102.7,8037.7,16218.9,1508.0,2048.0,68.1,0xe0000
2026-08-24T11:00:53.025766+00:00,4.17,4.17,104.3,8041.3,16218.9,1508.0,2048.0,68.1,0xe0000
2026-08-24T11:01:03.031561+00:00,4.15,4.17,103.6,8037.0,16218.9,1510.0,2048.0,66.4,0xe0000
2026-08-24T11:01:13.040945+00:00,4.12,4.16,103.1,8040.1,16218.9,1510.0,2048.0,67.0,0xe0000
2026-08-24T11:01:23.047123+00:00,4.26,4.19,106.6,8038.1,16218.9,1510.0,2048.0,65.9,0xe0000
2026-08-24T11:01:33.052465+00:00,4.22,4.18,105.6,8035.9,16218.9,1510.0,2048.0,67.5,0xe0000
2026-08-24T11:01:43.060382+00:00,4.26,4.19,106.6,8034.7,16218.9,1510.0,2048.0,66.4,0xe0000
2026-08-24T11:01:53.065603+00:00,4.3,4.2,107.5,8033.3,16218.9,1513.0,2048.0,67.0,0xe0000
2026-08-24T11:02:03.071352+00:00,4.25,4.19,106.4,8038.1,16218.9,1513.0,2048.0,66.4,0xe0000
2026-08-24T11:02:13.079789+00:00,4.3,4.21,107.4,8037.3,16218.9,1513.0,2048.0,65.9,0xe0000
2026-08-24T11:02:23.089483+00:00,4.4,4.23,110.1,8031.9,16218.9,1513.0,2048.0,67.5,0xe0000
2026-08-24T11:02:33.096589+00:00,4.34,4.22,108.5,8034.5,16218.9,1513.0,2048.0,67.5,0xe0000
2026-08-24T11:02:43.102965+00:00,4.37,4.23,109.2,8038.7,16218.9,1513.0,2048.0,67.5,0xe0000
2026-08-24T11:02:53.111367+00:00,4.31,4.23,107.8,8033.7,16218.9,1513.0,2048.0,68.1,0xe0000
2026-08-24T11:03:03.117518+00:00,4.34,4.23,108.4,8036.4,16218.9,1513.0,2048.0,66.4,0xe0000
2026-08-24T11:03:13.126470+00:00,4.44,4.26,111.0,8035.9,16218.9,1513.0,2048.0,66.4,0xe0000
2026-08-24T11:03:23.131226+00:00,4.37,4.25,109.3,8035.3,16218.9,1513.0,2048.0,67.0,0xe0000
2026-08-24T11:03:33.136677+00:00,4.39,4.26,109.9,8034.5,16218.9,1513.0,2048.0,67.5,0xe0000
2026-08-24T11:03:43.146106+00:00,4.33,4.25,108.3,8030.3,16218.9,1513.0,2048.0,67.5,0xe0000
2026-08-24T11:03:53.151475+00:00,4.36,4.26,109.1,8036.6,16218.9,1513.0,2048.0,67.5,0xe0000
2026-08-24T11:04:03.157799+00:00,4.38,4.27,109.5,8035.1,16218.9,1513.0,2048.0,67.5,0xe0000
2026-08-24T11:04:13.165238+00:00,4.4,4.27,110.0,8034.4,16218.9,1513.0,2048.0,68.1,0xe0000
2026-08-24T11:04:23.174805+00:00,4.34,4.27,108.5,8035.9,16218.9,1513.0,2048.0,68.1,0xe0000
2026-08-24T11:04:33.179812+00:00,4.29,4.26,107.2,8037.1,16218.9,1513.0,2048.0,67.5,0xe0000
2026-08-24T11:04:43.185833+00:00,4.24,4.25,106.1,8038.8,16218.9,1513.0,2048.0,67.5,0xe0000
2026-08-24T11:04:53.192203+00:00,4.2,4.24,105.1,8039.0,16218.9,1513.0,2048.0,66.4,0xe0000
2026-08-24T11:05:03.198292+00:00,4.17,4.23,104.3,8025.9,16218.9,1524.0,2048.0,67.5,0xe0000
2026-08-24T11:05:13.206849+00:00,4.15,4.22,103.6,8024.8,16218.9,1524.0,2048.0,67.5,0xe0000
2026-08-24T11:05:23.212806+00:00,4.12,4.21,103.1,8027.1,16218.9,1524.0,2048.0,66.4,0xe0000
2026-08-24T11:05:33.219753+00:00,4.18,4.22,104.4,8025.5,16218.9,1524.0,2048.0,67.5,0xe0000
2026-08-24T11:05:43.227699+00:00,4.31,4.25,107.8,8028.4,16218.9,1524.0,2048.0,66.4,0xe0000
2026-08-24T11:05:53.232799+00:00,4.26,4.24,106.6,8026.8,16218.9,1524.0,2048.0,67.0,0xe0000
2026-08-24T11:06:03.239670+00:00,4.38,4.27,109.6,8028.4,16218.9,1524.0,2048.0,66.4,0xe0000
2026-08-24T11:06:13.244054+00:00,4.32,4.26,108.1,8025.7,16218.9,1528.0,2048.0,68.1,0xe0000
2026-08-24T11:06:23.251466+00:00,4.27,4.25,106.8,8025.4,16218.9,1528.0,2048.0,67.5,0xe0000
2026-08-24T11:06:33.260807+00:00,4.31,4.26,107.8,8024.9,16218.9,1528.0,2048.0,68.1,0xe0000
2026-08-24T11:06:43.266609+00:00,4.26,4.25,106.6,8023.6,16218.9,1528.0,2048.0,66.4,0xe0000
2026-08-24T11:06:53.275740+00:00,4.22,4.24,105.5,8026.2,16218.9,1528.0,2048.0,67.0,0xe0000
2026-08-24T11:07:03.285555+00:00,4.26,4.25,106.5,8026.1,16218.9,1528.0,2048.0,67.0,0xe0000
2026-08-24T11:07:13.296200+00:00,4.22,4.24,105.5,8025.3,16218.9,1528.0,2048.0,67.0,0xe0000
2026-08-24T11:07:23.302097+00:00,4.19,4.23,104.7,8024.6,16218.9,1528.0,2048.0,68.1,0xe0000
2026-08-24T11:07:33.310848+00:00,4.16,4.22,103.9,8027.5,16218.9,1528.0,2048.0,67.5,0xe0000
2026-08-24T11:07:43.316945+00:00,4.13,4.21,103.3,8021.7,16218.9,1531.0,2048.0,67.0,0xe0000
2026-08-24T11:07:53.323987+00:00,4.27,4.24,106.7,8023.5,16218.9,1531.0,2048.0,67.0,0xe0000
2026-08-24T11:08:03.332862+00:00,4.3,4.25,107.5,8024.6,16218.9,1531.0,2048.0,68.1,0xe0000
2026-08-24T11:08:13.338751+00:00,4.41,4.27,110.2,8026.2,16218.9,1531.0,2048.0,66.4,0xe0000
2026-08-24T11:08:23.345733+00:00,4.34,4.26,108.6,8027.7,16218.9,1531.0,2048.0,68.1,0xe0000
2026-08-24T11:08:33.351756+00:00,4.29,4.26,107.3,8027.2,16218.9,1531.0,2048.0,67.0,0xe0000
2026-08-24T11:08:43.357586+00:00,4.25,4.25,106.1,8024.6,16218.9,1531.0,2048.0,66.4,0xe0000
2026-08-24T11:08:53.362706+00:00,4.21,4.24,105.2,8024.6,16218.9,1531.0,2048.0,67.0,0xe0000
2026-08-24T11:09:03.373608+00:00,4.17,4.23,104.4,8026.5,16218.9,1531.0,2048.0,67.5,0xe0000
2026-08-24T11:09:13.379535+00:00,4.15,4.22,103.7,8018.4,16218.9,1531.0,2048.0,66.4,0xe0000
2026-08-24T11:09:23.385541+00:00,4.2,4.23,105.1,8026.0,16218.9,1531.0,2048.0,67.5,0xe0000
2026-08-24T11:09:33.392254+00:00,4.25,4.24,106.3,8023.2,16218.9,1531.0,2048.0,67.5,0xe0000
2026-08-24T11:09:43.397642+00:00,4.21,4.23,105.3,8022.0,16218.9,1531.0,2048.0,67.5,0xe0000
2026-08-24T11:09:53.401691+00:00,4.18,4.22,104.5,8021.2,16218.9,1531.0,2048.0,67.0,0xe0000
2026-08-24T11:10:03.408989+00:00,4.15,4.22,103.8,8021.0,16218.9,1531.0,2048.0,67.5,0xe0000
2026-08-24T11:10:13.420107+00:00,4.13,4.21,103.2,8022.0,16218.9,1533.0,2048.0,68.1,0xe0000
2026-08-24T11:10:23.425374+00:00,4.27,4.23,106.7,8021.3,16218.9,1533.0,2048.0,67.5,0xe0000
2026-08-24T11:10:33.432146+00:00,4.23,4.23,105.7,8023.1,16218.9,1533.0,2048.0,67.5,0xe0000
2026-08-24T11:10:43.440367+00:00,4.27,4.24,106.6,8023.9,16218.9,1533.0,2048.0,67.5,0xe0000
2026-08-24T11:10:53.447653+00:00,4.22,4.23,105.6,8022.9,16218.9,1533.0,2048.0,67.5,0xe0000
2026-08-24T11:11:03.452931+00:00,4.19,4.22,104.7,8020.9,16218.9,1533.0,2048.0,67.5,0xe0000
2026-08-24T11:11:13.462661+00:00,4.24,4.23,106.0,8023.0,16218.9,1533.0,2048.0,66.4,0xe0000
2026-08-24T11:11:23.468471+00:00,4.2,4.22,105.1,8020.9,16218.9,1533.0,2048.0,67.0,0xe0000
2026-08-24T11:11:33.477288+00:00,4.17,4.21,104.3,8022.1,16218.9,1533.0,2048.0,67.5,0xe0000
2026-08-24T11:11:43.486460+00:00,4.14,4.21,103.6,8022.3,16218.9,1533.0,2048.0,67.5,0xe0000
2026-08-24T11:11:53.491861+00:00,4.12,4.2,103.0,8022.8,16218.9,1533.0,2048.0,67.5,0xe0000
2026-08-24T11:12:03.498710+00:00,4.18,4.21,104.6,8026.3,16218.9,1533.0,2048.0,68.1,0xe0000
2026-08-24T11:12:13.508853+00:00,4.23,4.22,105.7,8022.6,16218.9,1533.0,2048.0,67.5,0xe0000
2026-08-24T11:12:23.516066+00:00,4.19,4.21,104.8,8023.1,16218.9,1533.0,2048.0,67.5,0xe0000
2026-08-24T11:12:33.521353+00:00,4.16,4.2,104.1,8023.4,16218.9,1533.0,2048.0,67.0,0xe0000
2026-08-24T11:12:43.529231+00:00,4.21,4.21,105.3,8022.6,16218.9,1533.0,2048.0,67.5,0xe0000
2026-08-24T11:12:53.534902+00:00,4.18,4.2,104.5,8024.7,16218.9,1533.0,2048.0,67.0,0xe0000
2026-08-24T11:13:03.545542+00:00,4.15,4.2,103.8,8023.5,16218.9,1533.0,2048.0,67.5,0xe0000
2026-08-24T11:13:13.554839+00:00,4.13,4.19,103.2,8021.1,16218.9,1535.0,2048.0,66.4,0xe0000
2026-08-24T11:13:23.560311+00:00,4.11,4.18,102.7,8021.8,16218.9,1535.0,2048.0,67.5,0xe0000
2026-08-24T11:13:33.570823+00:00,4.17,4.19,104.3,8022.7,16218.9,1535.0,2048.0,67.0,0xe0000
2026-08-24T11:13:43.576319+00:00,4.14,4.19,103.6,8021.9,16218.9,1535.0,2048.0,67.5,0xe0000
2026-08-24T11:13:53.582556+00:00,4.12,4.18,103.0,8023.4,16218.9,1537.0,2048.0,68.1,0xe0000
2026-08-24T11:14:03.589067+00:00,4.1,4.17,102.6,8024.5,16218.9,1537.0,2048.0,67.5,0xe0000
2026-08-24T11:14:13.595608+00:00,4.09,4.17,102.2,8022.1,16218.9,1537.0,2048.0,67.5,0xe0000
2026-08-24T11:14:23.601061+00:00,4.15,4.18,103.7,8021.6,16218.9,1537.0,2048.0,66.4,0xe0000
2026-08-24T11:14:33.608362+00:00,4.2,4.19,105.1,8021.0,16218.9,1537.0,2048.0,65.9,0xe0000
2026-08-24T11:14:43.616373+00:00,4.25,4.2,106.3,8019.7,16218.9,1537.0,2048.0,67.5,0xe0000
2026-08-24T11:14:53.625322+00:00,4.21,4.19,105.3,8020.8,16218.9,1537.0,2048.0,66.4,0xe0000
2026-08-24T11:15:03.630960+00:00,4.18,4.19,104.5,8019.5,16218.9,1537.0,2048.0,68.1,0xe0000
2026-08-24T11:15:13.638886+00:00,4.15,4.18,103.8,8021.3,16218.9,1537.0,2048.0,67.5,0xe0000
2026-08-24T11:15:23.643208+00:00,4.2,4.19,105.0,8021.7,16218.9,1537.0,2048.0,67.0,0xe0000
2026-08-24T11:15:33.649536+00:00,4.24,4.2,106.1,8024.1,16218.9,1537.0,2048.0,67.5,0xe0000
2026-08-24T11:15:43.656295+00:00,4.21,4.19,105.2,8007.5,16218.9,1537.0,2048.0,68.1,0xe0000
2026-08-24T11:15:53.661590+00:00,4.17,4.19,104.3,8004.4,16218.9,1537.0,2048.0,67.5,0xe0000
2026-08-24T11:16:03.669524+00:00,4.15,4.18,103.7,7998.9,16218.9,1537.0,2048.0,67.5,0xe0000
2026-08-24T11:16:13.674116+00:00,4.36,4.22,109.1,8000.3,16218.9,1537.0,2048.0,65.9,0xe0000
2026-08-24T11:16:23.680864+00:00,4.39,4.23,109.7,7998.7,16218.9,1537.0,2048.0,67.5,0xe0000
2026-08-24T11:16:33.687991+00:00,4.33,4.22,108.2,7988.8,16218.9,1537.0,2048.0,66.4,0xe0000
2026-08-24T11:16:43.698016+00:00,4.43,4.25,110.8,7983.1,16218.9,1537.0,2048.0,67.5,0xe0000
2026-08-24T11:16:53.703918+00:00,4.37,4.24,109.1,7982.1,16218.9,1537.0,2048.0,66.4,0xe0000
2026-08-24T11:17:03.715581+00:00,4.46,4.27,111.4,7983.0,16218.9,1537.0,2048.0,66.4,0xe0000
2026-08-24T11:17:13.724457+00:00,4.39,4.26,109.7,7980.9,16218.9,1537.0,2048.0,67.5,0xe0000
2026-08-24T11:17:23.729598+00:00,4.33,4.25,108.2,7977.7,16218.9,1537.0,2048.0,66.4,0xe0000
2026-08-24T11:17:33.736765+00:00,4.36,4.26,108.9,7980.1,16218.9,1537.0,2048.0,67.0,0xe0000
2026-08-24T11:17:43.743174+00:00,4.3,4.25,107.5,7982.1,16218.9,1537.0,2048.0,68.1,0xe0000
2026-08-24T11:17:53.748675+00:00,4.25,4.24,106.3,7978.4,16218.9,1537.0,2048.0,67.5,0xe0000
2026-08-24T11:18:03.754356+00:00,4.29,4.25,107.4,7980.2,16218.9,1537.0,2048.0,68.1,0xe0000
2026-08-24T11:18:13.758686+00:00,4.25,4.24,106.2,7963.0,16218.9,1551.0,2048.0,68.1,0xe0000
2026-08-24T11:18:23.763075+00:00,4.21,4.23,105.3,7965.0,16218.9,1551.0,2048.0,67.5,0xe0000
2026-08-24T11:18:33.772415+00:00,4.25,4.24,106.3,7965.5,16218.9,1551.0,2048.0,67.5,0xe0000
2026-08-24T11:18:43.780213+00:00,4.21,4.23,105.3,7967.6,16218.9,1551.0,2048.0,68.1,0xe0000
2026-08-24T11:18:53.786185+00:00,4.18,4.22,104.5,7963.8,16218.9,1551.0,2048.0,67.5,0xe0000
2026-08-24T11:19:03.791944+00:00,4.38,4.27,109.5,7963.9,16218.9,1551.0,2048.0,67.5,0xe0000
2026-08-24T11:19:13.797973+00:00,4.32,4.26,108.0,7968.9,16218.9,1551.0,2048.0,67.5,0xe0000
2026-08-24T11:19:23.803606+00:00,4.35,4.26,108.6,7968.6,16218.9,1551.0,2048.0,67.5,0xe0000
2026-08-24T11:19:33.809004+00:00,4.29,4.25,107.3,7979.1,16218.9,1581.0,2048.0,67.0,0xe0000
2026-08-24T11:19:43.814797+00:00,4.25,4.25,106.2,7974.9,16218.9,1581.0,2048.0,66.4,0xe0000
2026-08-24T11:19:53.823370+00:00,4.21,4.24,105.2,7942.9,16218.9,1581.0,2048.0,67.5,0xe0000
2026-08-24T11:20:03.832294+00:00,4.18,4.23,104.4,7942.8,16218.9,1581.0,2048.0,66.4,0xe0000
2026-08-24T11:20:13.839481+00:00,4.15,4.22,103.7,7941.8,16218.9,1581.0,2048.0,67.5,0xe0000
2026-08-24T11:20:23.846869+00:00,4.12,4.21,103.1,7952.0,16218.9,1581.0,2048.0,67.5,0xe0000
2026-08-24T11:20:33.852808+00:00,4.1,4.21,102.6,7948.0,16218.9,1581.0,2048.0,68.1,0xe0000
2026-08-24T11:20:43.857575+00:00,4.38,4.26,109.6,7947.4,16218.9,1581.0,2048.0,66.4,0xe0000
2026-08-24T11:20:53.864534+00:00,4.4,4.27,110.1,7946.3,16218.9,1581.0,2048.0,68.1,0xe0000
2026-08-24T11:21:03.871280+00:00,4.34,4.26,108.5,7947.4,16218.9,1581.0,2048.0,67.5,0xe0000
2026-08-24T11:21:13.881670+00:00,4.29,4.25,107.2,7949.9,16218.9,1581.0,2048.0,67.5,0xe0000
2026-08-24T11:21:23.887778+00:00,4.32,4.26,108.1,7947.6,16218.9,1581.0,2048.0,67.5,0xe0000
2026-08-24T11:21:33.894901+00:00,4.27,4.25,106.8,7945.8,16218.9,1581.0,2048.0,68.1,0xe0000
2026-08-24T11:21:43.900956+00:00,4.23,4.24,105.8,7949.6,16218.9,1581.0,2048.0,66.4,0xe0000
2026-08-24T11:21:53.907671+00:00,4.2,4.24,104.9,7947.3,16218.9,1581.0,2048.0,67.0,0xe0000
2026-08-24T11:22:03.914530+00:00,4.25,4.24,106.1,7946.8,16218.9,1581.0,2048.0,67.5,0xe0000
2026-08-24T11:22:13.921308+00:00,4.29,4.25,107.2,7948.9,16218.9,1581.0,2048.0,67.5,0xe0000
2026-08-24T11:22:23.928946+00:00,4.24,4.24,106.1,7945.9,16218.9,1585.0,2048.0,67.5,0xe0000
2026-08-24T11:22:33.934945+00:00,4.21,4.24,105.1,7942.9,16218.9,1585.0,2048.0,68.1,0xe0000
2026-08-24T11:22:43.941548+00:00,4.17,4.23,104.3,7946.5,16218.9,1585.0,2048.0,67.5,0xe0000
2026-08-24T11:22:53.952433+00:00,4.15,4.22,103.7,7947.3,16218.9,1585.0,2048.0,67.5,0xe0000
2026-08-24T11:23:03.956892+00:00,4.2,4.23,104.9,7950.1,16218.9,1585.0,2048.0,66.4,0xe0000
2026-08-24T11:23:13.962577+00:00,4.25,4.24,106.2,7950.7,16218.9,1585.0,2048.0,67.0,0xe0000
2026-08-24T11:23:23.969044+00:00,4.21,4.23,105.2,7949.2,16218.9,1585.0,2048.0,66.4,0xe0000
2026-08-24T11:23:33.975354+00:00,4.18,4.22,104.4,7947.4,16218.9,1585.0,2048.0,67.5,0xe0000
2026-08-24T11:23:43.981079+00:00,4.15,4.21,103.7,7944.7,16218.9,1585.0,2048.0,67.5,0xe0000
2026-08-24T11:23:53.987882+00:00,4.21,4.22,105.1,7948.2,16218.9,1585.0,2048.0,67.5,0xe0000
2026-08-24T11:24:03.991841+00:00,4.17,4.22,104.3,7946.4,16218.9,1585.0,2048.0,67.5,0xe0000
2026-08-24T11:24:13.997256+00:00,4.15,4.21,103.7,7946.8,16218.9,1585.0,2048.0,68.1,0xe0000
2026-08-24T11:24:24.003105+00:00,4.12,4.2,103.1,7951.6,16218.9,1585.0,2048.0,68.1,0xe0000
2026-08-24T11:24:34.011815+00:00,4.1,4.19,102.6,7925.6,16218.9,1610.0,2048.0,65.9,0xe0000
2026-08-24T11:24:44.015858+00:00,4.09,4.19,102.2,7923.2,16218.9,1610.0,2048.0,67.5,0xe0000
2026-08-24T11:24:54.026488+00:00,4.07,4.18,101.8,7925.1,16218.9,1610.0,2048.0,67.5,0xe0000
2026-08-24T11:25:04.032451+00:00,4.06,4.17,101.5,7930.0,16218.9,1610.0,2048.0,68.1,0xe0000
2026-08-24T11:25:14.040607+00:00,4.05,4.17,101.3,7922.7,16218.9,1610.0,2048.0,66.4,0xe0000
2026-08-24T11:25:24.046864+00:00,4.04,4.16,101.1,7918.1,16218.9,1610.0,2048.0,67.0,0xe0000
2026-08-24T11:25:34.051961+00:00,4.12,4.17,102.9,7928.9,16218.9,1610.0,2048.0,67.5,0xe0000
2026-08-24T11:25:44.061553+00:00,4.1,4.17,102.4,7926.4,16218.9,1610.0,2048.0,67.5,0xe0000
2026-08-24T11:25:54.068215+00:00,4.08,4.16,102.1,7923.8,16218.9,1610.0,2048.0,67.5,0xe0000
2026-08-24T11:26:04.076794+00:00,4.14,4.17,103.6,7916.0,16218.9,1618.0,2048.0,68.1,0xe0000
2026-08-24T11:26:14.083741+00:00,4.12,4.17,103.0,7913.6,16218.9,1622.0,2048.0,67.5,0xe0000
2026-08-24T11:26:24.089122+00:00,4.1,4.16,102.5,7913.8,16218.9,1622.0,2048.0,67.5,0xe0000
2026-08-24T11:26:34.096251+00:00,4.09,4.15,102.1,7917.8,16218.9,1622.0,2048.0,67.5,0xe0000
2026-08-24T11:26:44.105620+00:00,4.15,4.17,103.8,7914.0,16218.9,1622.0,2048.0,67.5,0xe0000
2026-08-24T11:26:54.114757+00:00,4.13,4.16,103.2,7913.1,16218.9,1622.0,2048.0,67.0,0xe0000
2026-08-24T11:27:04.121985+00:00,4.11,4.15,102.7,7911.8,16218.9,1622.0,2048.0,67.5,0xe0000
2026-08-24T11:27:14.127339+00:00,4.09,4.15,102.3,7916.8,16218.9,1622.0,2048.0,67.5,0xe0000
2026-08-24T11:27:24.132751+00:00,4.08,4.14,101.9,7913.5,16218.9,1622.0,2048.0,67.0,0xe0000
2026-08-24T11:27:34.137996+00:00,4.06,4.14,101.6,7923.1,16218.9,1622.0,2048.0,68.1,0xe0000
2026-08-24T11:27:44.142561+00:00,4.05,4.13,101.4,7910.2,16218.9,1636.0,2048.0,67.5,0xe0000
2026-08-24T11:27:54.153403+00:00,4.05,4.13,101.1,7909.7,16218.9,1636.0,2048.0,67.5,0xe0000
2026-08-24T11:28:04.158965+00:00,4.04,4.12,101.0,7912.8,16218.9,1636.0,2048.0,66.4,0xe0000
2026-08-24T11:28:14.163974+00:00,4.03,4.12,100.8,7905.7,16218.9,1636.0,2048.0,67.5,0xe0000
2026-08-24T11:28:24.170388+00:00,4.03,4.11,100.7,7908.3,16218.9,1636.0,2048.0,67.5,0xe0000
2026-08-24T11:28:34.180410+00:00,4.02,4.11,100.5,7907.5,16218.9,1636.0,2048.0,67.5,0xe0000
2026-08-24T11:28:44.185684+00:00,4.1,4.12,102.5,7907.7,16218.9,1636.0,2048.0,68.1,0xe0000
2026-08-24T11:28:54.191102+00:00,4.08,4.12,102.1,7906.8,16218.9,1636.0,2048.0,67.5,0xe0000
2026-08-24T11:29:04.202899+00:00,4.07,4.11,101.7,7904.9,16218.9,1636.0,2048.0,67.0,0xe0000
2026-08-24T11:29:14.208669+00:00,4.06,4.11,101.5,7910.2,16218.9,1636.0,2048.0,65.9,0xe0000
2026-08-24T11:29:24.214657+00:00,4.05,4.11,101.2,7909.8,16218.9,1636.0,2048.0,67.0,0xe0000
2026-08-24T11:29:34.221252+00:00,4.12,4.12,103.0,7900.9,16218.9,1641.0,2048.0,67.0,0xe0000
2026-08-24T11:29:44.229517+00:00,4.26,4.15,106.6,7904.2,16218.9,1641.0,2048.0,67.5,0xe0000
2026-08-24T11:29:54.238682+00:00,4.22,4.14,105.6,7903.7,16218.9,1641.0,2048.0,67.5,0xe0000
2026-08-24T11:30:04.244505+00:00,4.19,4.14,104.7,7904.9,16218.9,1641.0,2048.0,67.5,0xe0000
2026-08-24T11:30:14.251689+00:00,4.16,4.13,104.0,7904.9,16218.9,1641.0,2048.0,67.0,0xe0000
2026-08-24T11:30:24.256448+00:00,4.29,4.16,107.2,7911.1,16218.9,1641.0,2048.0,67.0,0xe0000
2026-08-24T11:30:34.264058+00:00,4.32,4.17,107.9,7877.7,16218.9,1736.0,2048.0,66.4,0xe0000
2026-08-24T11:30:44.269825+00:00,4.27,4.17,106.7,7857.3,16218.9,1736.0,2048.0,67.5,0xe0000
2026-08-24T11:30:54.277601+00:00,4.23,4.16,105.7,7844.2,16218.9,1736.0,2048.0,68.1,0xe0000
2026-08-24T11:31:04.285196+00:00,4.19,4.16,104.8,7840.0,16218.9,1736.0,2048.0,68.1,0xe0000
2026-08-24T11:31:14.294722+00:00,4.16,4.15,104.0,7843.6,16218.9,1736.0,2048.0,68.1,0xe0000
2026-08-24T11:31:24.302000+00:00,4.14,4.14,103.4,7836.9,16218.9,1736.0,2048.0,68.1,0xe0000
2026-08-24T11:31:34.308088+00:00,4.11,4.14,102.9,7840.1,16218.9,1736.0,2048.0,65.9,0xe0000
2026-08-24T11:31:44.313977+00:00,4.1,4.13,102.4,7838.2,16218.9,1736.0,2048.0,67.5,0xe0000
2026-08-24T11:31:54.319305+00:00,4.08,4.13,102.0,7836.8,16218.9,1736.0,2048.0,66.4,0xe0000
2026-08-24T11:32:04.326514+00:00,4.14,4.14,103.6,7835.3,16218.9,1736.0,2048.0,68.1,0xe0000
2026-08-24T11:32:14.333677+00:00,4.2,4.15,105.0,7836.7,16218.9,1736.0,2048.0,68.1,0xe0000
2026-08-24T11:32:24.341537+00:00,4.17,4.15,104.2,7833.4,16218.9,1736.0,2048.0,67.0,0xe0000
2026-08-24T11:32:34.350777+00:00,4.14,4.14,103.6,7833.2,16218.9,1736.0,2048.0,68.1,0xe0000
2026-08-24T11:32:44.357354+00:00,4.19,4.15,104.9,7834.2,16218.9,1736.0,2048.0,67.5,0xe0000
2026-08-24T11:32:54.361844+00:00,4.16,4.15,104.1,7838.2,16218.9,1736.0,2048.0,68.1,0xe0000
2026-08-24T11:33:04.368135+00:00,4.14,4.14,103.5,7836.2,16218.9,1736.0,2048.0,67.5,0xe0000
2026-08-24T11:33:14.375005+00:00,4.2,4.16,104.9,7837.6,16218.9,1736.0,2048.0,67.5,0xe0000
2026-08-24T11:33:24.384564+00:00,4.32,4.18,108.0,7832.2,16218.9,1736.0,2048.0,67.5,0xe0000
2026-08-24T11:33:34.393499+00:00,4.27,4.18,106.8,7831.9,16218.9,1736.0,2048.0,66.4,0xe0000
2026-08-24T11:33:44.400372+00:00,4.38,4.2,109.4,7833.2,16218.9,1736.0,2048.0,67.0,0xe0000
2026-08-24T11:33:54.406901+00:00,4.39,4.21,109.8,7835.3,16218.9,1736.0,2048.0,67.5,0xe0000
2026-08-24T11:34:04.413015+00:00,4.33,4.21,108.3,7830.8,16218.9,1736.0,2048.0,65.9,0xe0000
2026-08-24T11:34:14.420782+00:00,4.28,4.2,107.0,7836.1,16218.9,1736.0,2048.0,67.5,0xe0000
2026-08-24T11:34:24.427661+00:00,4.32,4.21,107.9,7833.3,16218.9,1736.0,2048.0,67.0,0xe0000
2026-08-24T11:34:34.432939+00:00,4.27,4.2,106.7,7834.1,16218.9,1736.0,2048.0,67.5,0xe0000
2026-08-24T11:34:44.439860+00:00,4.23,4.19,105.7,7834.3,16218.9,1736.0,2048.0,68.1,0xe0000
2026-08-24T11:34:54.446068+00:00,4.19,4.19,104.8,7832.7,16218.9,1736.0,2048.0,68.1,0xe0000
2026-08-24T11:35:04.453553+00:00,4.16,4.18,104.0,7833.3,16218.9,1736.0,2048.0,66.4,0xe0000
2026-08-24T11:35:14.460867+00:00,4.14,4.17,103.4,7838.0,16218.9,1736.0,2048.0,68.1,0xe0000
2026-08-24T11:35:24.470543+00:00,4.11,4.17,102.9,7833.7,16218.9,1736.0,2048.0,67.5,0xe0000
2026-08-24T11:35:34.477534+00:00,4.18,4.18,104.4,7835.5,16218.9,1736.0,2048.0,67.5,0xe0000
2026-08-24T11:35:44.482297+00:00,4.15,4.17,103.7,7834.8,16218.9,1736.0,2048.0,68.1,0xe0000
2026-08-24T11:35:54.489214+00:00,4.13,4.17,103.1,7834.7,16218.9,1736.0,2048.0,67.5,0xe0000
2026-08-24T11:36:04.495056+00:00,4.11,4.16,102.7,7812.4,16218.9,1760.0,2048.0,67.5,0xe0000
2026-08-24T11:36:14.504408+00:00,4.09,4.16,102.2,7812.9,16218.9,1760.0,2048.0,67.5,0xe0000
2026-08-24T11:36:24.513615+00:00,4.08,4.15,101.9,7815.4,16218.9,1760.0,2048.0,67.5,0xe0000
2026-08-24T11:36:34.519328+00:00,4.14,4.16,103.4,7813.5,16218.9,1760.0,2048.0,66.4,0xe0000
2026-08-24T11:36:44.524978+00:00,4.12,4.16,102.9,7813.0,16218.9,1760.0,2048.0,68.1,0xe0000
2026-08-24T11:36:54.530272+00:00,4.1,4.15,102.4,7814.6,16218.9,1760.0,2048.0,66.4,0xe0000
2026-08-24T11:37:04.536139+00:00,4.08,4.14,102.1,7813.6,16218.9,1760.0,2048.0,68.6,0xe0000
2026-08-24T11:37:14.541689+00:00,4.07,4.14,101.7,7813.1,16218.9,1760.0,2048.0,68.1,0xe0000
2026-08-24T11:37:24.546808+00:00,4.06,4.13,101.4,7813.5,16218.9,1760.0,2048.0,67.0,0xe0000
2026-08-24T11:37:34.552589+00:00,4.05,4.13,101.2,7811.5,16218.9,1760.0,2048.0,67.5,0xe0000
2026-08-24T11:37:44.564756+00:00,4.11,4.14,102.9,7810.2,16218.9,1760.0,2048.0,68.1,0xe0000
2026-08-24T11:37:54.572104+00:00,4.1,4.14,102.4,7813.0,16218.9,1760.0,2048.0,67.5,0xe0000
2026-08-24T11:38:04.577780+00:00,4.08,4.13,102.0,7812.4,16218.9,1760.0,2048.0,68.1,0xe0000
2026-08-24T11:38:14.585521+00:00,4.14,4.14,103.6,7809.6,16218.9,1760.0,2048.0,66.4,0xe0000
2026-08-24T11:38:24.591339+00:00,4.12,4.14,103.0,7812.9,16218.9,1760.0,2048.0,68.6,0xe0000
2026-08-24T11:38:34.601827+00:00,4.1,4.13,102.5,7812.8,16218.9,1760.0,2048.0,67.5,0xe0000
2026-08-24T11:38:44.607279+00:00,4.08,4.13,102.1,7813.1,16218.9,1760.0,2048.0,68.1,0xe0000
2026-08-24T11:38:54.612706+00:00,4.07,4.12,101.8,7811.1,16218.9,1760.0,2048.0,67.5,0xe0000
2026-08-24T11:39:04.618705+00:00,4.06,4.12,101.5,7810.6,16218.9,1760.0,2048.0,67.0,0xe0000
2026-08-24T11:39:14.623936+00:00,4.05,4.12,101.3,7811.2,16218.9,1760.0,2048.0,68.1,0xe0000
2026-08-24T11:39:24.632433+00:00,4.04,4.11,101.1,7812.0,16218.9,1760.0,2048.0,67.5,0xe0000
2026-08-24T11:39:34.642225+00:00,4.12,4.12,102.9,7813.8,16218.9,1760.0,2048.0,67.5,0xe0000
2026-08-24T11:39:44.646632+00:00,4.1,4.12,102.4,7810.0,16218.9,1762.0,2048.0,68.1,0xe0000
2026-08-24T11:39:54.652385+00:00,4.16,4.13,103.9,7810.4,16218.9,1762.0,2048.0,68.1,0xe0000
2026-08-24T11:40:04.658269+00:00,4.13,4.13,103.3,7811.9,16218.9,1762.0,2048.0,67.5,0xe0000
2026-08-24T11:40:14.666662+00:00,4.11,4.12,102.8,7810.8,16218.9,1762.0,2048.0,68.6,0xe0000
2026-08-24T11:40:24.673584+00:00,4.09,4.12,102.3,7816.3,16218.9,1762.0,2048.0,68.6,0xe0000
2026-08-24T11:40:34.679497+00:00,4.08,4.11,102.0,7811.7,16218.9,1762.0,2048.0,67.5,0xe0000
2026-08-24T11:40:44.685295+00:00,4.07,4.11,101.7,7815.5,16218.9,1762.0,2048.0,67.5,0xe0000
2026-08-24T11:40:54.692588+00:00,4.06,4.11,101.4,7812.6,16218.9,1762.0,2048.0,67.0,0xe0000
2026-08-24T11:41:04.698280+00:00,4.19,4.13,104.9,7812.4,16218.9,1762.0,2048.0,67.0,0xe0000
2026-08-24T11:41:14.704191+00:00,4.16,4.13,104.1,7811.4,16218.9,1762.0,2048.0,67.5,0xe0000
2026-08-24T11:41:24.710145+00:00,4.14,4.12,103.5,7813.9,16218.9,1762.0,2048.0,67.0,0xe0000
2026-08-24T11:41:34.719807+00:00,4.2,4.14,104.9,7812.3,16218.9,1762.0,2048.0,68.1,0xe0000
2026-08-24T11:41:44.725270+00:00,4.17,4.13,104.2,7813.2,16218.9,1762.0,2048.0,67.5,0xe0000
2026-08-24T11:41:54.733564+00:00,4.14,4.13,103.5,7812.6,16218.9,1762.0,2048.0,68.1,0xe0000
2026-08-24T11:42:04.757980+00:00,4.19,4.14,104.8,7814.7,16218.9,1762.0,2048.0,67.0,0xe0000
2026-08-24T11:42:14.767391+00:00,4.16,4.13,104.1,7809.3,16218.9,1774.0,2048.0,67.0,0xe0000
2026-08-24T11:42:24.775114+00:00,4.14,4.13,103.4,7810.2,16218.9,1774.0,2048.0,67.5,0xe0000
2026-08-24T11:42:34.780738+00:00,4.12,4.12,102.9,7807.0,16218.9,1774.0,2048.0,67.5,0xe0000
2026-08-24T11:42:44.789524+00:00,4.1,4.12,102.4,7812.4,16218.9,1774.0,2048.0,68.1,0xe0000
2026-08-24T11:42:54.795332+00:00,4.16,4.13,104.1,7814.7,16218.9,1774.0,2048.0,68.1,0xe0000
2026-08-24T11:43:04.801585+00:00,4.14,4.13,103.4,7812.9,16218.9,1774.0,2048.0,68.1,0xe0000
2026-08-24T11:43:14.808209+00:00,4.12,4.12,102.9,7788.4,16218.9,1774.0,2048.0,67.0,0xe0000
2026-08-24T11:43:24.816642+00:00,4.1,4.12,102.4,7786.4,16218.9,1774.0,2048.0,68.1,0xe0000
2026-08-24T11:43:34.821885+00:00,4.16,4.13,104.1,7799.1,16218.9,1774.0,2048.0,67.0,0xe0000
2026-08-24T11:43:44.828291+00:00,4.14,4.13,103.4,7774.3,16218.9,1774.0,2048.0,67.5,0xe0000
2026-08-24T11:43:54.834113+00:00,4.12,4.12,102.9,7775.0,16218.9,1774.0,2048.0,67.5,0xe0000
2026-08-24T11:44:04.839840+00:00,4.17,4.13,104.3,7772.8,16218.9,1774.0,2048.0,68.1,0xe0000
2026-08-24T11:44:14.850614+00:00,4.15,4.13,103.6,7764.1,16218.9,1774.0,2048.0,68.1,0xe0000
2026-08-24T11:44:24.858967+00:00,4.12,4.12,103.1,7766.8,16218.9,1774.0,2048.0,67.5,0xe0000
2026-08-24T11:44:34.865047+00:00,4.18,4.14,104.6,7767.4,16218.9,1774.0,2048.0,65.9,0xe0000
2026-08-24T11:44:44.878860+00:00,4.15,4.13,103.9,7785.5,16218.9,1774.0,2048.0,67.5,0xe0000
2026-08-24T11:44:54.884845+00:00,4.13,4.13,103.3,7775.9,16218.9,1777.0,2048.0,67.0,0xe0000
2026-08-24T11:45:04.890707+00:00,4.11,4.12,102.7,7776.2,16218.9,1777.0,2048.0,68.1,0xe0000
2026-08-24T11:45:14.896261+00:00,4.09,4.12,102.3,7778.0,16218.9,1777.0,2048.0,68.1,0xe0000
2026-08-24T11:45:24.902167+00:00,4.08,4.11,101.9,7778.5,16218.9,1777.0,2048.0,67.5,0xe0000
2026-08-24T11:45:34.909421+00:00,4.07,4.11,101.6,7776.8,16218.9,1777.0,2048.0,67.5,0xe0000
2026-08-24T11:45:44.916233+00:00,4.13,4.12,103.2,7778.6,16218.9,1777.0,2048.0,67.5,0xe0000
2026-08-24T11:45:54.922220+00:00,4.11,4.12,102.7,7775.7,16218.9,1777.0,2048.0,67.5,0xe0000
2026-08-24T11:46:04.928718+00:00,4.17,4.13,104.3,7776.6,16218.9,1777.0,2048.0,67.0,0xe0000
2026-08-24T11:46:14.938429+00:00,4.15,4.12,103.6,7781.7,16218.9,1777.0,2048.0,68.1,0xe0000
2026-08-24T11:46:24.943688+00:00,4.12,4.12,103.1,7783.9,16218.9,1777.0,2048.0,68.1,0xe0000
2026-08-24T11:46:34.950186+00:00,4.1,4.11,102.6,7784.4,16218.9,1777.0,2048.0,67.5,0xe0000
2026-08-24T11:46:44.956966+00:00,4.09,4.11,102.2,7781.5,16218.9,1777.0,2048.0,68.1,0xe0000
2026-08-24T11:46:54.965804+00:00,4.07,4.11,101.8,7778.6,16218.9,1777.0,2048.0,67.5,0xe0000
2026-08-24T11:47:04.974982+00:00,4.22,4.14,105.4,7780.7,16218.9,1777.0,2048.0,68.1,0xe0000
2026-08-24T11:47:14.979093+00:00,4.34,4.17,108.4,7778.5,16218.9,1777.0,2048.0,67.0,0xe0000
2026-08-24T11:47:24.985098+00:00,4.36,4.18,109.0,7781.7,16218.9,1777.0,2048.0,68.1,0xe0000
2026-08-24T11:47:34.991466+00:00,4.54,4.22,113.6,7781.9,16218.9,1777.0,2048.0,68.1,0xe0000
2026-08-24T11:47:44.996648+00:00,4.46,4.21,111.5,7778.8,16218.9,1777.0,2048.0,68.1,0xe0000
2026-08-24T11:47:55.003555+00:00,4.39,4.21,109.7,7778.2,16218.9,1782.0,2048.0,67.0,0xe0000
2026-08-24T11:48:05.014707+00:00,4.4,4.21,110.1,7773.1,16218.9,1782.0,2048.0,67.5,0xe0000
2026-08-24T11:48:15.020713+00:00,4.41,4.22,110.4,7774.0,16218.9,1782.0,2048.0,68.1,0xe0000
2026-08-24T11:48:25.026648+00:00,4.35,4.22,108.8,7767.1,16218.9,1782.0,2048.0,68.1,0xe0000
2026-08-24T11:48:35.032425+00:00,4.3,4.21,107.4,7810.4,16218.9,1825.0,2048.0,68.1,0xe0000
2026-08-24T11:48:45.044020+00:00,4.25,4.2,106.3,7755.6,16218.9,1825.0,2048.0,67.5,0xe0000
2026-08-24T11:48:55.053518+00:00,4.21,4.19,105.3,7747.4,16218.9,1825.0,2048.0,67.5,0xe0000
2026-08-24T11:49:05.060329+00:00,4.18,4.19,104.5,7741.1,16218.9,1825.0,2048.0,66.4,0xe0000
2026-08-24T11:49:15.066198+00:00,4.15,4.18,103.8,7739.5,16218.9,1825.0,2048.0,67.5,0xe0000
2026-08-24T11:49:25.071002+00:00,4.13,4.17,103.2,7735.8,16218.9,1825.0,2048.0,67.0,0xe0000
2026-08-24T11:49:35.079320+00:00,4.11,4.17,102.7,7737.2,16218.9,1825.0,2048.0,68.1,0xe0000
2026-08-24T11:49:45.085538+00:00,4.09,4.16,102.3,7736.4,16218.9,1825.0,2048.0,68.1,0xe0000
2026-08-24T11:49:55.094845+00:00,4.22,4.19,105.6,7740.3,16218.9,1825.0,2048.0,67.0,0xe0000
2026-08-24T11:50:05.099419+00:00,4.19,4.18,104.7,7738.4,16218.9,1825.0,2048.0,68.1,0xe0000
2026-08-24T11:50:15.105054+00:00,4.16,4.18,104.0,7738.4,16218.9,1825.0,2048.0,67.5,0xe0000
2026-08-24T11:50:25.112369+00:00,4.21,4.19,105.2,7740.4,16218.9,1825.0,2048.0,67.5,0xe0000
2026-08-24T11:50:35.122547+00:00,4.18,4.18,104.4,7742.6,16218.9,1825.0,2048.0,68.1,0xe0000
2026-08-24T11:50:45.127976+00:00,4.15,4.17,103.7,7740.3,16218.9,1825.0,2048.0,68.1,0xe0000
2026-08-24T11:50:55.134960+00:00,4.12,4.17,103.1,7745.9,16218.9,1825.0,2048.0,67.5,0xe0000
2026-08-24T11:51:05.139823+00:00,4.35,4.21,108.7,7737.3,16218.9,1825.0,2048.0,67.5,0xe0000
2026-08-24T11:51:15.152028+00:00,4.29,4.2,107.3,7742.9,16218.9,1825.0,2048.0,67.5,0xe0000
2026-08-24T11:51:25.157522+00:00,4.25,4.2,106.2,7740.8,16218.9,1825.0,2048.0,67.5,0xe0000
2026-08-24T11:51:35.164795+00:00,4.21,4.19,105.2,7738.8,16218.9,1825.0,2048.0,67.0,0xe0000
2026-08-24T11:51:45.172705+00:00,4.26,4.2,106.4,7741.9,16218.9,1825.0,2048.0,67.5,0xe0000
2026-08-24T11:51:55.184673+00:00,4.22,4.19,105.4,7737.1,16218.9,1825.0,2048.0,67.5,0xe0000
2026-08-24T11:52:05.191822+00:00,4.18,4.19,104.6,7736.6,16218.9,1825.0,2048.0,68.1,0xe0000
2026-08-24T11:52:15.198092+00:00,4.15,4.18,103.9,7739.9,16218.9,1828.0,2048.0,67.5,0xe0000
2026-08-24T11:52:25.205547+00:00,4.13,4.17,103.2,7739.4,16218.9,1828.0,2048.0,67.5,0xe0000
2026-08-24T11:52:35.211719+00:00,4.11,4.17,102.7,7738.3,16218.9,1828.0,2048.0,67.5,0xe0000
2026-08-24T11:52:45.217946+00:00,4.09,4.16,102.3,7742.2,16218.9,1828.0,2048.0,67.5,0xe0000
2026-08-24T11:52:55.224902+00:00,4.08,4.16,101.9,7740.9,16218.9,1828.0,2048.0,67.5,0xe0000
2026-08-24T11:53:05.231483+00:00,4.15,4.17,103.6,7740.5,16218.9,1828.0,2048.0,67.5,0xe0000
2026-08-24T11:53:15.237020+00:00,4.12,4.16,103.1,7738.1,16218.9,1828.0,2048.0,68.1,0xe0000
2026-08-24T11:53:25.246771+00:00,4.1,4.16,102.6,7742.6,16218.9,1828.0,2048.0,68.1,0xe0000
2026-08-24T11:53:35.258686+00:00,4.16,4.17,104.0,7739.6,16218.9,1828.0,2048.0,67.0,0xe0000
2026-08-24T11:53:45.263323+00:00,4.14,4.16,103.4,7738.1,16218.9,1828.0,2048.0,67.5,0xe0000
2026-08-24T11:53:55.269662+00:00,4.11,4.15,102.9,7738.0,16218.9,1828.0,2048.0,68.1,0xe0000
2026-08-24T11:54:05.274979+00:00,4.1,4.15,102.4,7740.0,16218.9,1828.0,2048.0,67.5,0xe0000
2026-08-24T11:54:15.284806+00:00,4.16,4.16,104.1,7740.8,16218.9,1828.0,2048.0,66.4,0xe0000
2026-08-24T11:54:25.291880+00:00,4.14,4.15,103.4,7738.0,16218.9,1828.0,2048.0,66.4,0xe0000
2026-08-24T11:54:35.297704+00:00,4.19,4.17,104.7,7740.1,16218.9,1828.0,2048.0,67.0,0xe0000
2026-08-24T11:54:45.303342+00:00,4.16,4.16,104.0,7737.8,16218.9,1828.0,2048.0,67.5,0xe0000
2026-08-24T11:54:55.309703+00:00,4.21,4.17,105.4,7742.4,16218.9,1828.0,2048.0,68.1,0xe0000
2026-08-24T11:55:05.316428+00:00,4.18,4.17,104.5,7745.3,16218.9,1828.0,2048.0,67.0,0xe0000
2026-08-24T11:55:15.322569+00:00,4.15,4.16,103.8,7745.0,16218.9,1828.0,2048.0,68.1,0xe0000
2026-08-24T11:55:25.329389+00:00,4.21,4.17,105.2,7737.0,16218.9,1828.0,2048.0,68.6,0xe0000
2026-08-24T11:55:35.338577+00:00,4.32,4.2,108.1,7756.2,16218.9,1828.0,2048.0,67.5,0xe0000
2026-08-24T11:55:45.347509+00:00,4.27,4.19,106.9,7751.7,16218.9,1828.0,2048.0,67.5,0xe0000
2026-08-24T11:55:55.357356+00:00,4.23,4.18,105.8,7752.8,16218.9,1828.0,2048.0,68.1,0xe0000
2026-08-24T11:56:05.364253+00:00,4.27,4.19,106.7,7751.0,16218.9,1828.0,2048.0,68.1,0xe0000
2026-08-24T11:56:15.370140+00:00,4.23,4.19,105.7,7744.7,16218.9,1828.0,2048.0,68.1,0xe0000
2026-08-24T11:56:25.375362+00:00,4.19,4.18,104.8,7749.6,16218.9,1828.0,2048.0,68.1,0xe0000
2026-08-24T11:56:35.380834+00:00,4.16,4.17,104.1,7742.9,16218.9,1828.0,2048.0,68.1,0xe0000
2026-08-24T11:56:45.388084+00:00,4.14,4.17,103.4,7733.2,16218.9,1843.0,2048.0,67.0,0xe0000
2026-08-24T11:56:55.396376+00:00,4.12,4.16,102.9,7733.0,16218.9,1843.0,2048.0,67.5,0xe0000
2026-08-24T11:57:05.404533+00:00,4.1,4.16,102.4,7731.6,16218.9,1843.0,2048.0,67.5,0xe0000
2026-08-24T11:57:15.410267+00:00,4.08,4.15,102.1,7733.0,16218.9,1843.0,2048.0,67.5,0xe0000
2026-08-24T11:57:25.416630+00:00,4.07,4.15,101.7,7728.0,16218.9,1851.0,2048.0,68.1,0xe0000
2026-08-24T11:57:35.427823+00:00,4.06,4.14,101.4,7722.4,16218.9,1851.0,2048.0,67.5,0xe0000
2026-08-24T11:57:45.434972+00:00,4.05,4.14,101.2,7725.1,16218.9,1851.0,2048.0,68.6,0xe0000
2026-08-24T11:57:55.541876+00:00,4.04,4.13,101.0,7724.4,16218.9,1851.0,2048.0,67.5,0xe0000
2026-08-24T11:58:05.550598+00:00,4.03,4.13,100.8,7720.7,16218.9,1851.0,2048.0,68.1,0xe0000
2026-08-24T11:58:15.557320+00:00,4.03,4.12,100.7,7724.7,16218.9,1851.0,2048.0,65.3,0xe0000
2026-08-24T11:58:25.564459+00:00,4.02,4.12,100.6,7721.1,16218.9,1854.0,2048.0,67.5,0xe0000
2026-08-24T11:58:35.569738+00:00,4.02,4.11,100.5,7720.6,16218.9,1854.0,2048.0,67.0,0xe0000
2026-08-24T11:58:45.578887+00:00,4.02,4.11,100.4,7720.4,16218.9,1854.0,2048.0,67.5,0xe0000
2026-08-24T11:58:55.586123+00:00,4.01,4.1,100.3,7721.6,16218.9,1854.0,2048.0,68.1,0xe0000
2026-08-24T11:59:05.593450+00:00,4.01,4.1,100.3,7717.2,16218.9,1866.0,2048.0,67.0,0xe0000
2026-08-24T11:59:15.600431+00:00,4.01,4.1,100.2,7718.0,16218.9,1866.0,2048.0,68.1,0xe0000
2026-08-24T11:59:25.608105+00:00,4.01,4.09,100.2,7714.7,16218.9,1866.0,2048.0,67.0,0xe0000
2026-08-24T11:59:35.614685+00:00,4.09,4.11,102.1,7714.9,16218.9,1866.0,2048.0,67.5,0xe0000
2026-08-24T11:59:45.622857+00:00,4.07,4.1,101.8,7712.6,16218.9,1866.0,2048.0,67.0,0xe0000
2026-08-24T11:59:55.630550+00:00,4.06,4.1,101.5,7711.1,16218.9,1866.0,2048.0,68.1,0xe0000
2026-08-24T12:00:05.636488+00:00,4.05,4.09,101.3,7712.8,16218.9,1866.0,2048.0,68.1,0xe0000
2026-08-24T12:00:15.644222+00:00,4.04,4.09,101.1,7709.4,16218.9,1866.0,2048.0,67.5,0xe0000
2026-08-24T12:00:25.656149+00:00,4.04,4.09,100.9,7713.7,16218.9,1866.0,2048.0,67.5,0xe0000
2026-08-24T12:00:35.662035+00:00,4.03,4.08,100.7,7713.8,16218.9,1866.0,2048.0,68.6,0xe0000
2026-08-24T12:00:45.667372+00:00,4.11,4.1,102.6,7711.8,16218.9,1866.0,2048.0,67.5,0xe0000
2026-08-24T12:00:55.673068+00:00,4.09,4.09,102.2,7699.6,16218.9,1866.0,2048.0,67.5,0xe0000
2026-08-24T12:01:05.679626+00:00,4.07,4.09,101.9,7709.1,16218.9,1866.0,2048.0,67.5,0xe0000
2026-08-24T12:01:15.687356+00:00,4.06,4.09,101.6,7710.1,16218.9,1866.0,2048.0,67.0,0xe0000
2026-08-24T12:01:25.691384+00:00,4.05,4.08,101.3,7709.1,16218.9,1866.0,2048.0,67.5,0xe0000
2026-08-24T12:01:35.700136+00:00,4.04,4.08,101.1,7707.5,16218.9,1866.0,2048.0,68.1,0xe0000
2026-08-24T12:01:45.709433+00:00,4.2,4.11,104.9,7709.4,16218.9,1866.0,2048.0,68.1,0xe0000
2026-08-24T12:01:55.716939+00:00,4.17,4.11,104.2,7709.1,16218.9,1868.0,2048.0,67.5,0xe0000
2026-08-24T12:02:05.723350+00:00,4.14,4.1,103.5,7712.2,16218.9,1868.0,2048.0,68.1,0xe0000
2026-08-24T12:02:15.730548+00:00,4.12,4.1,103.0,7712.3,16218.9,1868.0,2048.0,67.5,0xe0000
2026-08-24T12:02:25.735807+00:00,4.1,4.1,102.5,7719.1,16218.9,1878.0,2048.0,68.6,0xe0000
2026-08-24T12:02:35.741437+00:00,4.08,4.09,102.1,7746.2,16218.9,1888.0,2048.0,67.5,0xe0000
2026-08-24T12:02:45.750405+00:00,4.07,4.09,101.8,7753.1,16218.9,1888.0,2048.0,68.1,0xe0000
2026-08-24T12:02:55.760459+00:00,4.06,4.08,101.5,7754.3,16218.9,1888.0,2048.0,68.1,0xe0000
2026-08-24T12:03:05.766456+00:00,4.05,4.08,101.3,7740.7,16218.9,1920.0,2048.0,67.5,0xe0000
2026-08-24T12:03:15.773498+00:00,4.04,4.08,101.0,7721.4,16218.9,1931.0,2048.0,67.5,0xe0000
2026-08-24T12:03:25.779457+00:00,4.12,4.09,102.9,7721.0,16218.9,1931.0,2048.0,67.5,0xe0000
2026-08-24T12:03:35.786099+00:00,4.1,4.09,102.4,7725.3,16218.9,1931.0,2048.0,67.0,0xe0000
2026-08-24T12:03:45.791971+00:00,4.08,4.09,102.1,7720.5,16218.9,1931.0,2048.0,68.1,0xe0000
2026-08-24T12:03:55.797788+00:00,4.07,4.08,101.7,7730.3,16218.9,1931.0,2048.0,68.1,0xe0000
2026-08-24T12:04:05.803370+00:00,4.06,4.08,101.4,7726.5,16218.9,1931.0,2048.0,68.1,0xe0000
2026-08-24T12:04:15.810872+00:00,4.05,4.08,101.2,7723.8,16218.9,1935.0,2048.0,65.9,0xe0000
2026-08-24T12:04:25.816448+00:00,4.11,4.09,102.9,7729.9,16218.9,1953.0,2048.0,68.6,0xe0000
2026-08-24T12:04:35.822720+00:00,4.1,4.09,102.4,7725.2,16218.9,1953.0,2048.0,67.5,0xe0000
2026-08-24T12:04:45.828356+00:00,4.08,4.08,102.0,7726.0,16218.9,1953.0,2048.0,67.5,0xe0000
2026-08-24T12:04:55.834986+00:00,4.07,4.08,101.7,7740.4,16218.9,1953.0,2048.0,67.5,0xe0000
2026-08-24T12:05:05.842786+00:00,4.14,4.1,103.4,7835.5,16218.9,2048.0,2048.0,68.1,0xe0000
2026-08-24T12:05:15.851551+00:00,4.12,4.09,102.9,7811.0,16218.9,2048.0,2048.0,67.0,0xe0000
2026-08-24T12:05:25.861520+00:00,4.1,4.09,102.4,7814.3,16218.9,2048.0,2048.0,67.0,0xe0000
2026-08-24T12:05:35.867039+00:00,4.23,4.12,105.7,7829.3,16218.9,2048.0,2048.0,67.5,0xe0000
2026-08-24T12:05:45.874860+00:00,4.19,4.11,104.9,7829.3,16218.9,2048.0,2048.0,68.1,0xe0000
2026-08-24T12:05:55.880202+00:00,4.24,4.13,106.0,7818.2,16218.9,2048.0,2048.0,67.5,0xe0000
2026-08-24T12:06:05.890583+00:00,4.28,4.14,107.0,7816.3,16218.9,2048.0,2048.0,65.9,0xe0000
2026-08-24T12:06:15.898146+00:00,4.32,4.15,108.0,7830.2,16218.9,2048.0,2048.0,68.1,0xe0000
2026-08-24T12:06:25.908305+00:00,4.35,4.16,108.7,7848.6,16218.9,2048.0,2048.0,67.5,0xe0000
2026-08-24T12:06:35.913635+00:00,4.3,4.16,107.4,7849.2,16218.9,2048.0,2048.0,67.5,0xe0000
2026-08-24T12:06:45.920556+00:00,4.25,4.15,106.2,7856.9,16218.9,2048.0,2048.0,67.5,0xe0000
2026-08-24T12:06:55.927879+00:00,4.21,4.14,105.3,8035.6,16218.9,2048.0,2048.0,67.5,0xe0000
2026-08-24T12:07:05.932933+00:00,4.18,4.14,104.5,7978.8,16218.9,2048.0,2048.0,67.5,0xe0000
2026-08-24T12:07:15.943204+00:00,4.22,4.15,105.6,7967.2,16218.9,2048.0,2048.0,67.5,0xe0000
2026-08-24T12:07:25.950874+00:00,4.19,4.15,104.7,8037.7,16218.9,2048.0,2048.0,66.4,0xe0000
2026-08-24T12:07:35.958829+00:00,4.16,4.14,104.0,8022.9,16218.9,2048.0,2048.0,67.5,0xe0000
2026-08-24T12:07:45.965596+00:00,4.13,4.14,103.4,8019.4,16218.9,2048.0,2048.0,67.0,0xe0000
2026-08-24T12:07:55.972883+00:00,4.11,4.13,102.8,8020.2,16218.9,2048.0,2048.0,67.0,0xe0000
2026-08-24T12:08:05.979530+00:00,4.1,4.13,102.4,8020.5,16218.9,2048.0,2048.0,67.5,0xe0000
2026-08-24T12:08:15.983490+00:00,4.23,4.16,105.9,8021.4,16218.9,2048.0,2048.0,67.5,0xe0000
2026-08-24T12:08:25.990055+00:00,4.2,4.15,105.0,8018.7,16218.9,2048.0,2048.0,67.5,0xe0000
2026-08-24T12:08:35.995714+00:00,4.32,4.18,108.0,8013.3,16218.9,2048.0,2048.0,67.5,0xe0000
2026-08-24T12:08:46.004489+00:00,4.35,4.19,108.7,8013.7,16218.9,2048.0,2048.0,67.5,0xe0000
2026-08-24T12:08:56.012746+00:00,4.37,4.2,109.2,8012.4,16218.9,2048.0,2048.0,68.1,0xe0000
2026-08-24T12:09:06.019805+00:00,4.39,4.21,109.8,8011.1,16218.9,2048.0,2048.0,68.1,0xe0000
2026-08-24T12:09:16.030832+00:00,4.41,4.22,110.3,8007.7,16218.9,2048.0,2048.0,65.9,0xe0000
2026-08-24T12:09:26.039711+00:00,4.35,4.21,108.7,8004.2,16218.9,2048.0,2048.0,67.5,0xe0000
2026-08-24T12:09:36.046041+00:00,4.37,4.22,109.2,8008.2,16218.9,2048.0,2048.0,67.5,0xe0000
2026-08-24T12:09:46.051673+00:00,4.31,4.21,107.8,8005.8,16218.9,2048.0,2048.0,68.1,0xe0000
2026-08-24T12:09:56.058688+00:00,4.34,4.22,108.4,7995.0,16218.9,2048.0,2048.0,68.1,0xe0000
2026-08-24T12:10:06.063223+00:00,4.28,4.21,107.1,7992.8,16218.9,2048.0,2048.0,67.0,0xe0000
2026-08-24T12:10:16.072206+00:00,4.24,4.21,106.0,7988.6,16218.9,2048.0,2048.0,66.4,0xe0000
2026-08-24T12:10:26.082730+00:00,4.2,4.2,105.1,7986.9,16218.9,2048.0,2048.0,67.0,0xe0000
2026-08-24T12:10:36.088270+00:00,4.17,4.19,104.3,7990.2,16218.9,2048.0,2048.0,68.6,0xe0000
2026-08-24T12:10:46.095452+00:00,4.14,4.19,103.6,7989.9,16218.9,2048.0,2048.0,65.3,0xe0000
2026-08-24T12:10:56.108735+00:00,4.12,4.18,103.0,7988.3,16218.9,2048.0,2048.0,66.4,0xe0000
2026-08-24T12:11:06.114069+00:00,4.1,4.17,102.6,7988.4,16218.9,2048.0,2048.0,66.4,0xe0000
2026-08-24T12:11:16.122022+00:00,4.09,4.17,102.2,7983.9,16218.9,2048.0,2048.0,67.0,0xe0000
2026-08-24T12:11:26.128854+00:00,4.3,4.21,107.5,7987.3,16218.9,2048.0,2048.0,66.4,0xe0000
2026-08-24T12:11:36.134703+00:00,4.33,4.22,108.4,7985.8,16218.9,2048.0,2048.0,67.5,0xe0000
2026-08-24T12:11:46.141582+00:00,4.28,4.21,107.1,7984.6,16218.9,2048.0,2048.0,67.0,0xe0000
2026-08-24T12:11:56.147399+00:00,4.24,4.2,106.0,7983.8,16218.9,2048.0,2048.0,68.1,0xe0000
2026-08-24T12:12:06.151938+00:00,4.28,4.21,106.9,7984.1,16218.9,2048.0,2048.0,68.1,0xe0000
2026-08-24T12:12:16.162435+00:00,4.23,4.21,105.8,7985.9,16218.9,2048.0,2048.0,67.5,0xe0000
2026-08-24T12:12:26.168394+00:00,4.2,4.2,104.9,7984.9,16218.9,2048.0,2048.0,67.5,0xe0000
2026-08-24T12:12:36.176493+00:00,4.17,4.19,104.1,7985.3,16218.9,2048.0,2048.0,68.1,0xe0000
2026-08-24T12:12:46.181750+00:00,4.14,4.19,103.5,7983.7,16218.9,2048.0,2048.0,67.5,0xe0000
2026-08-24T12:12:56.188018+00:00,4.2,4.2,105.0,7982.6,16218.9,2048.0,2048.0,66.4,0xe0000
2026-08-24T12:13:06.194639+00:00,4.17,4.19,104.2,7982.3,16218.9,2048.0,2048.0,68.1,0xe0000
2026-08-24T12:13:16.201267+00:00,4.14,4.18,103.5,7981.4,16218.9,2048.0,2048.0,68.1,0xe0000
2026-08-24T12:13:26.207044+00:00,4.12,4.17,103.0,7982.9,16218.9,2048.0,2048.0,68.1,0xe0000
2026-08-24T12:13:36.217585+00:00,4.1,4.17,102.5,7981.2,16218.9,2048.0,2048.0,68.1,0xe0000
2026-08-24T12:13:46.223932+00:00,4.08,4.16,102.1,7982.2,16218.9,2048.0,2048.0,67.5,0xe0000
2026-08-24T12:13:56.229926+00:00,4.07,4.16,101.8,7980.3,16218.9,2048.0,2048.0,67.5,0xe0000
2026-08-24T12:14:06.238203+00:00,4.14,4.17,103.5,7919.9,16218.9,2048.0,2048.0,67.5,0xe0000
2026-08-24T12:14:16.244612+00:00,4.12,4.16,103.0,7919.2,16218.9,2048.0,2048.0,67.5,0xe0000
2026-08-24T12:14:26.250161+00:00,4.18,4.17,104.5,7921.0,16218.9,2048.0,2048.0,68.1,0xe0000
2026-08-24T12:14:36.255835+00:00,4.23,4.18,105.7,7918.1,16218.9,2048.0,2048.0,68.1,0xe0000
2026-08-24T12:14:46.267463+00:00,4.27,4.19,106.8,7922.6,16218.9,2048.0,2048.0,67.5,0xe0000
2026-08-24T12:14:56.277497+00:00,4.23,4.19,105.7,7919.1,16218.9,2048.0,2048.0,68.1,0xe0000
2026-08-24T12:15:06.282981+00:00,4.27,4.2,106.7,7920.3,16218.9,2048.0,2048.0,67.5,0xe0000
2026-08-24T12:15:16.388858+00:00,4.23,4.19,105.7,7918.9,16218.9,2048.0,2048.0,66.4,0xe0000
2026-08-24T12:15:26.395847+00:00,4.27,4.2,106.8,7920.4,16218.9,2048.0,2048.0,68.1,0xe0000
2026-08-24T12:15:36.403077+00:00,4.3,4.21,107.6,7918.1,16218.9,2048.0,2048.0,67.5,0xe0000
2026-08-24T12:15:46.409472+00:00,4.26,4.2,106.4,7918.3,16218.9,2048.0,2048.0,65.9,0xe0000
2026-08-24T12:15:56.417529+00:00,4.22,4.2,105.4,7916.5,16218.9,2048.0,2048.0,68.1,0xe0000
2026-08-24T12:16:06.424858+00:00,4.18,4.19,104.6,7917.6,16218.9,2048.0,2048.0,67.5,0xe0000
2026-08-24T12:16:16.432089+00:00,4.15,4.18,103.9,7917.7,16218.9,2048.0,2048.0,66.4,0xe0000
2026-08-24T12:16:26.438590+00:00,4.13,4.18,103.2,7917.4,16218.9,2048.0,2048.0,68.1,0xe0000
2026-08-24T12:16:36.450021+00:00,4.11,4.17,102.7,7915.7,16218.9,2048.0,2048.0,65.9,0xe0000
2026-08-24T12:16:46.456318+00:00,4.09,4.16,102.3,7917.7,16218.9,2048.0,2048.0,67.5,0xe0000
2026-08-24T12:16:56.462469+00:00,4.08,4.16,101.9,7919.0,16218.9,2048.0,2048.0,68.1,0xe0000
2026-08-24T12:17:06.471296+00:00,4.22,4.19,105.5,7919.4,16218.9,2048.0,2048.0,67.5,0xe0000
2026-08-24T12:17:16.477575+00:00,4.19,4.18,104.6,7915.1,16218.9,2048.0,2048.0,67.5,0xe0000
2026-08-24T12:17:26.483027+00:00,4.16,4.17,103.9,7915.3,16218.9,2048.0,2048.0,67.5,0xe0000
2026-08-24T12:17:36.496335+00:00,4.13,4.17,103.3,7916.3,16218.9,2048.0,2048.0,67.5,0xe0000
2026-08-24T12:17:46.500845+00:00,4.11,4.16,102.8,7917.5,16218.9,2048.0,2048.0,67.0,0xe0000
2026-08-24T12:17:56.508981+00:00,4.09,4.16,102.4,7917.8,16218.9,2048.0,2048.0,68.1,0xe0000
2026-08-24T12:18:06.514683+00:00,4.08,4.15,102.0,7918.4,16218.9,2048.0,2048.0,66.4,0xe0000
2026-08-24T12:18:16.523120+00:00,4.07,4.14,101.7,7917.3,16218.9,2048.0,2048.0,67.0,0xe0000
2026-08-24T12:18:26.528454+00:00,4.06,4.14,101.4,7917.5,16218.9,2048.0,2048.0,67.5,0xe0000
2026-08-24T12:18:36.535685+00:00,4.05,4.13,101.2,7918.4,16218.9,2048.0,2048.0,67.5,0xe0000
2026-08-24T12:18:46.542773+00:00,4.04,4.13,101.0,7920.9,16218.9,2048.0,2048.0,68.1,0xe0000
2026-08-24T12:18:56.549557+00:00,4.03,4.12,100.8,7922.2,16218.9,2048.0,2048.0,68.1,0xe0000
2026-08-24T12:19:06.554663+00:00,4.03,4.12,100.7,7920.9,16218.9,2048.0,2048.0,68.1,0xe0000
2026-08-24T12:19:16.561361+00:00,4.1,4.13,102.6,7922.7,16218.9,2048.0,2048.0,68.1,0xe0000
2026-08-24T12:19:26.567281+00:00,4.09,4.13,102.2,7925.1,16218.9,2048.0,2048.0,68.1,0xe0000
2026-08-24T12:19:36.574088+00:00,4.07,4.12,101.8,7921.1,16218.9,2048.0,2048.0,67.5,0xe0000
2026-08-24T12:19:46.590846+00:00,4.06,4.12,101.5,7922.9,16218.9,2048.0,2048.0,68.1,0xe0000
2026-08-24T12:19:56.597514+00:00,4.05,4.11,101.3,7920.9,16218.9,2048.0,2048.0,67.5,0xe0000
2026-08-24T12:20:06.602628+00:00,4.12,4.13,103.1,7922.5,16218.9,2048.0,2048.0,68.1,0xe0000
2026-08-24T12:20:16.608713+00:00,4.1,4.12,102.6,7923.0,16218.9,2048.0,2048.0,67.0,0xe0000
2026-08-24T12:20:26.616658+00:00,4.09,4.12,102.2,7920.1,16218.9,2048.0,2048.0,68.1,0xe0000
2026-08-24T12:20:36.626370+00:00,4.07,4.11,101.8,7925.8,16218.9,2048.0,2048.0,68.6,0xe0000
2026-08-24T12:20:46.631827+00:00,4.06,4.11,101.5,7921.0,16218.9,2048.0,2048.0,68.1,0xe0000
2026-08-24T12:20:56.642406+00:00,4.13,4.12,103.3,7921.5,16218.9,2048.0,2048.0,66.4,0xe0000
2026-08-24T12:21:06.648811+00:00,4.11,4.12,102.8,7924.9,16218.9,2048.0,2048.0,67.0,0xe0000
2026-08-24T12:21:16.654399+00:00,4.09,4.11,102.3,7924.4,16218.9,2048.0,2048.0,67.0,0xe0000
2026-08-24T12:21:26.661469+00:00,4.08,4.11,102.0,7923.0,16218.9,2048.0,2048.0,67.0,0xe0000
2026-08-24T12:21:36.670574+00:00,4.07,4.11,101.7,7921.4,16218.9,2048.0,2048.0,68.1,0xe0000
2026-08-24T12:21:46.676271+00:00,4.13,4.12,103.2,7921.0,16218.9,2048.0,2048.0,67.5,0xe0000
2026-08-24T12:21:56.682401+00:00,4.19,4.13,104.7,7923.4,16218.9,2048.0,2048.0,68.1,0xe0000
2026-08-24T12:22:06.689257+00:00,4.16,4.13,104.0,7920.3,16218.9,2048.0,2048.0,65.9,0xe0000
2026-08-24T12:22:16.694773+00:00,4.22,4.14,105.4,7922.3,16218.9,2048.0,2048.0,65.9,0xe0000
2026-08-24T12:22:26.700149+00:00,4.34,4.17,108.6,7921.9,16218.9,2048.0,2048.0,68.1,0xe0000
2026-08-24T12:22:36.710227+00:00,4.29,4.16,107.2,7920.5,16218.9,2048.0,2048.0,68.1,0xe0000
2026-08-24T12:22:46.717922+00:00,4.24,4.16,106.1,7936.7,16218.9,2048.0,2048.0,69.2,0xe0000
2026-08-24T12:22:56.724581+00:00,4.21,4.15,105.2,7967.1,16218.9,2048.0,2048.0,67.5,0xe0000
2026-08-24T12:23:06.730487+00:00,4.17,4.14,104.3,7960.9,16218.9,2048.0,2048.0,67.5,0xe0000
2026-08-24T12:23:16.738977+00:00,4.22,4.16,105.5,7956.5,16218.9,2048.0,2048.0,67.0,0xe0000
2026-08-24T12:23:26.746072+00:00,4.19,4.15,104.7,7956.2,16218.9,2048.0,2048.0,66.4,0xe0000
2026-08-24T12:23:36.751231+00:00,4.16,4.14,103.9,7957.0,16218.9,2048.0,2048.0,68.1,0xe0000
2026-08-24T12:23:46.755852+00:00,4.13,4.14,103.3,7951.1,16218.9,2048.0,2048.0,68.1,0xe0000
2026-08-24T12:23:56.768039+00:00,4.19,4.15,104.8,7955.0,16218.9,2048.0,2048.0,67.0,0xe0000
2026-08-24T12:24:06.775240+00:00,4.16,4.15,104.1,7950.8,16218.9,2048.0,2048.0,67.0,0xe0000
2026-08-24T12:24:16.781970+00:00,4.14,4.14,103.4,7947.2,16218.9,2048.0,2048.0,67.5,0xe0000
2026-08-24T12:24:26.790871+00:00,4.12,4.14,102.9,7946.7,16218.9,2048.0,2048.0,68.1,0xe0000
2026-08-24T12:24:36.796073+00:00,4.1,4.13,102.4,7946.5,16218.9,2048.0,2048.0,67.5,0xe0000
2026-08-24T12:24:46.800312+00:00,4.08,4.13,102.1,7948.0,16218.9,2048.0,2048.0,68.1,0xe0000
2026-08-24T12:24:56.808449+00:00,4.15,4.14,103.7,7947.0,16218.9,2048.0,2048.0,66.4,0xe0000
2026-08-24T12:25:06.813746+00:00,4.13,4.13,103.1,7938.0,16218.9,2048.0,2048.0,67.5,0xe0000
2026-08-24T12:25:16.822607+00:00,4.11,4.13,102.7,7932.3,16218.9,2048.0,2048.0,67.5,0xe0000
2026-08-24T12:25:26.827396+00:00,4.16,4.14,104.1,7928.1,16218.9,2048.0,2048.0,68.1,0xe0000
2026-08-24T12:25:36.835139+00:00,4.14,4.14,103.5,7927.3,16218.9,2048.0,2048.0,67.5,0xe0000
2026-08-24T12:25:46.840749+00:00,4.12,4.13,102.9,7913.1,16218.9,2048.0,2048.0,67.0,0xe0000
2026-08-24T12:25:56.846952+00:00,4.1,4.13,102.5,7908.1,16218.9,2048.0,2048.0,68.1,0xe0000
2026-08-24T12:26:06.854765+00:00,4.08,4.12,102.1,7905.2,16218.9,2048.0,2048.0,68.1,0xe0000
2026-08-24T12:26:16.861611+00:00,4.07,4.12,101.7,7907.4,16218.9,2048.0,2048.0,67.5,0xe0000
2026-08-24T12:26:26.872069+00:00,4.06,4.11,101.5,7904.3,16218.9,2048.0,2048.0,67.0,0xe0000
2026-08-24T12:26:36.879669+00:00,4.05,4.11,101.2,7906.0,16218.9,2048.0,2048.0,68.1,0xe0000
2026-08-24T12:26:46.885360+00:00,4.04,4.1,101.0,7906.0,16218.9,2048.0,2048.0,65.3,0xe0000
2026-08-24T12:26:56.891094+00:00,4.03,4.1,100.8,7893.5,16218.9,2048.0,2048.0,68.6,0xe0000
2026-08-24T12:27:06.898978+00:00,4.03,4.1,100.7,7895.8,16218.9,2048.0,2048.0,67.0,0xe0000
2026-08-24T12:27:16.905059+00:00,4.02,4.09,100.6,7893.7,16218.9,2048.0,2048.0,68.1,0xe0000
2026-08-24T12:27:26.914706+00:00,4.02,4.09,100.5,7892.1,16218.9,2048.0,2048.0,67.0,0xe0000
2026-08-24T12:27:36.927206+00:00,4.02,4.09,100.4,7891.3,16218.9,2048.0,2048.0,68.6,0xe0000
2026-08-24T12:27:46.934162+00:00,4.01,4.08,100.3,7890.5,16218.9,2048.0,2048.0,68.1,0xe0000
2026-08-24T12:27:56.940564+00:00,4.01,4.08,100.3,7893.8,16218.9,2048.0,2048.0,67.5,0xe0000
2026-08-24T12:28:06.948822+00:00,4.01,4.08,100.2,7886.2,16218.9,2048.0,2048.0,68.1,0xe0000
2026-08-24T12:28:16.954030+00:00,4.01,4.07,100.2,7887.8,16218.9,2048.0,2048.0,68.1,0xe0000
2026-08-24T12:28:26.968065+00:00,4.09,4.09,102.1,7888.6,16218.9,2048.0,2048.0,67.5,0xe0000
2026-08-24T12:28:36.974813+00:00,4.07,4.08,101.8,7888.5,16218.9,2048.0,2048.0,67.0,0xe0000
2026-08-24T12:28:46.982423+00:00,4.06,4.08,101.5,7886.9,16218.9,2048.0,2048.0,67.0,0xe0000
2026-08-24T12:28:56.987174+00:00,4.12,4.1,103.1,7889.6,16218.9,2048.0,2048.0,65.9,0xe0000
2026-08-24T12:29:06.997616+00:00,4.11,4.09,102.6,7890.1,16218.9,2048.0,2048.0,67.5,0xe0000
2026-08-24T12:29:17.003446+00:00,4.09,4.09,102.2,7886.0,16218.9,2048.0,2048.0,67.0,0xe0000
2026-08-24T12:29:27.008759+00:00,4.07,4.08,101.9,7889.3,16218.9,2048.0,2048.0,67.0,0xe0000
2026-08-24T12:29:37.016897+00:00,4.06,4.08,101.6,7887.9,16218.9,2048.0,2048.0,67.5,0xe0000
2026-08-24T12:29:47.023393+00:00,4.05,4.08,101.3,7890.7,16218.9,2048.0,2048.0,67.5,0xe0000
2026-08-24T12:29:57.029318+00:00,4.04,4.08,101.1,7888.3,16218.9,2048.0,2048.0,69.2,0xe0000
2026-08-24T12:30:07.036327+00:00,4.04,4.07,100.9,7892.7,16218.9,2048.0,2048.0,68.1,0xe0000
2026-08-24T12:30:17.046563+00:00,4.03,4.07,100.8,7890.9,16218.9,2048.0,2048.0,67.5,0xe0000
2026-08-24T12:30:27.053041+00:00,4.11,4.08,102.6,7890.2,16218.9,2048.0,2048.0,66.4,0xe0000
2026-08-24T12:30:37.059109+00:00,4.17,4.1,104.2,7891.6,16218.9,2048.0,2048.0,68.1,0xe0000
2026-08-24T12:30:47.065940+00:00,4.14,4.09,103.6,7890.7,16218.9,2048.0,2048.0,66.4,0xe0000
2026-08-24T12:30:57.072529+00:00,4.2,4.11,104.9,7886.7,16218.9,2048.0,2048.0,67.5,0xe0000
2026-08-24T12:31:07.078158+00:00,4.16,4.1,104.1,7887.2,16218.9,2048.0,2048.0,67.0,0xe0000
2026-08-24T12:31:17.084815+00:00,4.14,4.1,103.5,7892.0,16218.9,2048.0,2048.0,67.5,0xe0000
2026-08-24T12:31:27.092753+00:00,4.12,4.1,102.9,7892.0,16218.9,2048.0,2048.0,66.4,0xe0000
2026-08-24T12:31:37.098138+00:00,4.1,4.09,102.5,7892.0,16218.9,2048.0,2048.0,67.0,0xe0000
2026-08-24T12:31:47.106707+00:00,4.08,4.09,102.1,7887.9,16218.9,2048.0,2048.0,68.1,0xe0000
2026-08-24T12:31:57.113390+00:00,4.07,4.08,101.8,7884.7,16218.9,2048.0,2048.0,68.1,0xe0000
2026-08-24T12:32:07.121524+00:00,4.14,4.1,103.5,7889.4,16218.9,2048.0,2048.0,67.0,0xe0000
2026-08-24T12:32:17.126722+00:00,4.12,4.1,102.9,7889.6,16218.9,2048.0,2048.0,67.5,0xe0000
2026-08-24T12:32:27.132779+00:00,4.1,4.09,102.5,7893.0,16218.9,2048.0,2048.0,68.1,0xe0000
2026-08-24T12:32:37.144164+00:00,4.16,4.1,103.9,7890.7,16218.9,2048.0,2048.0,68.1,0xe0000
2026-08-24T12:32:47.157371+00:00,4.13,4.1,103.3,7889.0,16218.9,2048.0,2048.0,67.0,0xe0000
2026-08-24T12:32:57.163257+00:00,4.11,4.1,102.8,7888.4,16218.9,2048.0,2048.0,66.4,0xe0000
2026-08-24T12:33:07.168682+00:00,4.09,4.09,102.4,7889.6,16218.9,2048.0,2048.0,68.6,0xe0000
2026-08-24T12:33:17.174616+00:00,4.23,4.12,105.7,7887.4,16218.9,2048.0,2048.0,69.2,0xe0000
2026-08-24T12:33:27.180001+00:00,4.19,4.12,104.8,7892.6,16218.9,2048.0,2048.0,68.1,0xe0000
2026-08-24T12:33:37.187138+00:00,4.16,4.11,104.0,7889.2,16218.9,2048.0,2048.0,68.1,0xe0000
2026-08-24T12:33:47.192651+00:00,4.14,4.11,103.4,7890.7,16218.9,2048.0,2048.0,67.5,0xe0000
2026-08-24T12:33:57.199957+00:00,4.11,4.11,102.9,7894.2,16218.9,2048.0,2048.0,67.5,0xe0000
2026-08-24T12:34:07.208900+00:00,4.18,4.12,104.4,7890.2,16218.9,2048.0,2048.0,67.5,0xe0000
2026-08-24T12:34:17.218691+00:00,4.15,4.11,103.7,7889.4,16218.9,2048.0,2048.0,68.1,0xe0000
2026-08-24T12:34:27.223595+00:00,4.13,4.11,103.1,7896.1,16218.9,2048.0,2048.0,68.1,0xe0000
2026-08-24T12:34:37.228674+00:00,4.11,4.11,102.7,7891.2,16218.9,2048.0,2048.0,67.5,0xe0000
2026-08-24T12:34:47.238015+00:00,4.09,4.1,102.2,7892.1,16218.9,2048.0,2048.0,68.1,0xe0000
2026-08-24T12:34:57.244589+00:00,4.08,4.1,101.9,7887.0,16218.9,2048.0,2048.0,68.1,0xe0000
2026-08-24T12:35:07.250433+00:00,4.06,4.09,101.6,7892.7,16218.9,2048.0,2048.0,68.1,0xe0000
2026-08-24T12:35:17.256613+00:00,4.05,4.09,101.3,7890.9,16218.9,2048.0,2048.0,68.1,0xe0000
2026-08-24T12:35:27.261689+00:00,4.19,4.12,104.8,7891.1,16218.9,2048.0,2048.0,68.1,0xe0000
2026-08-24T12:35:37.267714+00:00,4.16,4.12,104.1,7893.6,16218.9,2048.0,2048.0,67.5,0xe0000
2026-08-24T12:35:47.272904+00:00,4.14,4.11,103.4,7891.8,16218.9,2048.0,2048.0,68.1,0xe0000
2026-08-24T12:35:57.279463+00:00,4.12,4.11,102.9,7891.3,16218.9,2048.0,2048.0,68.1,0xe0000
2026-08-24T12:36:07.289008+00:00,4.1,4.1,102.4,7892.9,16218.9,2048.0,2048.0,68.1,0xe0000
2026-08-24T12:36:17.296811+00:00,4.08,4.1,102.1,7891.6,16218.9,2048.0,2048.0,68.1,0xe0000
2026-08-24T12:36:27.302463+00:00,4.07,4.1,101.7,7896.0,16218.9,2048.0,2048.0,67.5,0xe0000
2026-08-24T12:36:37.307883+00:00,4.06,4.09,101.4,7892.2,16218.9,2048.0,2048.0,68.6,0xe0000
2026-08-24T12:36:47.313790+00:00,4.12,4.1,103.1,7890.6,16218.9,2048.0,2048.0,68.1,0xe0000
2026-08-24T12:36:57.322321+00:00,4.1,4.1,102.6,7892.0,16218.9,2048.0,2048.0,68.1,0xe0000
2026-08-24T12:37:07.329000+00:00,4.09,4.1,102.2,7891.0,16218.9,2048.0,2048.0,67.0,0xe0000
2026-08-24T12:37:17.334539+00:00,4.07,4.09,101.8,7892.6,16218.9,2048.0,2048.0,68.1,0xe0000
2026-08-24T12:37:27.341576+00:00,4.14,4.11,103.6,7892.5,16218.9,2048.0,2048.0,68.1,0xe0000
2026-08-24T12:37:37.346775+00:00,4.12,4.1,103.0,7892.0,16218.9,2048.0,2048.0,68.1,0xe0000
2026-08-24T12:37:47.353549+00:00,4.1,4.1,102.5,7892.0,16218.9,2048.0,2048.0,67.5,0xe0000
2026-08-24T12:37:57.362653+00:00,4.08,4.09,102.1,7893.7,16218.9,2048.0,2048.0,68.1,0xe0000
2026-08-24T12:38:07.373805+00:00,4.07,4.09,101.8,7889.9,16218.9,2048.0,2048.0,68.1,0xe0000
2026-08-24T12:38:17.379501+00:00,4.14,4.1,103.5,7894.2,16218.9,2048.0,2048.0,68.6,0xe0000
2026-08-24T12:38:27.385499+00:00,4.12,4.1,103.0,7891.4,16218.9,2048.0,2048.0,67.5,0xe0000
2026-08-24T12:38:37.392524+00:00,4.1,4.1,102.5,7900.8,16218.9,2048.0,2048.0,68.1,0xe0000
2026-08-24T12:38:47.399012+00:00,4.23,4.13,105.8,7897.8,16218.9,2048.0,2048.0,68.1,0xe0000
2026-08-24T12:38:57.404751+00:00,4.2,4.12,104.9,7898.5,16218.9,2048.0,2048.0,68.1,0xe0000
2026-08-24T12:39:07.410728+00:00,4.17,4.12,104.1,7898.0,16218.9,2048.0,2048.0,67.0,0xe0000
2026-08-24T12:39:17.418707+00:00,4.14,4.11,103.5,7898.3,16218.9,2048.0,2048.0,67.0,0xe0000
2026-08-24T12:39:27.425209+00:00,4.12,4.11,102.9,7898.8,16218.9,2048.0,2048.0,68.1,0xe0000
2026-08-24T12:39:37.431207+00:00,4.1,4.1,102.5,7897.7,16218.9,2048.0,2048.0,68.1,0xe0000
2026-08-24T12:39:47.441432+00:00,4.08,4.1,102.1,7896.0,16218.9,2048.0,2048.0,68.1,0xe0000
2026-08-24T12:39:57.447340+00:00,4.14,4.11,103.6,7899.3,16218.9,2048.0,2048.0,66.4,0xe0000
2026-08-24T12:40:07.460213+00:00,4.28,4.14,107.1,7900.2,16218.9,2048.0,2048.0,67.5,0xe0000
2026-08-24T12:40:17.470522+00:00,4.24,4.14,106.0,7896.9,16218.9,2048.0,2048.0,67.0,0xe0000
2026-08-24T12:40:27.476400+00:00,4.2,4.13,105.0,7896.6,16218.9,2048.0,2048.0,68.1,0xe0000
2026-08-24T12:40:37.486724+00:00,4.17,4.13,104.2,7900.7,16218.9,2048.0,2048.0,67.5,0xe0000
2026-08-24T12:40:47.491819+00:00,4.22,4.14,105.6,7898.5,16218.9,2048.0,2048.0,66.4,0xe0000
2026-08-24T12:40:57.497544+00:00,4.27,4.15,106.8,7898.1,16218.9,2048.0,2048.0,68.1,0xe0000
2026-08-24T12:41:07.503457+00:00,4.23,4.15,105.7,7898.6,16218.9,2048.0,2048.0,68.1,0xe0000
2026-08-24T12:41:17.509331+00:00,4.19,4.14,104.8,7896.7,16218.9,2048.0,2048.0,68.1,0xe0000
2026-08-24T12:41:27.521368+00:00,4.16,4.14,104.1,7898.9,16218.9,2048.0,2048.0,68.1,0xe0000
2026-08-24T12:41:37.528492+00:00,4.14,4.13,103.4,7898.4,16218.9,2048.0,2048.0,68.1,0xe0000
2026-08-24T12:41:47.535535+00:00,4.12,4.13,102.9,7897.2,16218.9,2048.0,2048.0,67.5,0xe0000
2026-08-24T12:41:57.541986+00:00,4.1,4.12,102.4,7900.3,16218.9,2048.0,2048.0,67.5,0xe0000
2026-08-24T12:42:07.549041+00:00,4.16,4.13,104.1,7903.8,16218.9,2048.0,2048.0,68.1,0xe0000
2026-08-24T12:42:17.554586+00:00,4.14,4.13,103.4,7900.3,16218.9,2048.0,2048.0,68.1,0xe0000
2026-08-24T12:42:27.560465+00:00,4.13,4.13,103.1,7900.4,16218.9,2048.0,2048.0,66.4,0xe0000
2026-08-24T12:42:37.569345+00:00,4.11,4.12,102.7,7898.3,16218.9,2048.0,2048.0,67.5,0xe0000
2026-08-24T12:42:47.578539+00:00,4.09,4.12,102.2,7900.6,16218.9,2048.0,2048.0,68.1,0xe0000
2026-08-24T12:42:57.585759+00:00,4.08,4.11,101.9,7899.4,16218.9,2048.0,2048.0,67.0,0xe0000
2026-08-24T12:43:07.591179+00:00,4.06,4.11,101.6,7903.4,16218.9,2048.0,2048.0,68.1,0xe0000
2026-08-24T12:43:17.599677+00:00,4.05,4.11,101.3,7899.6,16218.9,2048.0,2048.0,66.4,0xe0000
2026-08-24T12:43:27.605127+00:00,4.04,4.1,101.1,7899.2,16218.9,2048.0,2048.0,68.6,0xe0000
2026-08-24T12:43:37.617467+00:00,4.04,4.1,100.9,7897.9,16218.9,2048.0,2048.0,68.1,0xe0000
2026-08-24T12:43:47.628588+00:00,4.03,4.09,100.8,7901.0,16218.9,2048.0,2048.0,68.1,0xe0000
2026-08-24T12:43:57.634981+00:00,4.02,4.09,100.6,7899.9,16218.9,2048.0,2048.0,68.1,0xe0000
2026-08-24T12:44:07.640478+00:00,4.02,4.09,100.5,7899.6,16218.9,2048.0,2048.0,68.1,0xe0000
2026-08-24T12:44:17.646395+00:00,4.02,4.08,100.4,7897.5,16218.9,2048.0,2048.0,68.1,0xe0000
2026-08-24T12:44:27.653917+00:00,4.01,4.08,100.4,7904.8,16218.9,2048.0,2048.0,67.5,0xe0000
2026-08-24T12:44:37.659161+00:00,4.01,4.08,100.3,7903.4,16218.9,2048.0,2048.0,68.1,0xe0000
2026-08-24T12:44:47.664876+00:00,4.01,4.07,100.2,7904.6,16218.9,2048.0,2048.0,68.1,0xe0000
2026-08-24T12:44:57.672556+00:00,4.01,4.07,100.2,7906.2,16218.9,2048.0,2048.0,68.1,0xe0000
2026-08-24T12:45:07.679304+00:00,4.01,4.07,100.1,7903.0,16218.9,2048.0,2048.0,67.5,0xe0000
2026-08-24T12:45:17.686908+00:00,4.0,4.07,100.1,7900.9,16218.9,2048.0,2048.0,68.1,0xe0000
2026-08-24T12:45:27.692657+00:00,4.0,4.06,100.1,7903.5,16218.9,2048.0,2048.0,67.0,0xe0000
2026-08-24T12:45:37.699505+00:00,4.23,4.11,105.8,7905.8,16218.9,2048.0,2048.0,67.0,0xe0000
2026-08-24T12:45:47.715968+00:00,4.27,4.12,106.7,7914.5,16218.9,2048.0,2048.0,69.2,0xe0000
2026-08-24T12:45:57.721802+00:00,4.23,4.12,105.7,7914.0,16218.9,2048.0,2048.0,67.5,0xe0000
2026-08-24T12:46:07.727675+00:00,4.19,4.11,104.8,7915.3,16218.9,2048.0,2048.0,68.1,0xe0000
2026-08-24T12:46:17.733426+00:00,4.16,4.11,104.0,7913.8,16218.9,2048.0,2048.0,66.4,0xe0000
2026-08-24T12:46:27.740440+00:00,4.14,4.11,103.4,7907.6,16218.9,2048.0,2048.0,67.5,0xe0000
2026-08-24T12:46:37.745953+00:00,4.11,4.1,102.9,7913.0,16218.9,2048.0,2048.0,68.1,0xe0000
2026-08-24T12:46:47.751333+00:00,4.1,4.1,102.4,7910.9,16218.9,2048.0,2048.0,67.0,0xe0000
2026-08-24T12:46:57.756930+00:00,4.08,4.09,102.0,7914.2,16218.9,2048.0,2048.0,68.1,0xe0000
2026-08-24T12:47:07.764818+00:00,4.07,4.09,101.7,7916.1,16218.9,2048.0,2048.0,68.1,0xe0000
2026-08-24T12:47:17.773419+00:00,4.06,4.09,101.4,7914.6,16218.9,2048.0,2048.0,67.0,0xe0000
2026-08-24T12:47:27.778884+00:00,4.05,4.08,101.2,7916.6,16218.9,2048.0,2048.0,68.1,0xe0000
2026-08-24T12:47:37.783214+00:00,4.04,4.08,101.0,7912.0,16218.9,2048.0,2048.0,67.5,0xe0000
2026-08-24T12:47:47.791427+00:00,4.03,4.08,100.8,7910.1,16218.9,2047.9,2048.0,68.6,0xe0000
2026-08-24T12:47:57.797004+00:00,4.03,4.07,100.7,7912.5,16218.9,2047.9,2048.0,67.0,0xe0000
2026-08-24T12:48:07.802498+00:00,4.18,4.11,104.4,7908.8,16218.9,2047.9,2048.0,67.5,0xe0000
2026-08-24T12:48:17.813090+00:00,4.23,4.12,105.8,7909.3,16218.9,2047.9,2048.0,68.1,0xe0000
2026-08-24T12:48:27.820777+00:00,4.19,4.11,104.9,7911.8,16218.9,2047.9,2048.0,66.4,0xe0000
2026-08-24T12:48:37.827014+00:00,4.25,4.13,106.1,7912.2,16218.9,2047.9,2048.0,68.6,0xe0000
2026-08-24T12:48:47.833996+00:00,4.21,4.12,105.2,7910.4,16218.9,2047.9,2048.0,68.1,0xe0000
2026-08-24T12:48:57.839857+00:00,4.17,4.12,104.4,7910.2,16218.9,2047.9,2048.0,67.5,0xe0000
2026-08-24T12:49:07.846493+00:00,4.22,4.13,105.5,7911.9,16218.9,2047.9,2048.0,68.6,0xe0000
2026-08-24T12:49:17.854956+00:00,4.19,4.12,104.7,7910.0,16218.9,2047.9,2048.0,68.1,0xe0000
2026-08-24T12:49:27.860613+00:00,4.24,4.14,106.0,7911.0,16218.9,2047.9,2048.0,68.1,0xe0000
2026-08-24T12:49:37.867718+00:00,4.2,4.13,105.0,7913.7,16218.9,2047.9,2048.0,68.1,0xe0000
2026-08-24T12:49:47.873366+00:00,4.24,4.14,106.1,7909.4,16218.9,2047.9,2048.0,67.0,0xe0000
2026-08-24T12:49:57.880505+00:00,4.35,4.17,108.8,7911.4,16218.9,2047.9,2048.0,68.1,0xe0000
2026-08-24T12:50:07.889871+00:00,4.37,4.18,109.3,7913.2,16218.9,2047.9,2048.0,68.1,0xe0000
2026-08-24T12:50:17.895737+00:00,4.54,4.23,113.4,7913.5,16218.9,2047.9,2048.0,67.0,0xe0000
2026-08-24T12:50:27.900738+00:00,4.45,4.22,111.3,7909.7,16218.9,2047.9,2048.0,67.0,0xe0000
2026-08-24T12:50:37.906738+00:00,4.38,4.21,109.6,7907.3,16218.9,2047.9,2048.0,67.0,0xe0000
2026-08-24T12:50:47.914442+00:00,4.4,4.22,109.9,7910.3,16218.9,2047.9,2048.0,67.5,0xe0000
2026-08-24T12:50:57.921260+00:00,4.34,4.21,108.4,7908.3,16218.9,2047.9,2048.0,67.0,0xe0000
2026-08-24T12:51:07.931291+00:00,4.36,4.22,109.1,7924.2,16218.9,2047.9,2048.0,68.1,0xe0000
2026-08-24T12:51:17.936802+00:00,4.31,4.21,107.7,7915.2,16218.9,2047.9,2048.0,67.5,0xe0000
2026-08-24T12:51:27.948285+00:00,4.33,4.22,108.4,7913.8,16218.9,2047.9,2048.0,68.1,0xe0000
2026-08-24T12:51:37.955155+00:00,4.36,4.23,108.9,7910.3,16218.9,2047.9,2048.0,68.1,0xe0000
2026-08-24T12:51:47.961684+00:00,4.3,4.22,107.5,7909.8,16218.9,2047.9,2048.0,67.5,0xe0000
2026-08-24T12:51:57.968053+00:00,4.25,4.22,106.4,7912.4,16218.9,2047.9,2048.0,67.0,0xe0000
2026-08-24T12:52:07.973717+00:00,4.22,4.21,105.4,7910.8,16218.9,2047.9,2048.0,68.1,0xe0000
2026-08-24T12:52:17.980907+00:00,4.18,4.2,104.5,7913.3,16218.9,2047.9,2048.0,66.4,0xe0000
2026-08-24T12:52:27.986712+00:00,4.15,4.19,103.8,7911.8,16218.9,2047.9,2048.0,68.1,0xe0000
2026-08-24T12:52:37.993472+00:00,4.2,4.2,105.1,7909.8,16218.9,2047.9,2048.0,67.0,0xe0000
2026-08-24T12:52:48.002424+00:00,4.25,4.21,106.1,7936.6,16218.9,2047.9,2048.0,67.5,0xe0000
2026-08-24T12:52:58.008248+00:00,4.21,4.21,105.2,7952.9,16218.9,2047.9,2048.0,68.1,0xe0000
2026-08-24T12:53:08.017408+00:00,4.17,4.2,104.4,7942.2,16218.9,2047.9,2048.0,67.5,0xe0000
2026-08-24T12:53:18.025292+00:00,4.15,4.19,103.7,7941.2,16218.9,2047.9,2048.0,67.5,0xe0000
2026-08-24T12:53:28.032023+00:00,4.2,4.2,105.1,7939.0,16218.9,2047.9,2048.0,68.1,0xe0000
2026-08-24T12:53:38.038279+00:00,4.17,4.2,104.3,7936.6,16218.9,2047.9,2048.0,68.1,0xe0000
2026-08-24T12:53:48.045794+00:00,4.15,4.19,103.6,7940.9,16218.9,2047.9,2048.0,67.0,0xe0000
2026-08-24T12:53:58.053244+00:00,4.12,4.18,103.1,7936.8,16218.9,2047.9,2048.0,67.5,0xe0000
2026-08-24T12:54:08.061410+00:00,4.1,4.17,102.6,7936.6,16218.9,2047.9,2048.0,68.1,0xe0000
2026-08-24T12:54:18.068766+00:00,4.17,4.19,104.2,7937.5,16218.9,2047.9,2048.0,68.1,0xe0000
2026-08-24T12:54:28.074619+00:00,4.14,4.18,103.5,7936.9,16218.9,2047.9,2048.0,67.5,0xe0000
2026-08-24T12:54:38.081456+00:00,4.12,4.17,103.0,7937.2,16218.9,2047.9,2048.0,67.5,0xe0000
2026-08-24T12:54:48.088093+00:00,4.17,4.18,104.4,7934.9,16218.9,2047.9,2048.0,68.1,0xe0000
2026-08-24T12:54:58.096221+00:00,4.39,4.23,109.7,7934.0,16218.9,2047.9,2048.0,68.1,0xe0000
2026-08-24T12:55:08.103181+00:00,4.41,4.24,110.2,7936.5,16218.9,2047.9,2048.0,67.5,0xe0000
2026-08-24T12:55:18.108769+00:00,4.43,4.25,110.6,7936.9,16218.9,2047.9,2048.0,68.1,0xe0000
2026-08-24T12:55:28.114553+00:00,4.36,4.24,109.0,7934.5,16218.9,2047.9,2048.0,68.1,0xe0000
2026-08-24T12:55:38.124799+00:00,4.3,4.23,107.6,7938.8,16218.9,2047.9,2048.0,68.1,0xe0000
2026-08-24T12:55:48.130011+00:00,4.26,4.22,106.4,7938.0,16218.9,2047.9,2048.0,67.5,0xe0000
2026-08-24T12:55:58.136795+00:00,4.22,4.21,105.4,7939.3,16218.9,2047.9,2048.0,66.4,0xe0000
2026-08-24T12:56:08.149836+00:00,4.18,4.2,104.6,7938.1,16218.9,2047.9,2048.0,67.5,0xe0000
2026-08-24T12:56:18.157134+00:00,4.23,4.21,105.9,7939.6,16218.9,2047.9,2048.0,68.1,0xe0000
2026-08-24T12:56:28.167418+00:00,4.2,4.21,105.0,7937.5,16218.9,2047.9,2048.0,68.1,0xe0000
2026-08-24T12:56:38.173998+00:00,4.17,4.2,104.2,7973.6,16218.9,2047.9,2048.0,67.0,0xe0000
2026-08-24T12:56:48.178978+00:00,4.14,4.19,103.5,7971.4,16218.9,2047.9,2048.0,67.5,0xe0000
2026-08-24T12:56:58.184564+00:00,4.12,4.19,103.0,7978.1,16218.9,2047.9,2048.0,67.0,0xe0000
2026-08-24T12:57:08.193555+00:00,4.1,4.18,102.5,7995.2,16218.9,2047.9,2048.0,67.0,0xe0000
2026-08-24T12:57:18.199578+00:00,4.08,4.17,102.1,7971.0,16218.9,2047.9,2048.0,67.5,0xe0000
2026-08-24T12:57:28.205131+00:00,4.07,4.17,101.8,7970.7,16218.9,2047.9,2048.0,68.1,0xe0000
2026-08-24T12:57:38.210960+00:00,4.06,4.16,101.5,7971.6,16218.9,2047.9,2048.0,67.5,0xe0000
2026-08-24T12:57:48.216910+00:00,4.12,4.17,103.1,7970.4,16218.9,2047.9,2048.0,66.4,0xe0000
2026-08-24T12:57:58.221342+00:00,4.19,4.18,104.6,7970.7,16218.9,2047.9,2048.0,67.5,0xe0000
2026-08-24T12:58:08.227926+00:00,4.16,4.18,103.9,7984.0,16218.9,2047.9,2048.0,67.5,0xe0000
2026-08-24T12:58:18.236541+00:00,4.13,4.17,103.3,7979.5,16218.9,2047.9,2048.0,68.1,0xe0000
2026-08-24T12:58:28.246727+00:00,4.11,4.16,102.8,7971.6,16218.9,2047.9,2048.0,68.1,0xe0000
2026-08-24T12:58:38.253614+00:00,4.09,4.16,102.3,7969.8,16218.9,2047.9,2048.0,67.5,0xe0000
2026-08-24T12:58:48.257806+00:00,4.08,4.15,102.0,7965.2,16218.9,2047.9,2048.0,66.4,0xe0000
2026-08-24T12:58:58.263419+00:00,4.07,4.15,101.7,7965.0,16218.9,2047.9,2048.0,67.5,0xe0000
2026-08-24T12:59:08.268826+00:00,4.06,4.14,101.4,7965.1,16218.9,2047.9,2048.0,67.0,0xe0000
2026-08-24T12:59:18.277562+00:00,4.05,4.14,101.2,7954.7,16218.9,2047.9,2048.0,68.1,0xe0000
2026-08-24T12:59:28.281828+00:00,4.11,4.15,102.8,7951.8,16218.9,2047.9,2048.0,68.1,0xe0000
2026-08-24T12:59:38.287561+00:00,4.17,4.16,104.2,7955.0,16218.9,2047.9,2048.0,66.4,0xe0000
2026-08-24T12:59:48.296912+00:00,4.14,4.15,103.6,7950.7,16218.9,2047.9,2048.0,67.0,0xe0000
2026-08-24T12:59:58.302690+00:00,4.12,4.15,103.0,7950.3,16218.9,2047.9,2048.0,67.5,0xe0000
2026-08-24T13:00:08.310515+00:00,4.1,4.14,102.5,7950.5,16218.9,2047.9,2048.0,67.5,0xe0000
2026-08-24T13:00:18.319408+00:00,4.17,4.16,104.1,7950.8,16218.9,2047.9,2048.0,67.5,0xe0000
2026-08-24T13:00:28.326112+00:00,4.14,4.15,103.5,7947.5,16218.9,2047.9,2048.0,67.0,0xe0000
2026-08-24T13:00:38.333008+00:00,4.19,4.16,104.8,7951.0,16218.9,2047.9,2048.0,67.0,0xe0000
2026-08-24T13:00:48.340474+00:00,4.16,4.15,104.1,7949.5,16218.9,2047.9,2048.0,67.5,0xe0000
2026-08-24T13:00:58.350555+00:00,4.3,4.18,107.4,7952.2,16218.9,2047.9,2048.0,66.4,0xe0000
2026-08-24T13:01:08.356366+00:00,4.25,4.18,106.3,7947.4,16218.9,2047.9,2048.0,67.5,0xe0000
2026-08-24T13:01:18.363700+00:00,4.29,4.19,107.2,7946.8,16218.9,2047.9,2048.0,67.5,0xe0000
2026-08-24T13:01:28.369548+00:00,4.24,4.18,106.0,7947.5,16218.9,2047.9,2048.0,67.5,0xe0000
2026-08-24T13:01:38.375753+00:00,4.28,4.19,107.0,7947.9,16218.9,2047.9,2048.0,67.5,0xe0000
2026-08-24T13:01:48.385685+00:00,4.24,4.18,105.9,7948.4,16218.9,2047.9,2048.0,67.5,0xe0000
2026-08-24T13:01:58.391597+00:00,4.2,4.18,105.0,7948.8,16218.9,2047.9,2048.0,67.5,0xe0000
2026-08-24T13:02:08.397450+00:00,4.17,4.17,104.2,7949.4,16218.9,2047.9,2048.0,67.0,0xe0000
2026-08-24T13:02:18.407539+00:00,4.22,4.18,105.6,7947.1,16218.9,2047.9,2048.0,68.1,0xe0000
2026-08-24T13:02:28.413712+00:00,4.26,4.19,106.5,7946.4,16218.9,2047.9,2048.0,67.5,0xe0000
2026-08-24T13:02:38.419706+00:00,4.22,4.19,105.5,7948.7,16218.9,2047.9,2048.0,67.5,0xe0000
2026-08-24T13:02:48.429246+00:00,4.27,4.2,106.7,7944.2,16218.9,2047.9,2048.0,67.5,0xe0000
2026-08-24T13:02:58.435745+00:00,4.37,4.22,109.3,7948.8,16218.9,2047.9,2048.0,66.4,0xe0000
2026-08-24T13:03:08.441527+00:00,4.32,4.21,107.9,7948.5,16218.9,2047.9,2048.0,67.5,0xe0000
2026-08-24T13:03:18.447316+00:00,4.34,4.22,108.5,7948.2,16218.9,2047.9,2048.0,67.5,0xe0000
2026-08-24T13:03:28.453092+00:00,4.29,4.22,107.2,7948.2,16218.9,2047.9,2048.0,67.5,0xe0000
2026-08-24T13:03:38.458792+00:00,4.32,4.22,108.1,7948.9,16218.9,2047.9,2048.0,67.5,0xe0000
2026-08-24T13:03:48.464083+00:00,4.27,4.22,106.8,7947.3,16218.9,2047.9,2048.0,68.1,0xe0000
2026-08-24T13:03:58.470902+00:00,4.23,4.21,105.8,7951.9,16218.9,2047.9,2048.0,68.1,0xe0000
2026-08-24T13:04:08.477458+00:00,4.2,4.2,104.9,7946.0,16218.9,2047.9,2048.0,67.0,0xe0000
2026-08-24T13:04:18.483674+00:00,4.16,4.19,104.1,7947.0,16218.9,2047.9,2048.0,67.5,0xe0000
2026-08-24T13:04:28.490485+00:00,4.22,4.21,105.5,7948.7,16218.9,2047.9,2048.0,67.5,0xe0000
2026-08-24T13:04:38.504292+00:00,4.27,4.22,106.6,7951.3,16218.9,2047.9,2048.0,67.5,0xe0000
2026-08-24T13:04:48.509499+00:00,4.22,4.21,105.6,7949.0,16218.9,2047.9,2048.0,68.1,0xe0000
2026-08-24T13:04:58.515549+00:00,4.19,4.2,104.7,7947.1,16218.9,2047.9,2048.0,67.5,0xe0000
2026-08-24T13:05:08.521072+00:00,4.16,4.19,104.0,7952.2,16218.9,2047.9,2048.0,68.1,0xe0000
2026-08-24T13:05:18.528922+00:00,4.13,4.19,103.4,7947.6,16218.9,2047.9,2048.0,67.5,0xe0000
2026-08-24T13:05:28.534179+00:00,4.11,4.18,102.8,7949.9,16218.9,2047.9,2048.0,68.1,0xe0000
2026-08-24T13:05:38.541057+00:00,4.1,4.17,102.4,7951.2,16218.9,2047.9,2048.0,67.0,0xe0000
2026-08-24T13:05:48.546513+00:00,4.16,4.18,104.0,7950.6,16218.9,2047.9,2048.0,66.4,0xe0000
2026-08-24T13:05:58.552278+00:00,4.14,4.18,103.4,7952.6,16218.9,2047.9,2048.0,67.0,0xe0000
2026-08-24T13:06:08.558571+00:00,4.27,4.21,106.9,7953.6,16218.9,2047.9,2048.0,66.4,0xe0000
2026-08-24T13:06:18.564545+00:00,4.31,4.22,107.8,7948.7,16218.9,2047.9,2048.0,68.1,0xe0000
2026-08-24T13:06:28.570815+00:00,4.34,4.22,108.6,7953.1,16218.9,2047.9,2048.0,67.0,0xe0000
2026-08-24T13:06:38.577484+00:00,4.44,4.25,111.1,7951.4,16218.9,2047.9,2048.0,68.1,0xe0000
2026-08-24T13:06:48.584319+00:00,4.38,4.24,109.4,7949.4,16218.9,2047.9,2048.0,67.5,0xe0000
2026-08-24T13:06:58.596313+00:00,4.32,4.23,107.9,7950.0,16218.9,2047.9,2048.0,68.1,0xe0000
2026-08-24T13:07:08.601589+00:00,4.27,4.23,106.7,7952.0,16218.9,2047.9,2048.0,67.5,0xe0000
2026-08-24T13:07:18.607405+00:00,4.38,4.25,109.5,7951.2,16218.9,2047.9,2048.0,67.0,0xe0000
2026-08-24T13:07:28.611395+00:00,4.32,4.24,108.1,7949.7,16218.9,2047.9,2048.0,67.0,0xe0000
2026-08-24T13:07:38.616887+00:00,4.27,4.23,106.8,7951.8,16218.9,2047.9,2048.0,67.5,0xe0000
2026-08-24T13:07:48.723262+00:00,4.23,4.23,105.7,7950.2,16218.9,2047.9,2048.0,67.5,0xe0000
2026-08-24T13:07:58.728794+00:00,4.19,4.22,104.9,7952.9,16218.9,2047.9,2048.0,68.1,0xe0000
2026-08-24T13:08:08.738790+00:00,4.16,4.21,104.1,7944.0,16218.9,2047.9,2048.0,68.1,0xe0000
2026-08-24T13:08:18.744183+00:00,4.21,4.22,105.3,7940.5,16218.9,2047.9,2048.0,67.0,0xe0000
2026-08-24T13:08:28.750574+00:00,4.18,4.21,104.5,7939.5,16218.9,2047.9,2048.0,68.1,0xe0000
2026-08-24T13:08:38.758243+00:00,4.15,4.2,103.8,7944.3,16218.9,2047.9,2048.0,66.4,0xe0000
2026-08-24T13:08:48.764991+00:00,4.2,4.21,105.0,7944.1,16218.9,2047.9,2048.0,67.5,0xe0000
2026-08-24T13:08:58.771772+00:00,4.17,4.21,104.2,7943.8,16218.9,2047.9,2048.0,67.0,0xe0000
2026-08-24T13:09:08.781404+00:00,4.22,4.22,105.4,7943.6,16218.9,2047.9,2048.0,68.6,0xe0000
2026-08-24T13:09:18.787971+00:00,4.18,4.21,104.6,7945.5,16218.9,2047.9,2048.0,68.1,0xe0000
2026-08-24T13:09:28.795025+00:00,4.16,4.2,103.9,8006.9,16218.9,2047.9,2048.0,68.1,0xe0000
2026-08-24T13:09:38.801726+00:00,4.21,4.21,105.1,8005.5,16218.9,2047.9,2048.0,67.0,0xe0000
2026-08-24T13:09:48.807407+00:00,4.25,4.22,106.3,8006.3,16218.9,2047.9,2048.0,66.4,0xe0000
2026-08-24T13:09:58.814952+00:00,4.29,4.23,107.2,8011.9,16218.9,2047.9,2048.0,68.1,0xe0000
2026-08-24T13:10:08.821103+00:00,4.24,4.22,106.1,8008.5,16218.9,2047.9,2048.0,67.5,0xe0000
2026-08-24T13:10:18.827359+00:00,4.29,4.23,107.2,8007.2,16218.9,2047.9,2048.0,67.5,0xe0000
2026-08-24T13:10:28.837606+00:00,4.24,4.22,106.0,8006.3,16218.9,2047.9,2048.0,67.5,0xe0000
2026-08-24T13:10:38.843347+00:00,4.2,4.21,105.1,8005.0,16218.9,2047.9,2048.0,68.1,0xe0000
2026-08-24T13:10:48.849211+00:00,4.17,4.21,104.3,8010.3,16218.9,2047.9,2048.0,68.1,0xe0000
2026-08-24T13:10:58.854434+00:00,4.15,4.2,103.6,8004.9,16218.9,2047.9,2048.0,69.2,0xe0000
2026-08-24T13:11:08.860419+00:00,4.12,4.19,103.1,8005.9,16218.9,2047.9,2048.0,68.1,0xe0000
2026-08-24T13:11:18.868083+00:00,4.1,4.19,102.6,8007.3,16218.9,2047.9,2048.0,68.1,0xe0000
2026-08-24T13:11:28.874477+00:00,4.09,4.18,102.2,8003.7,16218.9,2047.9,2048.0,67.5,0xe0000
2026-08-24T13:11:38.879819+00:00,4.07,4.17,101.8,8019.8,16218.9,2047.9,2048.0,68.1,0xe0000
2026-08-24T13:11:48.892781+00:00,4.06,4.17,101.5,8023.2,16218.9,2047.9,2048.0,67.5,0xe0000
2026-08-24T13:11:58.899753+00:00,4.13,4.18,103.3,8019.7,16218.9,2047.9,2048.0,67.5,0xe0000
2026-08-24T13:12:08.906193+00:00,4.11,4.17,102.8,8015.7,16218.9,2047.9,2048.0,68.1,0xe0000
2026-08-24T13:12:18.914552+00:00,4.17,4.18,104.4,8020.4,16218.9,2047.9,2048.0,68.1,0xe0000
2026-08-24T13:12:28.921305+00:00,4.15,4.18,103.7,8016.4,16218.9,2047.9,2048.0,67.0,0xe0000
2026-08-24T13:12:38.927107+00:00,4.12,4.17,103.1,8020.9,16218.9,2047.9,2048.0,68.1,0xe0000
2026-08-24T13:12:48.933297+00:00,4.1,4.16,102.6,8021.0,16218.9,2047.9,2048.0,67.5,0xe0000
2026-08-24T13:12:58.939040+00:00,4.09,4.16,102.2,8021.3,16218.9,2047.9,2048.0,67.5,0xe0000
2026-08-24T13:13:08.947092+00:00,4.07,4.15,101.8,8020.0,16218.9,2047.9,2048.0,66.4,0xe0000
2026-08-24T13:13:18.957512+00:00,4.06,4.15,101.5,8021.5,16218.9,2047.9,2048.0,68.1,0xe0000
2026-08-24T13:13:28.962928+00:00,4.05,4.14,101.3,8018.4,16218.9,2047.9,2048.0,68.1,0xe0000
2026-08-24T13:13:38.968444+00:00,4.04,4.14,101.1,8019.5,16218.9,2047.9,2048.0,67.0,0xe0000
2026-08-24T13:13:48.975188+00:00,4.04,4.13,100.9,8019.2,16218.9,2047.9,2048.0,68.1,0xe0000
2026-08-24T13:13:58.982031+00:00,4.03,4.13,100.7,8020.2,16218.9,2047.9,2048.0,67.0,0xe0000
2026-08-24T13:14:08.988854+00:00,4.02,4.12,100.6,8019.6,16218.9,2047.9,2048.0,67.5,0xe0000
2026-08-24T13:14:18.997875+00:00,4.02,4.12,100.5,8018.0,16218.9,2047.9,2048.0,67.0,0xe0000
2026-08-24T13:14:29.006561+00:00,4.02,4.11,100.4,8020.4,16218.9,2047.9,2048.0,68.1,0xe0000
2026-08-24T13:14:39.011933+00:00,4.01,4.11,100.3,8019.3,16218.9,2047.9,2048.0,67.0,0xe0000
2026-08-24T13:14:49.020747+00:00,4.09,4.12,102.3,8018.6,16218.9,2047.9,2048.0,67.0,0xe0000
2026-08-24T13:14:59.027981+00:00,4.15,4.13,103.8,8017.0,16218.9,2047.9,2048.0,68.1,0xe0000
2026-08-24T13:15:09.034998+00:00,4.21,4.15,105.2,8017.7,16218.9,2047.9,2048.0,68.6,0xe0000
2026-08-24T13:15:19.041460+00:00,4.18,4.14,104.4,8020.3,16218.9,2047.9,2048.0,67.0,0xe0000
2026-08-24T13:15:29.050904+00:00,4.45,4.2,111.3,8015.1,16218.9,2047.9,2048.0,68.1,0xe0000
2026-08-24T13:15:39.056580+00:00,4.38,4.2,109.5,8015.2,16218.9,2047.9,2048.0,68.1,0xe0000
2026-08-24T13:15:49.061844+00:00,4.32,4.19,108.1,8017.9,16218.9,2047.9,2048.0,67.5,0xe0000
2026-08-24T13:15:59.067111+00:00,4.27,4.18,106.8,8022.1,16218.9,2047.9,2048.0,68.1,0xe0000
2026-08-24T13:16:09.076070+00:00,4.23,4.18,105.7,8019.7,16218.9,2047.9,2048.0,68.1,0xe0000
2026-08-24T13:16:19.081783+00:00,4.19,4.17,104.9,8018.1,16218.9,2047.9,2048.0,68.1,0xe0000
2026-08-24T13:16:29.089829+00:00,4.16,4.16,104.1,8019.7,16218.9,2047.9,2048.0,67.5,0xe0000
2026-08-24T13:16:39.095336+00:00,4.14,4.16,103.5,8018.2,16218.9,2047.9,2048.0,68.6,0xe0000
2026-08-24T13:16:49.101878+00:00,4.19,4.17,104.8,8018.3,16218.9,2047.9,2048.0,68.1,0xe0000
2026-08-24T13:16:59.109769+00:00,4.16,4.16,104.0,8016.7,16218.9,2047.9,2048.0,66.4,0xe0000
2026-08-24T13:17:09.118477+00:00,4.14,4.16,103.4,8017.4,16218.9,2047.9,2048.0,68.1,0xe0000
2026-08-24T13:17:19.124473+00:00,4.11,4.15,102.9,8019.0,16218.9,2047.9,2048.0,68.1,0xe0000
2026-08-24T13:17:29.129428+00:00,4.1,4.15,102.4,8017.7,16218.9,2047.9,2048.0,67.5,0xe0000
2026-08-24T13:17:39.139435+00:00,4.08,4.14,102.0,8018.1,16218.9,2047.9,2048.0,67.0,0xe0000
2026-08-24T13:17:49.144943+00:00,4.07,4.14,101.7,8015.8,16218.9,2047.9,2048.0,67.5,0xe0000
2026-08-24T13:17:59.151917+00:00,4.06,4.13,101.4,8019.2,16218.9,2047.9,2048.0,67.5,0xe0000
2026-08-24T13:18:09.165567+00:00,4.05,4.13,101.2,8016.4,16218.9,2047.9,2048.0,67.0,0xe0000
2026-08-24T13:18:19.172416+00:00,4.04,4.12,101.0,8017.9,16218.9,2047.9,2048.0,66.4,0xe0000
2026-08-24T13:18:29.178721+00:00,4.03,4.12,100.8,8017.5,16218.9,2047.9,2048.0,67.0,0xe0000
2026-08-24T13:18:39.184167+00:00,4.03,4.11,100.7,8034.3,16218.9,2047.9,2048.0,68.1,0xe0000
2026-08-24T13:18:49.188713+00:00,4.02,4.11,100.6,8026.7,16218.9,2047.9,2048.0,67.5,0xe0000
2026-08-24T13:18:59.195797+00:00,4.02,4.11,100.5,8023.4,16218.9,2047.9,2048.0,68.1,0xe0000
2026-08-24T13:19:09.202564+00:00,4.09,4.12,102.2,8022.9,16218.9,2047.9,2048.0,68.1,0xe0000
2026-08-24T13:19:19.212505+00:00,4.08,4.11,101.9,8020.5,16218.9,2047.9,2048.0,67.5,0xe0000
2026-08-24T13:19:29.221298+00:00,4.06,4.11,101.6,8021.3,16218.9,2047.9,2048.0,67.5,0xe0000
2026-08-24T13:19:39.227357+00:00,4.05,4.11,101.3,8019.4,16218.9,2047.9,2048.0,67.0,0xe0000
2026-08-24T13:19:49.233841+00:00,4.04,4.1,101.1,8023.1,16218.9,2047.9,2048.0,68.1,0xe0000
2026-08-24T13:19:59.240804+00:00,4.04,4.1,100.9,8004.9,16218.9,2047.9,2048.0,68.1,0xe0000
2026-08-24T13:20:09.246362+00:00,4.27,4.15,106.6,8008.5,16218.9,2047.9,2048.0,67.5,0xe0000
2026-08-24T13:20:19.253523+00:00,4.3,4.16,107.6,8009.1,16218.9,2047.9,2048.0,68.1,0xe0000
2026-08-24T13:20:29.259105+00:00,4.33,4.17,108.3,8024.4,16218.9,2047.9,2048.0,67.0,0xe0000
2026-08-24T13:20:39.265060+00:00,4.28,4.16,107.0,8011.5,16218.9,2047.9,2048.0,67.5,0xe0000
2026-08-24T13:20:49.280012+00:00,4.24,4.16,105.9,8009.5,16218.9,2047.9,2048.0,66.4,0xe0000
2026-08-24T13:20:59.285838+00:00,4.2,4.15,105.0,8018.2,16218.9,2047.9,2048.0,67.0,0xe0000
2026-08-24T13:21:09.292223+00:00,4.17,4.15,104.2,8011.1,16218.9,2047.9,2048.0,66.4,0xe0000
2026-08-24T13:21:19.298678+00:00,4.14,4.14,103.6,8009.3,16218.9,2047.9,2048.0,67.5,0xe0000
2026-08-24T13:21:29.304362+00:00,4.2,4.15,105.0,8008.4,16218.9,2047.9,2048.0,68.1,0xe0000
2026-08-24T13:21:39.313559+00:00,4.17,4.15,104.2,8008.8,16218.9,2047.9,2048.0,68.1,0xe0000
2026-08-24T13:21:49.320336+00:00,4.14,4.14,103.6,8010.7,16218.9,2047.9,2048.0,68.1,0xe0000
2026-08-24T13:21:59.330645+00:00,4.12,4.14,103.0,8009.5,16218.9,2047.9,2048.0,67.5,0xe0000
2026-08-24T13:22:09.336033+00:00,4.1,4.13,102.5,8014.1,16218.9,2047.9,2048.0,67.5,0xe0000
2026-08-24T13:22:19.342649+00:00,4.09,4.13,102.1,8008.6,16218.9,2047.9,2048.0,68.6,0xe0000
2026-08-24T13:22:29.348581+00:00,4.07,4.12,101.8,8008.8,16218.9,2047.9,2048.0,67.5,0xe0000
2026-08-24T13:22:39.355858+00:00,4.06,4.12,101.5,8007.5,16218.9,2047.9,2048.0,67.5,0xe0000
2026-08-24T13:22:49.362890+00:00,4.05,4.11,101.3,8008.5,16218.9,2047.9,2048.0,67.5,0xe0000
2026-08-24T13:22:59.368288+00:00,4.04,4.11,101.1,8005.2,16218.9,2047.9,2048.0,65.9,0xe0000
2026-08-24T13:23:09.375051+00:00,4.04,4.11,100.9,8007.8,16218.9,2047.9,2048.0,68.1,0xe0000
2026-08-24T13:23:19.384245+00:00,4.03,4.1,100.7,8007.4,16218.9,2047.9,2048.0,67.0,0xe0000
2026-08-24T13:23:29.393097+00:00,4.02,4.1,100.6,8005.5,16218.9,2047.9,2048.0,67.0,0xe0000
2026-08-24T13:23:39.402268+00:00,4.1,4.11,102.5,8053.2,16218.9,2047.9,2048.0,67.0,0xe0000
2026-08-24T13:23:49.408742+00:00,4.17,4.12,104.1,8025.5,16218.9,2047.9,2048.0,65.9,0xe0000
2026-08-24T13:23:59.418235+00:00,4.14,4.12,103.5,8014.9,16218.9,2047.9,2048.0,68.1,0xe0000
2026-08-24T13:24:09.425078+00:00,4.12,4.11,102.9,8015.2,16218.9,2047.9,2048.0,67.0,0xe0000
2026-08-24T13:24:19.431381+00:00,4.25,4.14,106.3,8012.1,16218.9,2047.9,2048.0,68.6,0xe0000
2026-08-24T13:24:29.437639+00:00,4.21,4.14,105.4,8010.9,16218.9,2047.9,2048.0,67.0,0xe0000
2026-08-24T13:24:39.445454+00:00,4.18,4.13,104.5,8011.0,16218.9,2047.9,2048.0,67.0,0xe0000
2026-08-24T13:24:49.451664+00:00,4.15,4.13,103.8,8010.8,16218.9,2047.9,2048.0,68.1,0xe0000
2026-08-24T13:24:59.461570+00:00,4.13,4.12,103.2,8011.4,16218.9,2047.9,2048.0,66.4,0xe0000
2026-08-24T13:25:09.468489+00:00,4.11,4.12,102.7,8009.7,16218.9,2047.9,2048.0,67.0,0xe0000
2026-08-24T13:25:19.473683+00:00,4.09,4.12,102.3,8008.4,16218.9,2047.9,2048.0,67.5,0xe0000
2026-08-24T13:25:29.482708+00:00,4.08,4.11,101.9,8008.6,16218.9,2047.9,2048.0,67.0,0xe0000
2026-08-24T13:25:39.489442+00:00,4.06,4.11,101.6,8011.2,16218.9,2047.9,2048.0,67.5,0xe0000
2026-08-24T13:25:49.495168+00:00,4.05,4.1,101.4,8012.1,16218.9,2047.9,2048.0,68.6,0xe0000
2026-08-24T13:25:59.503176+00:00,4.05,4.1,101.1,8012.6,16218.9,2047.9,2048.0,67.5,0xe0000
2026-08-24T13:26:09.511217+00:00,4.04,4.1,101.0,8009.8,16218.9,2047.9,2048.0,68.1,0xe0000
2026-08-24T13:26:19.516070+00:00,4.11,4.11,102.8,8007.7,16218.9,2047.9,2048.0,68.1,0xe0000
2026-08-24T13:26:29.526494+00:00,4.1,4.1,102.4,8007.4,16218.9,2047.9,2048.0,67.5,0xe0000
2026-08-24T13:26:39.533722+00:00,4.15,4.12,103.9,8007.1,16218.9,2047.9,2048.0,68.1,0xe0000
2026-08-24T13:26:49.538940+00:00,4.13,4.11,103.2,8009.2,16218.9,2047.9,2048.0,68.1,0xe0000
2026-08-24T13:26:59.545889+00:00,4.11,4.11,102.7,8005.8,16218.9,2047.9,2048.0,67.5,0xe0000
2026-08-24T13:27:09.550715+00:00,4.09,4.11,102.3,8007.4,16218.9,2047.9,2048.0,67.5,0xe0000
2026-08-24T13:27:19.555333+00:00,4.08,4.1,101.9,8010.0,16218.9,2047.9,2048.0,67.5,0xe0000
2026-08-24T13:27:29.561455+00:00,4.14,4.11,103.5,8009.8,16218.9,2047.9,2048.0,67.0,0xe0000
2026-08-24T13:27:39.573384+00:00,4.12,4.11,102.9,8008.4,16218.9,2047.9,2048.0,67.5,0xe0000
2026-08-24T13:27:49.578638+00:00,4.25,4.14,106.3,8009.6,16218.9,2047.9,2048.0,66.4,0xe0000
2026-08-24T13:27:59.584397+00:00,4.21,4.14,105.4,8007.4,16218.9,2047.9,2048.0,68.1,0xe0000
2026-08-24T13:28:09.589708+00:00,4.18,4.13,104.5,8006.9,16218.9,2047.9,2048.0,67.0,0xe0000
2026-08-24T13:28:19.594976+00:00,4.23,4.14,105.8,8005.7,16218.9,2047.9,2048.0,68.1,0xe0000
2026-08-24T13:28:29.600678+00:00,4.28,4.16,106.9,8004.7,16218.9,2047.9,2048.0,67.0,0xe0000
2026-08-24T13:28:39.605882+00:00,4.31,4.17,107.9,8005.0,16218.9,2047.9,2048.0,67.5,0xe0000
2026-08-24T13:28:49.614716+00:00,4.35,4.18,108.7,8006.0,16218.9,2047.9,2048.0,67.0,0xe0000
2026-08-24T13:28:59.620800+00:00,4.29,4.17,107.3,8005.4,16218.9,2047.9,2048.0,67.0,0xe0000
2026-08-24T13:29:09.628007+00:00,4.33,4.18,108.2,8005.2,16218.9,2047.9,2048.0,67.5,0xe0000
2026-08-24T13:29:19.638629+00:00,4.35,4.19,108.8,8000.0,16218.9,2047.9,2048.0,67.5,0xe0000
2026-08-24T13:29:29.644648+00:00,4.3,4.19,107.4,8013.2,16218.9,2047.9,2048.0,67.5,0xe0000
2026-08-24T13:29:39.648982+00:00,4.25,4.18,106.3,8014.7,16218.9,2047.9,2048.0,68.1,0xe0000
2026-08-24T13:29:49.654892+00:00,4.37,4.21,109.3,8008.3,16218.9,2047.9,2048.0,68.1,0xe0000
2026-08-24T13:29:59.660615+00:00,4.31,4.2,107.9,8009.9,16218.9,2047.9,2048.0,68.1,0xe0000
2026-08-24T13:30:09.665906+00:00,4.27,4.19,106.6,8008.6,16218.9,2047.9,2048.0,68.1,0xe0000
2026-08-24T13:30:19.677394+00:00,4.22,4.19,105.6,8009.5,16218.9,2047.9,2048.0,68.1,0xe0000
2026-08-24T13:30:29.683390+00:00,4.27,4.2,106.8,8010.4,16218.9,2047.9,2048.0,67.5,0xe0000
2026-08-24T13:30:39.689287+00:00,4.23,4.19,105.7,8015.0,16218.9,2047.9,2048.0,67.5,0xe0000
2026-08-24T13:30:49.695103+00:00,4.19,4.18,104.8,8018.2,16218.9,2047.9,2048.0,68.1,0xe0000
2026-08-24T13:30:59.708754+00:00,4.16,4.18,104.1,8011.7,16218.9,2047.9,2048.0,68.1,0xe0000
2026-08-24T13:31:09.715338+00:00,4.14,4.17,103.4,8009.0,16218.9,2047.9,2048.0,68.1,0xe0000
2026-08-24T13:31:19.719325+00:00,4.12,4.16,102.9,8012.4,16218.9,2047.9,2048.0,68.1,0xe0000
2026-08-24T13:31:29.726724+00:00,4.1,4.16,102.4,8010.4,16218.9,2047.9,2048.0,67.5,0xe0000
2026-08-24T13:31:39.731792+00:00,4.16,4.17,103.9,8014.0,16218.9,2047.9,2048.0,67.5,0xe0000
2026-08-24T13:31:49.740599+00:00,4.21,4.18,105.3,8011.0,16218.9,2047.9,2048.0,67.5,0xe0000
2026-08-24T13:31:59.747383+00:00,4.26,4.19,106.5,8009.0,16218.9,2047.9,2048.0,67.0,0xe0000
2026-08-24T13:32:09.753372+00:00,4.22,4.18,105.5,8010.3,16218.9,2047.9,2048.0,67.5,0xe0000
2026-08-24T13:32:19.760448+00:00,4.19,4.18,104.6,8012.5,16218.9,2047.9,2048.0,67.0,0xe0000
2026-08-24T13:32:29.766867+00:00,4.23,4.19,105.7,8010.7,16218.9,2047.9,2048.0,67.5,0xe0000
2026-08-24T13:32:39.776120+00:00,4.19,4.18,104.9,8010.2,16218.9,2047.9,2048.0,67.5,0xe0000
2026-08-24T13:32:49.789365+00:00,4.16,4.17,104.1,8012.2,16218.9,2047.9,2048.0,67.5,0xe0000
2026-08-24T13:32:59.795995+00:00,4.14,4.17,103.5,8019.7,16218.9,2047.9,2048.0,67.5,0xe0000
2026-08-24T13:33:09.802841+00:00,4.12,4.16,102.9,8015.1,16218.9,2047.9,2048.0,67.0,0xe0000
2026-08-24T13:33:19.810855+00:00,4.18,4.17,104.5,8009.9,16218.9,2047.9,2048.0,67.0,0xe0000
2026-08-24T13:33:29.814758+00:00,4.15,4.17,103.8,8010.2,16218.9,2047.9,2048.0,67.5,0xe0000
2026-08-24T13:33:39.819401+00:00,4.13,4.16,103.2,8004.5,16218.9,2047.9,2048.0,66.4,0xe0000
2026-08-24T13:33:49.826808+00:00,4.11,4.16,102.7,8005.9,16218.9,2047.9,2048.0,68.6,0xe0000
2026-08-24T13:33:59.832099+00:00,4.09,4.15,102.3,8002.8,16218.9,2047.9,2048.0,66.4,0xe0000
2026-08-24T13:34:09.838742+00:00,4.08,4.14,101.9,8003.6,16218.9,2047.9,2048.0,67.5,0xe0000
2026-08-24T13:34:19.845079+00:00,4.06,4.14,101.6,8005.9,16218.9,2047.9,2048.0,68.1,0xe0000
2026-08-24T13:34:29.852162+00:00,4.05,4.13,101.4,8007.3,16218.9,2047.9,2048.0,67.5,0xe0000
2026-08-24T13:34:39.857413+00:00,4.05,4.13,101.1,8001.8,16218.9,2047.9,2048.0,66.4,0xe0000
2026-08-24T13:34:49.864769+00:00,4.11,4.14,102.8,8000.7,16218.9,2047.9,2048.0,67.5,0xe0000
2026-08-24T13:34:59.873251+00:00,4.09,4.14,102.4,8002.2,16218.9,2047.9,2048.0,67.5,0xe0000
2026-08-24T13:35:09.879575+00:00,4.08,4.13,102.0,8004.0,16218.9,2047.9,2048.0,67.5,0xe0000
2026-08-24T13:35:19.885438+00:00,4.07,4.13,101.7,8000.8,16218.9,2047.9,2048.0,66.4,0xe0000
2026-08-24T13:35:29.892961+00:00,4.13,4.14,103.3,8003.0,16218.9,2047.9,2048.0,68.1,0xe0000
2026-08-24T13:35:39.898817+00:00,4.11,4.13,102.7,8002.9,16218.9,2047.9,2048.0,67.0,0xe0000
2026-08-24T13:35:49.907803+00:00,4.09,4.13,102.3,7999.9,16218.9,2047.9,2048.0,68.1,0xe0000
2026-08-24T13:35:59.918543+00:00,4.08,4.12,101.9,7999.2,16218.9,2047.9,2048.0,67.5,0xe0000
2026-08-24T13:36:09.924021+00:00,4.07,4.12,101.6,8001.1,16218.9,2047.9,2048.0,67.0,0xe0000
2026-08-24T13:36:19.930711+00:00,4.06,4.12,101.4,8007.2,16218.9,2047.9,2048.0,68.1,0xe0000
2026-08-24T13:36:29.938882+00:00,4.05,4.11,101.1,8007.1,16218.9,2047.9,2048.0,67.5,0xe0000
2026-08-24T13:36:39.945250+00:00,4.04,4.11,101.0,8011.2,16218.9,2047.9,2048.0,67.5,0xe0000
2026-08-24T13:36:49.950794+00:00,4.11,4.12,102.8,8012.2,16218.9,2047.9,2048.0,68.1,0xe0000
2026-08-24T13:36:59.956169+00:00,4.1,4.12,102.4,8009.9,16218.9,2047.9,2048.0,66.4,0xe0000
2026-08-24T13:37:09.966674+00:00,4.08,4.11,102.0,8009.6,16218.9,2047.9,2048.0,68.1,0xe0000
2026-08-24T13:37:19.973998+00:00,4.07,4.11,101.7,8010.3,16218.9,2047.9,2048.0,67.0,0xe0000
2026-08-24T13:37:29.979457+00:00,4.14,4.12,103.4,8011.8,16218.9,2047.9,2048.0,66.4,0xe0000
2026-08-24T13:37:39.990755+00:00,4.12,4.12,102.9,8013.4,16218.9,2047.9,2048.0,67.0,0xe0000
2026-08-24T13:37:49.996182+00:00,4.1,4.11,102.4,8012.0,16218.9,2047.9,2048.0,66.4,0xe0000
2026-08-24T13:38:00.001983+00:00,4.24,4.14,105.9,8007.9,16218.9,2047.9,2048.0,66.4,0xe0000
2026-08-24T13:38:10.008303+00:00,4.28,4.15,107.0,8008.4,16218.9,2047.9,2048.0,67.5,0xe0000
2026-08-24T13:38:20.018632+00:00,4.24,4.15,105.9,8016.6,16218.9,2047.9,2048.0,65.9,0xe0000
2026-08-24T13:38:30.024662+00:00,4.2,4.14,105.0,8012.7,16218.9,2047.9,2048.0,67.5,0xe0000
2026-08-24T13:38:40.030129+00:00,4.17,4.14,104.2,8007.4,16218.9,2047.9,2048.0,68.1,0xe0000
2026-08-24T13:38:50.035973+00:00,4.14,4.13,103.6,8014.5,16218.9,2047.9,2048.0,68.6,0xe0000
2026-08-24T13:39:00.047761+00:00,4.12,4.13,103.0,8009.3,16218.9,2047.9,2048.0,68.1,0xe0000
2026-08-24T13:39:10.058994+00:00,4.1,4.12,102.5,8006.7,16218.9,2047.9,2048.0,68.1,0xe0000
2026-08-24T13:39:20.063346+00:00,4.08,4.12,102.1,8011.1,16218.9,2047.9,2048.0,68.6,0xe0000
2026-08-24T13:39:30.069536+00:00,4.07,4.11,101.8,8011.4,16218.9,2047.9,2048.0,66.4,0xe0000
2026-08-24T13:39:40.075205+00:00,4.06,4.11,101.5,8010.5,16218.9,2047.9,2048.0,68.1,0xe0000
2026-08-24T13:39:50.081181+00:00,4.05,4.11,101.3,8010.8,16218.9,2047.9,2048.0,67.5,0xe0000
2026-08-24T13:40:00.087546+00:00,4.04,4.1,101.1,8015.8,16218.9,2047.9,2048.0,67.0,0xe0000
2026-08-24T13:40:10.093057+00:00,4.11,4.12,102.7,8014.0,16218.9,2047.9,2048.0,68.1,0xe0000
2026-08-24T13:40:20.101025+00:00,4.09,4.11,102.3,8022.2,16218.9,2047.9,2048.0,67.5,0xe0000
2026-08-24T13:40:30.107249+00:00,4.08,4.11,101.9,8014.7,16218.9,2047.9,2048.0,67.0,0xe0000
2026-08-24T13:40:40.114397+00:00,4.14,4.12,103.5,8008.8,16218.9,2047.9,2048.0,68.1,0xe0000
2026-08-24T13:40:50.121546+00:00,4.12,4.12,102.9,8010.8,16218.9,2047.9,2048.0,67.5,0xe0000
2026-08-24T13:41:00.127316+00:00,4.1,4.11,102.5,8010.3,16218.9,2047.9,2048.0,68.1,0xe0000
2026-08-24T13:41:10.134308+00:00,4.16,4.12,103.9,8012.1,16218.9,2047.9,2048.0,67.5,0xe0000
2026-08-24T13:41:20.140078+00:00,4.13,4.12,103.3,8010.8,16218.9,2047.9,2048.0,67.5,0xe0000
2026-08-24T13:41:30.150663+00:00,4.11,4.11,102.8,8013.3,16218.9,2047.9,2048.0,67.5,0xe0000
2026-08-24T13:41:40.156247+00:00,4.25,4.14,106.2,8015.4,16218.9,2047.9,2048.0,67.0,0xe0000
2026-08-24T13:41:50.165447+00:00,4.21,4.14,105.2,8007.9,16218.9,2047.9,2048.0,67.5,0xe0000
2026-08-24T13:42:00.171770+00:00,4.26,4.15,106.4,8013.0,16218.9,2047.9,2048.0,67.5,0xe0000
2026-08-24T13:42:10.181570+00:00,4.22,4.15,105.4,8012.3,16218.9,2047.9,2048.0,68.1,0xe0000
2026-08-24T13:42:20.190851+00:00,4.26,4.16,106.4,8009.5,16218.9,2047.9,2048.0,67.5,0xe0000
2026-08-24T13:42:30.196399+00:00,4.22,4.15,105.4,8013.2,16218.9,2047.9,2048.0,68.1,0xe0000
2026-08-24T13:42:40.205820+00:00,4.18,4.15,104.6,8012.0,16218.9,2047.9,2048.0,67.5,0xe0000
2026-08-24T13:42:50.212520+00:00,4.16,4.14,103.9,8013.6,16218.9,2047.9,2048.0,68.1,0xe0000
2026-08-24T13:43:00.218189+00:00,4.13,4.14,103.3,8014.7,16218.9,2047.9,2048.0,66.4,0xe0000
2026-08-24T13:43:10.224330+00:00,4.11,4.13,102.8,8015.9,16218.9,2047.9,2048.0,67.0,0xe0000
2026-08-24T13:43:20.229852+00:00,4.17,4.14,104.2,8011.7,16218.9,2047.9,2048.0,67.5,0xe0000
2026-08-24T13:43:30.237370+00:00,4.14,4.14,103.5,8013.5,16218.9,2047.9,2048.0,68.1,0xe0000
2026-08-24T13:43:40.244218+00:00,4.12,4.13,103.0,8013.8,16218.9,2047.9,2048.0,67.5,0xe0000
2026-08-24T13:43:50.249662+00:00,4.1,4.13,102.5,8014.9,16218.9,2047.9,2048.0,68.1,0xe0000
2026-08-24T13:44:00.254852+00:00,4.08,4.12,102.1,8014.1,16218.9,2047.9,2048.0,67.0,0xe0000
2026-08-24T13:44:10.260324+00:00,4.07,4.12,101.8,8020.1,16218.9,2047.9,2048.0,68.1,0xe0000
2026-08-24T13:44:20.270863+00:00,4.06,4.11,101.5,8013.2,16218.9,2047.9,2048.0,67.5,0xe0000
2026-08-24T13:44:30.275540+00:00,4.05,4.11,101.3,8013.0,16218.9,2047.9,2048.0,67.5,0xe0000
2026-08-24T13:44:40.281047+00:00,4.12,4.12,103.1,8016.7,16218.9,2047.9,2048.0,68.1,0xe0000
2026-08-24T13:44:50.287322+00:00,4.1,4.12,102.6,8015.6,16218.9,2047.9,2048.0,68.1,0xe0000
2026-08-24T13:45:00.298819+00:00,4.09,4.11,102.2,8013.7,16218.9,2047.9,2048.0,68.1,0xe0000
2026-08-24T13:45:10.309275+00:00,4.07,4.11,101.8,8013.3,16218.9,2047.9,2048.0,68.1,0xe0000
2026-08-24T13:45:20.317057+00:00,4.06,4.11,101.5,8013.3,16218.9,2047.9,2048.0,68.1,0xe0000
2026-08-24T13:45:30.326875+00:00,4.13,4.12,103.3,8052.8,16218.9,2047.9,2048.0,68.6,0xe0000
2026-08-24T13:45:40.332956+00:00,4.11,4.12,102.8,8040.0,16218.9,2047.9,2048.0,67.5,0xe0000
2026-08-24T13:45:50.339914+00:00,4.09,4.11,102.3,8040.7,16218.9,2047.9,2048.0,67.5,0xe0000
2026-08-24T13:46:00.345363+00:00,4.08,4.11,102.0,8036.8,16218.9,2047.9,2048.0,68.6,0xe0000
2026-08-24T13:46:10.352988+00:00,4.14,4.12,103.5,8034.0,16218.9,2047.9,2048.0,67.0,0xe0000
2026-08-24T13:46:20.359809+00:00,4.12,4.12,103.0,8031.6,16218.9,2047.9,2048.0,67.0,0xe0000
2026-08-24T13:46:30.365564+00:00,4.18,4.13,104.5,8029.3,16218.9,2047.9,2048.0,67.0,0xe0000
2026-08-24T13:46:40.371301+00:00,4.15,4.12,103.8,8028.0,16218.9,2047.9,2048.0,66.4,0xe0000
2026-08-24T13:46:50.378876+00:00,4.13,4.12,103.2,8030.2,16218.9,2047.9,2048.0,68.1,0xe0000
2026-08-24T13:47:00.385456+00:00,4.11,4.11,102.7,8031.0,16218.9,2047.9,2048.0,68.1,0xe0000
2026-08-24T13:47:10.390955+00:00,4.09,4.11,102.3,8030.8,16218.9,2047.9,2048.0,67.5,0xe0000
2026-08-24T13:47:20.399622+00:00,4.08,4.11,101.9,8030.4,16218.9,2047.9,2048.0,68.1,0xe0000
2026-08-24T13:47:30.405457+00:00,4.06,4.1,101.6,8033.1,16218.9,2047.9,2048.0,68.6,0xe0000
2026-08-24T13:47:40.410988+00:00,4.05,4.1,101.4,8030.7,16218.9,2047.9,2048.0,67.0,0xe0000
2026-08-24T13:47:50.417461+00:00,4.05,4.09,101.1,8031.1,16218.9,2047.9,2048.0,67.0,0xe0000
2026-08-24T13:48:00.423089+00:00,4.04,4.09,101.0,8032.4,16218.9,2047.9,2048.0,66.4,0xe0000
2026-08-24T13:48:10.428434+00:00,4.03,4.09,100.8,8031.9,16218.9,2047.9,2048.0,67.5,0xe0000
2026-08-24T13:48:20.432870+00:00,4.03,4.08,100.7,8030.0,16218.9,2047.9,2048.0,67.5,0xe0000
2026-08-24T13:48:30.442912+00:00,4.02,4.08,100.5,8030.6,16218.9,2047.9,2048.0,67.0,0xe0000
2026-08-24T13:48:40.453693+00:00,4.02,4.08,100.5,8032.6,16218.9,2047.9,2048.0,65.9,0xe0000
2026-08-24T13:48:50.461553+00:00,4.02,4.08,100.4,8032.6,16218.9,2047.9,2048.0,65.3,0xe0000
2026-08-24T13:49:00.474710+00:00,4.01,4.07,100.3,8031.2,16218.9,2047.9,2048.0,66.4,0xe0000
2026-08-24T13:49:10.481296+00:00,4.08,4.09,102.1,8033.2,16218.9,2047.9,2048.0,68.1,0xe0000
2026-08-24T13:49:20.486757+00:00,4.07,4.08,101.8,8033.0,16218.9,2047.9,2048.0,67.5,0xe0000
2026-08-24T13:49:30.492185+00:00,4.06,4.08,101.5,8031.6,16218.9,2047.9,2048.0,68.1,0xe0000
2026-08-24T13:49:40.498082+00:00,4.2,4.11,105.1,8033.2,16218.9,2047.9,2048.0,67.5,0xe0000
2026-08-24T13:49:50.508148+00:00,4.25,4.12,106.3,8033.3,16218.9,2047.9,2048.0,68.1,0xe0000
2026-08-24T13:50:00.515140+00:00,4.21,4.12,105.3,8034.2,16218.9,2047.9,2048.0,68.1,0xe0000
2026-08-24T13:50:10.520586+00:00,4.42,4.17,110.4,8033.0,16218.9,2047.9,2048.0,68.1,0xe0000
2026-08-24T13:50:20.525584+00:00,4.35,4.16,108.8,8033.8,16218.9,2047.9,2048.0,68.1,0xe0000
2026-08-24T13:50:30.531119+00:00,4.3,4.15,107.4,8033.9,16218.9,2047.9,2048.0,67.5,0xe0000
2026-08-24T13:50:40.538618+00:00,4.25,4.15,106.3,8033.4,16218.9,2047.9,2048.0,67.0,0xe0000
2026-08-24T13:50:50.549725+00:00,4.29,4.16,107.3,8036.0,16218.9,2047.9,2048.0,66.4,0xe0000
2026-08-24T13:51:00.557648+00:00,4.25,4.15,106.2,8035.1,16218.9,2047.9,2048.0,68.1,0xe0000
2026-08-24T13:51:10.564687+00:00,4.21,4.15,105.2,8035.6,16218.9,2047.9,2048.0,66.4,0xe0000
2026-08-24T13:51:20.568637+00:00,4.26,4.16,106.4,8040.0,16218.9,2047.9,2048.0,68.1,0xe0000
2026-08-24T13:51:30.574217+00:00,4.22,4.15,105.4,8036.5,16218.9,2047.9,2048.0,67.5,0xe0000
2026-08-24T13:51:40.580530+00:00,4.18,4.15,104.6,8034.7,16218.9,2047.9,2048.0,67.5,0xe0000
2026-08-24T13:51:50.585661+00:00,4.15,4.14,103.9,8033.8,16218.9,2047.9,2048.0,67.5,0xe0000
2026-08-24T13:52:00.593338+00:00,4.13,4.14,103.2,8033.0,16218.9,2047.9,2048.0,67.5,0xe0000
2026-08-24T13:52:10.599265+00:00,4.11,4.13,102.7,8035.1,16218.9,2047.9,2048.0,67.5,0xe0000
2026-08-24T13:52:20.605022+00:00,4.09,4.13,102.3,8037.3,16218.9,2047.9,2048.0,67.0,0xe0000
2026-08-24T13:52:30.615176+00:00,4.08,4.12,101.9,8038.8,16218.9,2047.9,2048.0,67.5,0xe0000
2026-08-24T13:52:40.621047+00:00,4.07,4.12,101.6,8036.4,16218.9,2047.9,2048.0,68.1,0xe0000
2026-08-24T13:52:50.626776+00:00,4.14,4.13,103.4,8034.5,16218.9,2047.9,2048.0,67.5,0xe0000
2026-08-24T13:53:00.632651+00:00,4.11,4.13,102.9,8036.2,16218.9,2047.9,2048.0,68.1,0xe0000
2026-08-24T13:53:10.637411+00:00,4.1,4.12,102.4,8037.1,16218.9,2047.9,2048.0,68.1,0xe0000
2026-08-24T13:53:20.643372+00:00,4.16,4.13,104.0,8035.6,16218.9,2047.9,2048.0,67.5,0xe0000
2026-08-24T13:53:30.649956+00:00,4.14,4.13,103.4,8041.1,16218.9,2047.9,2048.0,68.6,0xe0000
2026-08-24T13:53:40.655781+00:00,4.2,4.14,104.9,8041.3,16218.9,2047.9,2048.0,67.5,0xe0000
2026-08-24T13:53:50.662878+00:00,4.16,4.14,104.1,8039.0,16218.9,2047.9,2048.0,68.1,0xe0000
2026-08-24T13:54:00.671281+00:00,4.14,4.13,103.5,8036.1,16218.9,2047.9,2048.0,67.5,0xe0000
2026-08-24T13:54:10.679912+00:00,4.12,4.13,102.9,8034.8,16218.9,2047.9,2048.0,68.1,0xe0000
2026-08-24T13:54:20.685923+00:00,4.1,4.12,102.5,8034.5,16218.9,2047.9,2048.0,68.1,0xe0000
2026-08-24T13:54:30.694722+00:00,4.08,4.12,102.1,8039.0,16218.9,2047.9,2048.0,68.1,0xe0000
2026-08-24T13:54:40.700720+00:00,4.07,4.11,101.8,8033.7,16218.9,2047.9,2048.0,67.0,0xe0000
2026-08-24T13:54:50.708700+00:00,4.13,4.12,103.3,8031.7,16218.9,2047.9,2048.0,67.5,0xe0000
2026-08-24T13:55:00.715441+00:00,4.11,4.12,102.8,8033.2,16218.9,2047.9,2048.0,68.1,0xe0000
2026-08-24T13:55:10.727999+00:00,4.09,4.12,102.4,8033.9,16218.9,2047.9,2048.0,68.1,0xe0000
2026-08-24T13:55:20.734018+00:00,4.15,4.13,103.8,8035.4,16218.9,2047.9,2048.0,68.1,0xe0000
2026-08-24T13:55:30.741324+00:00,4.13,4.12,103.2,8034.1,16218.9,2047.9,2048.0,67.5,0xe0000
2026-08-24T13:55:40.749498+00:00,4.11,4.12,102.7,8033.8,16218.9,2047.9,2048.0,67.5,0xe0000
2026-08-24T13:55:50.757460+00:00,4.17,4.13,104.2,8037.0,16218.9,2047.9,2048.0,67.5,0xe0000
2026-08-24T13:56:00.764169+00:00,4.14,4.13,103.5,8033.9,16218.9,2047.9,2048.0,68.1,0xe0000
2026-08-24T13:56:10.770263+00:00,4.19,4.14,104.8,8034.7,16218.9,2047.9,2048.0,68.1,0xe0000
2026-08-24T13:56:20.776163+00:00,4.24,4.15,105.9,8037.5,16218.9,2047.9,2048.0,68.1,0xe0000
2026-08-24T13:56:30.782599+00:00,4.2,4.14,105.0,8038.6,16218.9,2047.9,2048.0,68.1,0xe0000
2026-08-24T13:56:40.790088+00:00,4.17,4.14,104.2,8040.6,16218.9,2047.9,2048.0,68.1,0xe0000
2026-08-24T13:56:50.794888+00:00,4.14,4.13,103.6,8041.8,16218.9,2047.9,2048.0,67.5,0xe0000
2026-08-24T13:57:00.804655+00:00,4.27,4.16,106.9,8042.6,16218.9,2047.9,2048.0,68.1,0xe0000
2026-08-24T13:57:10.812154+00:00,4.23,4.16,105.8,8039.4,16218.9,2047.9,2048.0,68.1,0xe0000
2026-08-24T13:57:20.819131+00:00,4.2,4.15,104.9,8039.6,16218.9,2047.9,2048.0,66.4,0xe0000
2026-08-24T13:57:30.827980+00:00,4.17,4.15,104.1,8042.7,16218.9,2047.9,2048.0,68.1,0xe0000
2026-08-24T13:57:40.835076+00:00,4.14,4.14,103.5,8040.0,16218.9,2047.9,2048.0,67.5,0xe0000
2026-08-24T13:57:50.840507+00:00,4.12,4.14,102.9,8042.3,16218.9,2047.9,2048.0,67.5,0xe0000
2026-08-24T13:58:00.850367+00:00,4.1,4.13,102.5,8041.1,16218.9,2047.9,2048.0,67.0,0xe0000
2026-08-24T13:58:10.854887+00:00,4.16,4.14,104.1,8038.2,16218.9,2047.9,2048.0,68.1,0xe0000
2026-08-24T13:58:20.861395+00:00,4.14,4.14,103.5,8041.9,16218.9,2047.9,2048.0,67.5,0xe0000
2026-08-24T13:58:30.867119+00:00,4.12,4.13,102.9,8040.4,16218.9,2047.9,2048.0,68.1,0xe0000
2026-08-24T13:58:40.872685+00:00,4.1,4.13,102.5,8043.1,16218.9,2047.9,2048.0,67.5,0xe0000
2026-08-24T13:58:50.879330+00:00,4.08,4.12,102.1,8039.2,16218.9,2047.9,2048.0,68.1,0xe0000
2026-08-24T13:59:00.885429+00:00,4.07,4.12,101.7,8037.5,16218.9,2047.9,2048.0,67.5,0xe0000
2026-08-24T13:59:10.896491+00:00,4.21,4.15,105.3,8041.9,16218.9,2047.9,2048.0,68.1,0xe0000
2026-08-24T13:59:20.905400+00:00,4.18,4.14,104.5,8039.2,16218.9,2047.9,2048.0,68.1,0xe0000
2026-08-24T13:59:30.910834+00:00,4.15,4.14,103.8,8038.5,16218.9,2047.9,2048.0,66.4,0xe0000
2026-08-24T13:59:40.916594+00:00,4.13,4.13,103.2,8041.2,16218.9,2047.9,2048.0,68.1,0xe0000
2026-08-24T13:59:50.923632+00:00,4.11,4.13,102.7,8038.7,16218.9,2047.9,2048.0,68.1,0xe0000
2026-08-24T14:00:00.930581+00:00,4.09,4.12,102.3,8040.8,16218.9,2047.9,2048.0,68.1,0xe0000
2026-08-24T14:00:10.940037+00:00,4.16,4.14,103.9,8041.5,16218.9,2047.9,2048.0,67.0,0xe0000
2026-08-24T14:00:20.950571+00:00,4.13,4.13,103.3,8040.4,16218.9,2047.9,2048.0,67.0,0xe0000
2026-08-24T14:00:30.955277+00:00,4.11,4.13,102.8,8039.3,16218.9,2047.9,2048.0,68.1,0xe0000
2026-08-24T14:00:41.060779+00:00,4.09,4.12,102.4,8040.7,16218.9,2047.9,2048.0,68.1,0xe0000
2026-08-24T14:00:51.066463+00:00,4.08,4.12,102.0,8038.3,16218.9,2047.9,2048.0,68.1,0xe0000
2026-08-24T14:01:01.074602+00:00,4.15,4.13,103.7,8042.2,16218.9,2047.9,2048.0,68.1,0xe0000
2026-08-24T14:01:11.081109+00:00,4.2,4.14,105.1,8040.2,16218.9,2047.9,2048.0,68.6,0xe0000
2026-08-24T14:01:21.086803+00:00,4.17,4.14,104.3,8042.6,16218.9,2047.9,2048.0,68.1,0xe0000
2026-08-24T14:01:31.093929+00:00,4.15,4.13,103.6,8041.3,16218.9,2047.9,2048.0,67.5,0xe0000
2026-08-24T14:01:41.103281+00:00,4.2,4.14,104.9,8038.5,16218.9,2047.8,2048.0,67.5,0xe0000
2026-08-24T14:01:51.109920+00:00,4.17,4.14,104.2,8039.2,16218.9,2047.8,2048.0,67.0,0xe0000
2026-08-24T14:02:01.116177+00:00,4.14,4.13,103.5,8039.1,16218.9,2047.8,2048.0,67.5,0xe0000
2026-08-24T14:02:11.122675+00:00,4.19,4.15,104.8,8041.0,16218.9,2047.8,2048.0,68.1,0xe0000
2026-08-24T14:02:21.133470+00:00,4.16,4.14,104.1,8043.1,16218.9,2047.8,2048.0,68.1,0xe0000
2026-08-24T14:02:31.140149+00:00,4.14,4.14,103.4,8040.2,16218.9,2047.8,2048.0,67.5,0xe0000
2026-08-24T14:02:41.145684+00:00,4.12,4.13,102.9,8042.0,16218.9,2047.8,2048.0,68.1,0xe0000
2026-08-24T14:02:51.151371+00:00,4.17,4.14,104.3,8041.6,16218.9,2047.8,2048.0,68.1,0xe0000
2026-08-24T14:03:01.157004+00:00,4.3,4.17,107.5,8041.3,16218.9,2047.8,2048.0,68.1,0xe0000
2026-08-24T14:03:11.161667+00:00,4.25,4.17,106.3,8040.8,16218.9,2047.8,2048.0,67.5,0xe0000
2026-08-24T14:03:21.170837+00:00,4.21,4.16,105.3,8040.1,16218.9,2047.8,2048.0,68.1,0xe0000
2026-08-24T14:03:31.178956+00:00,4.26,4.17,106.5,8040.4,16218.9,2047.8,2048.0,68.6,0xe0000
2026-08-24T14:03:41.187268+00:00,4.22,4.17,105.5,8042.6,16218.9,2047.8,2048.0,67.0,0xe0000
2026-08-24T14:03:51.192687+00:00,4.27,4.18,106.6,8039.9,16218.9,2047.8,2048.0,67.0,0xe0000
2026-08-24T14:04:01.198526+00:00,4.3,4.19,107.6,8037.7,16218.9,2047.8,2048.0,68.1,0xe0000
2026-08-24T14:04:11.206645+00:00,4.26,4.18,106.4,8037.3,16218.9,2047.8,2048.0,68.1,0xe0000
2026-08-24T14:04:21.215049+00:00,4.22,4.17,105.4,8040.1,16218.9,2047.8,2048.0,68.1,0xe0000
2026-08-24T14:04:31.221581+00:00,4.18,4.17,104.6,8041.0,16218.9,2047.8,2048.0,68.1,0xe0000
2026-08-24T14:04:41.228811+00:00,4.16,4.16,103.9,8041.6,16218.9,2047.8,2048.0,68.1,0xe0000
2026-08-24T14:04:51.234710+00:00,4.21,4.17,105.1,8041.3,16218.9,2047.8,2048.0,67.5,0xe0000
2026-08-24T14:05:01.244048+00:00,4.17,4.17,104.3,8039.9,16218.9,2047.8,2048.0,67.5,0xe0000
2026-08-24T14:05:11.253387+00:00,4.15,4.16,103.6,8040.4,16218.9,2047.8,2048.0,68.1,0xe0000
2026-08-24T14:05:21.261713+00:00,4.12,4.16,103.1,8039.6,16218.9,2047.8,2048.0,67.5,0xe0000
2026-08-24T14:05:31.266931+00:00,4.1,4.15,102.6,8036.9,16218.9,2047.8,2048.0,68.1,0xe0000
2026-08-24T14:05:41.271365+00:00,4.09,4.14,102.2,8040.5,16218.9,2047.8,2048.0,67.5,0xe0000
2026-08-24T14:05:51.276367+00:00,4.15,4.16,103.7,8037.9,16218.9,2047.8,2048.0,68.1,0xe0000
2026-08-24T14:06:01.307190+00:00,4.12,4.15,103.1,8040.4,16218.9,2047.8,2048.0,68.1,0xe0000
2026-08-24T14:06:11.312454+00:00,4.1,4.14,102.6,8039.0,16218.9,2047.8,2048.0,67.5,0xe0000
2026-08-24T14:06:21.317912+00:00,4.24,4.17,105.9,8038.0,16218.9,2047.8,2048.0,68.1,0xe0000
2026-08-24T14:06:31.325421+00:00,4.2,4.17,105.0,8039.0,16218.9,2047.8,2048.0,68.1,0xe0000
2026-08-24T14:06:41.332103+00:00,4.17,4.16,104.2,8037.5,16218.9,2047.8,2048.0,67.5,0xe0000
2026-08-24T14:06:51.337624+00:00,4.14,4.16,103.5,8038.0,16218.9,2047.8,2048.0,68.1,0xe0000
2026-08-24T14:07:01.343546+00:00,4.12,4.15,103.0,8040.3,16218.9,2047.8,2048.0,68.6,0xe0000
2026-08-24T14:07:11.350160+00:00,4.1,4.14,102.5,8038.7,16218.9,2047.8,2048.0,68.1,0xe0000
2026-08-24T14:07:21.358195+00:00,4.17,4.16,104.1,8037.8,16218.9,2047.8,2048.0,67.5,0xe0000
2026-08-24T14:07:31.365136+00:00,4.21,4.17,105.3,8038.9,16218.9,2047.8,2048.0,66.4,0xe0000
2026-08-24T14:07:41.372461+00:00,4.18,4.16,104.5,8039.8,16218.9,2047.8,2048.0,66.4,0xe0000
2026-08-24T14:07:51.378790+00:00,4.3,4.19,107.5,8038.5,16218.9,2047.8,2048.0,68.6,0xe0000
2026-08-24T14:08:01.386852+00:00,4.25,4.18,106.3,8038.1,16218.9,2047.8,2048.0,68.1,0xe0000
2026-08-24T14:08:11.394988+00:00,4.21,4.18,105.3,8040.4,16218.9,2047.8,2048.0,68.1,0xe0000
2026-08-24T14:08:21.400840+00:00,4.18,4.17,104.5,8039.0,16218.9,2047.8,2048.0,67.5,0xe0000
2026-08-24T14:08:31.407189+00:00,4.23,4.18,105.8,8038.8,16218.9,2047.8,2048.0,69.2,0xe0000
2026-08-24T14:08:41.413255+00:00,4.2,4.17,104.9,8039.7,16218.9,2047.8,2048.0,68.1,0xe0000
2026-08-24T14:08:51.420221+00:00,4.24,4.18,106.0,8039.6,16218.9,2047.8,2048.0,68.1,0xe0000
2026-08-24T14:09:01.425825+00:00,4.2,4.18,105.0,8041.9,16218.9,2047.8,2048.0,67.5,0xe0000
2026-08-24T14:09:11.434514+00:00,4.17,4.17,104.2,8041.7,16218.9,2047.8,2048.0,67.5,0xe0000
2026-08-24T14:09:21.441429+00:00,4.14,4.17,103.6,8042.3,16218.9,2047.8,2048.0,68.6,0xe0000
2026-08-24T14:09:31.450930+00:00,4.12,4.16,103.0,8041.6,16218.9,2047.8,2048.0,68.1,0xe0000
2026-08-24T14:09:41.456795+00:00,4.1,4.15,102.6,8043.5,16218.9,2047.8,2048.0,68.1,0xe0000
2026-08-24T14:09:51.463461+00:00,4.09,4.15,102.1,8045.0,16218.9,2047.8,2048.0,67.0,0xe0000
2026-08-24T14:10:01.473355+00:00,4.07,4.14,101.8,8045.9,16218.9,2047.8,2048.0,68.1,0xe0000
2026-08-24T14:10:11.479791+00:00,4.06,4.14,101.5,8075.2,16218.9,2047.8,2048.0,66.4,0xe0000
2026-08-24T14:10:21.488311+00:00,4.12,4.15,103.1,8065.5,16218.9,2047.8,2048.0,65.9,0xe0000
2026-08-24T14:10:31.498753+00:00,4.11,4.14,102.6,8060.6,16218.9,2047.8,2048.0,65.9,0xe0000
2026-08-24T14:10:41.505488+00:00,4.09,4.14,102.2,8057.4,16218.9,2047.8,2048.0,66.4,0xe0000
2026-08-24T14:10:51.510894+00:00,4.07,4.13,101.9,8057.6,16218.9,2047.8,2048.0,67.5,0xe0000
2026-08-24T14:11:01.520745+00:00,4.06,4.13,101.6,8059.6,16218.9,2047.8,2048.0,67.5,0xe0000
2026-08-24T14:11:11.526548+00:00,4.05,4.12,101.3,8055.0,16218.9,2047.8,2048.0,68.1,0xe0000
2026-08-24T14:11:21.532389+00:00,4.04,4.12,101.1,8056.3,16218.9,2047.8,2048.0,67.5,0xe0000
2026-08-24T14:11:31.542690+00:00,4.12,4.13,102.9,8056.8,16218.9,2047.8,2048.0,67.0,0xe0000
2026-08-24T14:11:41.549042+00:00,4.1,4.13,102.5,8058.8,16218.9,2047.8,2048.0,67.5,0xe0000
2026-08-24T14:11:51.556304+00:00,4.16,4.14,104.1,8058.9,16218.9,2047.8,2048.0,68.1,0xe0000
2026-08-24T14:12:01.561017+00:00,4.14,4.13,103.5,8058.0,16218.9,2047.8,2048.0,67.5,0xe0000
2026-08-24T14:12:11.566539+00:00,4.12,4.13,102.9,8060.1,16218.9,2047.8,2048.0,68.1,0xe0000
2026-08-24T14:12:21.574549+00:00,4.1,4.12,102.5,8059.1,16218.9,2047.8,2048.0,68.1,0xe0000
2026-08-24T14:12:31.582569+00:00,4.16,4.14,103.9,8061.7,16218.9,2047.8,2048.0,68.1,0xe0000
2026-08-24T14:12:41.591343+00:00,4.13,4.13,103.3,8059.6,16218.9,2047.8,2048.0,60.9,0xe0000
2026-08-24T14:12:51.594773+00:00,3.73,4.05,93.3,7228.0,16218.9,2011.3,2048.0,59.3,0xe0000
2026-08-24T14:13:01.598332+00:00,3.31,3.94,82.8,7608.1,16218.9,2011.3,2048.0,58.7,0xe0000
2026-08-24T14:13:11.606311+00:00,3.04,3.86,75.9,8020.6,16218.9,2048.0,2048.0,58.7,0xe0000
2026-08-24T14:13:21.612655+00:00,2.72,3.77,68.0,8514.5,16218.9,2048.0,2048.0,58.2,0xe0000
2026-08-24T14:13:31.616151+00:00,2.46,3.68,61.4,8840.7,16218.9,2048.0,2048.0,57.6,0xe0000
2026-08-24T14:13:41.620666+00:00,2.23,3.59,55.8,9321.4,16218.9,2048.0,2048.0,55.4,0xe0000
2026-08-24T14:13:51.625010+00:00,2.04,3.5,51.1,9849.8,16218.9,2048.0,2048.0,57.1,0xe0000
2026-08-24T14:14:01.628843+00:00,1.88,3.42,47.0,10328.1,16218.9,2048.0,2048.0,57.1,0xe0000
2026-08-24T14:14:11.632829+00:00,1.75,3.34,43.6,10604.1,16218.9,2048.0,2048.0,56.5,0xe0000
2026-08-24T14:14:21.637033+00:00,1.63,3.26,40.8,11310.9,16218.9,2048.0,2048.0,56.5,0xe0000
2026-08-24T14:14:31.640687+00:00,1.53,3.19,38.3,11450.3,16218.9,2048.0,2048.0,55.4,0xe0000
2026-08-24T14:14:41.644164+00:00,1.45,3.11,36.3,12154.9,16218.9,2048.0,2048.0,56.0,0xe0000
2026-08-24T14:14:51.650808+00:00,1.38,3.04,34.5,12476.6,16218.9,2048.0,2048.0,56.0,0xe0000
2026-08-24T14:15:01.656815+00:00,1.32,2.98,33.0,12911.7,16218.9,2048.0,2048.0,56.0,0xe0000
2026-08-24T14:15:11.663573+00:00,1.27,2.91,31.8,13496.2,16218.9,2048.0,2048.0,56.5,0xe0000
2026-08-24T14:15:21.673669+00:00,1.23,2.85,30.7,13833.9,16218.9,2048.0,2048.0,54.9,0xe0000
2026-08-24T14:15:31.677990+00:00,1.19,2.79,29.9,14065.6,16218.9,2048.0,2048.0,55.4,0xe0000
2026-08-24T14:15:41.694221+00:00,1.16,2.73,29.1,14745.8,16218.9,2048.0,2048.0,55.4,0xe0000
2026-08-24T14:15:51.712088+00:00,1.14,2.67,28.5,15317.1,16218.9,2048.0,2048.0,54.3,0xe0000
2026-08-24T14:16:01.721658+00:00,1.12,2.62,27.9,15574.8,16218.9,2048.0,2048.0,54.9,0xe0000
2026-08-24T14:16:11.734367+00:00,1.1,2.56,27.5,15683.7,16218.9,2048.0,2048.0,54.3,0xe0000
2026-08-24T14:16:25.921372+00:00,1.08,2.51,27.1,16133.0,16218.9,2048.0,2048.0,54.3,0xe0000
2026-08-24T14:16:38.833815+00:00,2.78,2.81,69.6,16139.1,16218.9,2048.0,2048.0,51.6,0xe0000
2026-08-24T14:16:54.748796+00:00,4.38,3.18,109.4,16153.6,16218.9,2048.0,2048.0,51.0,0xe0000
2026-08-24T14:18:05.221924+00:00,5.63,3.51,140.9,16145.3,16218.9,2048.0,2048.0,50.5,
2026-08-24T14:19:45.813566+00:00,21.06,9.38,526.5,16150.8,16218.9,2047.9,2048.0,,
